ID_IMPORTADOR,ID_EMPRESA_GLOBAL,RAZON_SOCIAL_FINAL,PAIS_FINAL,PAIS_ISO3,N_FILAS_ORIGEN,N_VARIANTES_NOMBRE,SIM_MINIMA,NUM_REGISTROS_EXPORTACION,VALOR_FOB_USD_TOTAL,MOTIVO_REVISION
SINNOMBRE-000021,SINNOMBRE-000021,0,ESTADOS UNIDOS,USA,1,1,1.0,344,8812432704.27,sin_nombre_utilizable;
SINNOMBRE-000039,SINNOMBRE-000039,0,PANAMA,PAN,1,1,1.0,219,6826181527.04,sin_nombre_utilizable;
SINNOMBRE-000020,SINNOMBRE-000020,0,ESTADOS UNIDOS,USA,1,1,1.0,225,6572071855.59,sin_nombre_utilizable;
SINNOMBRE-000038,SINNOMBRE-000038,0,PANAMA,PAN,1,1,1.0,148,5283585355.62,sin_nombre_utilizable;
SINNOMBRE-000026,SINNOMBRE-000026,0,INDIA,IND,1,1,1.0,71,4217910612.16,sin_nombre_utilizable;
SINNOMBRE-000013,SINNOMBRE-000013,0,CHINA,CHN,1,1,1.0,74,3005587972.99,sin_nombre_utilizable;
USA-011529,G082088,SUNSHINE,ESTADOS UNIDOS,USA,37,18,0.8446,9159,2083376000.92,grupo_grande;cohesion_baja;
USA-005130,G024243,DILLON GAGE INC,ESTADOS UNIDOS,USA,30,13,0.8443,1385,1901850237.79,cohesion_baja;
USA-006045,G029955,ES WINDOWS L,ESTADOS UNIDOS,USA,52,36,0.8455,27972,1878376596.69,grupo_grande;cohesion_baja;
USA-010455,G051315,KEYBRICK CORP A/C STONEX COMMODITIES DMCC,ESTADOS UNIDOS,USA,17,8,0.8619,2025,1335638908.31,cohesion_baja;
USA-016847,G081157,STARBUCKS MANUFACTURING CORP,ESTADOS UNIDOS,USA,21,13,0.8414,3208,1287328251.42,cohesion_baja;
SINNOMBRE-000044,SINNOMBRE-000044,0,PUERTO RICO,PRI,1,1,1.0,72,1137083733.59,sin_nombre_utilizable;
SINNOMBRE-000019,SINNOMBRE-000019,0,ESPANA,ESP,1,1,1.0,17,1042591856.74,sin_nombre_utilizable;
SINNOMBRE-000005,SINNOMBRE-000005,0,"BONAIRE, SAN EUSTAQUIO Y SABA",BES,1,1,1.0,60,786923767.2,sin_nombre_utilizable;
ISR-000271,G084684,THE NATIONAL COAL SUPPLY CORPORATION LTD/GLENCORE INTERNACIO,ISRAEL,ISR,4,4,0.8546,45,715719055.48,cohesion_baja;
USA-017628,G084742,THE QUEENS FLOWERS CORP,ESTADOS UNIDOS,USA,19,8,0.8471,25449,684590032.36,cohesion_baja;
USA-005214,G025595,DOLE FRESH FRUIT COMPANY,ESTADOS UNIDOS,USA,7,4,0.8407,520,683730121.28,cohesion_baja;
SINNOMBRE-000004,SINNOMBRE-000004,0,BAHAMAS,BHS,1,1,1.0,43,666160878.75,sin_nombre_utilizable;
KOR-000483,G051848,KOREA SOUTH-EAST POWER CO. LTD/GLENCORE INTERNACIONAL AG,COREA DEL SUR,KOR,25,19,0.8589,85,666090827.54,grupo_grande;cohesion_baja;
SINNOMBRE-000014,SINNOMBRE-000014,0,COSTA DE MARFIL,CIV,1,1,1.0,16,638760142.53,sin_nombre_utilizable;
USA-014268,G067548,PASSION GROWERS LLC,ESTADOS UNIDOS,USA,18,9,0.8604,4752,624309184.3100001,cohesion_baja;
USA-013845,G065449,"Olam Americas, LLC",ESTADOS UNIDOS,USA,45,19,0.8593,2360,548879713.48,grupo_grande;cohesion_baja;
TUR-000313,G081245,STEAG POWER GMBH-GLENCORE AS AGENT,TURQUIA,TUR,8,5,0.8406,33,462832794.5,cohesion_baja;
USA-016848,G081152,STARBUCKS COFFEE COMPANY,ESTADOS UNIDOS,USA,14,10,0.8565,1085,428387561.17,cohesion_baja;
SINNOMBRE-000030,SINNOMBRE-000030,0,JAMAICA,JAM,1,1,1.0,30,425705529.04,sin_nombre_utilizable;
CHL-001028,G029376,ENGIE ENERGIA CHILE S.A./GLENCORE INTERNACIONAL AG,CHILE,CHL,5,3,0.8572,43,400694795.23,cohesion_baja;
TUR-000121,G029852,EREGLI DEMIR VE CELIK FABRIKALARI T.A.S.,TURQUIA,TUR,10,8,0.8432,50,376581537.44,cohesion_baja;
SINNOMBRE-000041,SINNOMBRE-000041,0,PAISES BAJOS,NLD,1,1,1.0,12,374631005.32,sin_nombre_utilizable;
SINNOMBRE-000023,SINNOMBRE-000023,0,ESTADOS UNIDOS,USA,1,1,1.0,15,373756670.04,sin_nombre_utilizable;
ESP-000068,G008177,AVIANCA ¿ AEROVIAS DEL CONTINENTE AMERICANO,ESPANA,ESP,23,15,0.8627,1229,371044867.03,grupo_grande;cohesion_baja;
USA-007160,G034843,FRESH FLOWER MARKETING LLP // ELITE FLOWER SERVICES INC,ESTADOS UNIDOS,USA,11,9,0.8472,3634,355298413.19,cohesion_baja;
USA-007295,G035719,"FYFFES NORTH AMERICA, INC.",ESTADOS UNIDOS,USA,17,9,0.8689,2616,354635913.38,cohesion_baja;
USA-005761,G028284,ELITE EXPORTS INTERNATIONAL INC. / ELITE FLOWER SERVICES INC,ESTADOS UNIDOS,USA,30,23,0.844,4198,332228406.71,grupo_grande;cohesion_baja;
USA-007957,G037908,GM&P Consul. and Glazing Contrac,ESTADOS UNIDOS,USA,40,22,0.8796,5833,311751525.05,grupo_grande;
CHL-000066,G001739,AES GENER S.A./GLENCORE INTERNACIONAL AG,CHILE,CHL,8,6,0.8563,43,308030305.9,cohesion_baja;
BRA-001440,G056015,M. DIAS BRANCO S/A IND. E COM. DE ALIMENTOS-DIVISAO GME,BRASIL,BRA,20,16,0.8641,92,307309816.94,grupo_grande;cohesion_baja;
IND-000390,G065657,OMGL Refinery Limited Liability,INDIA,IND,5,5,0.8597,242,304030001.64,cohesion_baja;
MAR-000054,G075902,SAFI ENERGY COMPANY S.A./GLENCORE INTERNACIONAL AG,MARRUECOS,MAR,6,5,0.8448,70,303370512.76,cohesion_baja;
TUR-000122,G029855,EREN ENERJI ELEKTRIK URETIM A.S./NOVADA COMMODITIES AG/CMC -,TURQUIA,TUR,9,9,0.8405,20,294735435.54,cohesion_baja;
MEX-000911,G018584,COMISION FEDERAL DE ELECTRICIDAD,MEXICO,MEX,4,4,0.8624,53,294349287.55,cohesion_baja;
USA-001751,G008177,AVIANCA ¿ AEROVIAS DEL CONTINENTE AMERICANO,ESTADOS UNIDOS,USA,33,22,0.8594,1564,284164873.1,grupo_grande;cohesion_baja;
BRA-002399,G087972,USINAS SIDERURGICAS DE MINAS GERAIS S.A USIMINAS,BRASIL,BRA,20,16,0.8436,37,270421895.76,grupo_grande;cohesion_baja;
GBR-000753,G054587,LISSAN COAL COMPANY (IRELAND) LIMITED,REINO UNIDO,GBR,10,5,0.8539,109,267535569.55,cohesion_baja;
SINNOMBRE-000018,SINNOMBRE-000018,0,EGIPTO,EGY,1,1,1.0,18,267192110.47,sin_nombre_utilizable;
USA-018857,G089905,VOLCAFE USA,ESTADOS UNIDOS,USA,21,13,0.8631,1101,259870249.78,cohesion_baja;
BRA-001573,G059818,"MEXICHEM TRADING COMÉRCIO, IMPORTACAO E EXPORTACAO S.A",BRASIL,BRA,12,9,0.8457,1561,255946407.34,cohesion_baja;
USA-016971,G081666,SUCAFINA NORTH AMERICA,ESTADOS UNIDOS,USA,21,14,0.8583,1808,255653864.18,cohesion_baja;
SINNOMBRE-000043,SINNOMBRE-000043,0,PERU,PER,1,1,1.0,13,249370691.06,sin_nombre_utilizable;
SINNOMBRE-000010,SINNOMBRE-000010,0,CANADA,CAN,1,1,1.0,8,237072293.92,sin_nombre_utilizable;
BEL-000408,G040835,HARGREAVES RAW MATERIAL SERVICES GMBH,BELGICA,BEL,8,4,0.847,115,232841155.81,cohesion_baja;
BRA-002039,G075475,RUBBERON INDUSTRIA COMERCIO IMPORTACAO E EXPORTACAO S.A.,BRASIL,BRA,17,14,0.8517,707,232285115.14,cohesion_baja;
ISR-000270,G084683,THE NATIONAL COAL SUPPLY CORPORATION LIMITED/CMC - COAL Mark,ISRAEL,ISR,3,3,0.8624,10,230233735.1,cohesion_baja;
USA-011321,G055220,Louis Dreyfus Company Coffee,ESTADOS UNIDOS,USA,9,5,0.8545,944,230149200.84,cohesion_baja;
BRA-002390,G087721,UPL DO BRASIL INDUSTRA E COMERCIO,BRASIL,BRA,4,2,0.8455,604,224600216.56,cohesion_baja;
BEL-000369,G035716,FYFFES INTERNATIONAL UNLIMITED COMPANY /SOUTH AMERICAN FRUIT,BELGICA,BEL,12,7,0.8409,1155,213008996.28,cohesion_baja;
SINNOMBRE-000045,SINNOMBRE-000045,0,PANAMA,PAN,1,1,1.0,8,201892989.98,sin_nombre_utilizable;
TUR-000205,G047799,ISKENDERUN ENERJI URETIM VE TICARET A.S./STEAG GMBH/GLENCORE,TURQUIA,TUR,3,3,0.8518,10,199220951.66,cohesion_baja;
ESP-001683,G043052,IBERIA LINEAS AEREAS DE ESPAÑA S.A.,ESPANA,ESP,4,3,0.849,246,198222951.58,cohesion_baja;
SINNOMBRE-000037,SINNOMBRE-000037,0,PAISES BAJOS,NLD,1,1,1.0,13,196061183.24,sin_nombre_utilizable;
SINNOMBRE-000007,SINNOMBRE-000007,0,BRUNEI DARUSSALAM,BRN,1,1,1.0,3,185016694.21,sin_nombre_utilizable;
USA-007440,G035980,GALLERIA FARMS,ESTADOS UNIDOS,USA,45,19,0.846,7327,177677999.96,grupo_grande;cohesion_baja;
MEX-000655,G013850,CARGILL DE MÉXICO S.A. DE C.V.,MEXICO,MEX,19,11,0.8467,169,174321504.78,cohesion_baja;
SINNOMBRE-000033,SINNOMBRE-000033,0,MALASIA,MYS,1,1,1.0,5,166275272.38,sin_nombre_utilizable;
USA-017313,G083104,TAMPA CARGO S.A.S MIA,ESTADOS UNIDOS,USA,11,6,0.8462,811,164964179.87,cohesion_baja;
USA-013497,G063818,"Neumann Gruppe USA, Inc.",ESTADOS UNIDOS,USA,15,15,0.8564,549,160943113.14,grupo_grande;cohesion_baja;
USA-008093,G084590,THE GOODYEAR TIRE & RUBBER COMPANY,ESTADOS UNIDOS,USA,19,9,0.8458,3098,160898729.48,cohesion_baja;
USA-017410,G083885,TENARIS GLOBAL SERVICES USA,ESTADOS UNIDOS,USA,16,9,0.8545,399,155529018.04,cohesion_baja;
BEL-000371,G035710,FYFFES INTERNATIONAL / SOUTH AMERICAN FRUITS SRL,BELGICA,BEL,7,5,0.8649,599,154008068.07,cohesion_baja;
USA-012581,G060638,Mitsui & Co. Coffee Trading.,ESTADOS UNIDOS,USA,34,24,0.8475,499,153876942.9,grupo_grande;cohesion_baja;
SINNOMBRE-000027,SINNOMBRE-000027,0,INDONESIA,IDN,1,1,1.0,1,151955569.18,sin_nombre_utilizable;
BEL-000206,G026164,DSV AIR & SEA AG AS AGENT OF NESTLE NESPRESSO SA,BELGICA,BEL,8,4,0.8445,335,150204472.11,cohesion_baja;
DOM-000961,G028999,"EMPRESA DE GENERACION ELECTRICA PUNTA CATALINA, S.A.(EGEPC)",REPUBLICA DOMINICANA,DOM,5,4,0.8644,31,148938754.01,cohesion_baja;
USA-005337,G026178,DTO DE DEFENSA DE LOS ESTADOS UNIDOS,ESTADOS UNIDOS,USA,5,3,0.8403,302,148884466.91,cohesion_baja;
CAN-001741,G063845,NEW BRUNSWICK POWER GENERATION CORPORATION-GLENCORE AS AGENT,CANADA,CAN,10,7,0.8522,58,144725419.13,cohesion_baja;
KOR-000537,G062152,M/S. POSCO,COREA DEL SUR,KOR,9,4,0.8562,82,140888296.43,cohesion_baja;
MEX-000094,G001723,AEROVIAS DEL CONTINENTE AMERICANO S.A. AVIANCA,MEXICO,MEX,30,16,0.8497,905,140827126.6,grupo_grande;cohesion_baja;
JPN-000332,G058667,MC AGRI ALLIANCE LTD,JAPON,JPN,14,6,0.863,759,140047180.68,cohesion_baja;
CAN-001806,G065449,OLAM AMERICAS LLC,CANADA,CAN,38,21,0.8593,718,140016951.61,grupo_grande;cohesion_baja;
USA-017784,G085324,TO THE ORDER,ESTADOS UNIDOS,USA,13,6,0.8402,471,139010237.04,cohesion_baja;
IND-000238,G044571,IMR METALLURGICAL RESOURCES AG,INDIA,IND,7,5,0.8465,59,133377087.4,cohesion_baja;
DEU-001443,G089875,VOESTALPINE STAHL GMBH/GLENCORE INTERNACIONAL AG,ALEMANIA,DEU,3,2,0.8638,18,133331423.5,cohesion_baja;
USA-013049,G062062,MR GLASS DOORS AND WINDOWS MANUFACT,ESTADOS UNIDOS,USA,26,14,0.86,6144,132000912.87,cohesion_baja;
BRA-000109,G004443,ALUMINA DO NORTE DO BRASIL S.A./GLENCORE INTERNACIONAL AG,BRASIL,BRA,5,3,0.849,39,130951436.49,cohesion_baja;
SINNOMBRE-000016,SINNOMBRE-000016,0,CHINA,CHN,1,1,1.0,3,129663117.51,sin_nombre_utilizable;
SINNOMBRE-000029,SINNOMBRE-000029,0,INDIA,IND,1,1,1.0,2,128900005.35,sin_nombre_utilizable;
GBR-000485,G035708,FYFFES INTERNATIONAL,REINO UNIDO,GBR,10,8,0.8649,859,128623797.48,cohesion_baja;
BRA-000051,G001723,AEROVIAS DEL CONTINENTE AMERICANO S.A. AVIANCA,BRASIL,BRA,33,22,0.8434,1092,122265064.25,grupo_grande;cohesion_baja;
USA-012374,G059814,"MEXICHEM SPECIALTY RESINS, INC.",ESTADOS UNIDOS,USA,5,3,0.8552,1141,122146804.86,cohesion_baja;
TUR-000185,G043134,ICDAS CELIK ENERJI TERSANE VE ULASIM SAN. A.S./GLENCORE INTE,TURQUIA,TUR,6,4,0.8517,13,121844341.91,cohesion_baja;
NLD-001923,G081156,STARBUCKS COFFEE TRADING COMPANY JOINTLY AND SEVERALLY WITH,PAISES BAJOS,NLD,11,6,0.8532,318,121678615.7,cohesion_baja;
USA-006384,G031569,FALCON FARMS INC,ESTADOS UNIDOS,USA,12,7,0.8413,5283,119345898.92,cohesion_baja;
USA-015710,G075308,"ROYAL COFFEE, INC.",ESTADOS UNIDOS,USA,57,26,0.8499,2432,118579600.38,grupo_grande;cohesion_baja;
ECU-006267,G083882,TENARIS GLOBAL SERVICES ECUADOR S.A,ECUADOR,ECU,13,8,0.8698,614,118198665.62,cohesion_baja;
EGY-000012,G002943,AL DELTA  FOR TRADING MEAT AND CATTLE CO LTD,EGIPTO,EGY,19,18,0.8658,60,115100018.15,grupo_grande;cohesion_baja;
NLD-001932,G081245,STEAG POWER GMBH - GLENCORE AS AGENT,PAISES BAJOS,NLD,5,5,0.8406,7,106646231.57,cohesion_baja;
GBR-001060,G078381,SH PRATT GROUP LTD,REINO UNIDO,GBR,7,3,0.8451,1325,105066016.14,cohesion_baja;
BRA-001705,G064783,NOVELIS DO BRASIL LTDA,BRASIL,BRA,6,3,0.8527,1888,104811449.63,cohesion_baja;
ESP-002133,G055223,LOUIS DREYFUS COMPANY ESPAÑA S.A.,ESPANA,ESP,14,9,0.8521,61,102396738.32,cohesion_baja;
PAN-000887,G067116,COMPAÑIA PANAMEÑA DE AVIACION S A,PANAMA,PAN,30,16,0.8866,3559,101964177.54,grupo_grande;
DEU-001036,G064367,NKG KALA HAMBURG,ALEMANIA,DEU,10,6,0.85,318,100986042.63,cohesion_baja;
CAN-001786,G064729,NOVA SCOTIA POWER INC./GLENCORE INTERNACIONAL AG,CANADA,CAN,10,8,0.8526,19,100653833.54,cohesion_baja;
NLD-001934,G081243,STEAG GMBH/CMC - COAL Marketing DAC. o GLENCORE INTERNACIONA,PAISES BAJOS,NLD,2,2,0.8479,5,99286294.36,cohesion_baja;
CAN-001981,G073863,"RGC COFFEE INC. ID #035301-00098,",CANADA,CAN,35,20,0.8608,491,98745562.3,grupo_grande;cohesion_baja;
GBR-000486,G035713,FYFFES INTERNATIONAL UNLIMITED COMPANY FLO ID 19168,REINO UNIDO,GBR,9,6,0.8512,614,97709931.73,cohesion_baja;
USA-015478,G074266,RIVERDALE FARMS LLC.,ESTADOS UNIDOS,USA,56,22,0.8504,8945,93464113.52000001,grupo_grande;cohesion_baja;
NOR-000057,G049466,JOH. JOHANNSON KAFFE AS,NORUEGA,NOR,11,8,0.8597,248,92075631.59,cohesion_baja;
ITA-000958,G085242,TMA TROPICAL MARKETING ASSOCIATED NV,ITALIA,ITA,13,11,0.8669,1841,91427416.74000001,cohesion_baja;
SINNOMBRE-000052,SINNOMBRE-000052,0,SINGAPUR,SGP,1,1,1.0,7,90688159.4,sin_nombre_utilizable;
DEU-000619,G040672,HAMBURGER ENERGIEWERKE GMBH -GLENCORE AS AGENT-,ALEMANIA,DEU,3,3,0.8674,14,90533271.75,cohesion_baja;
SINNOMBRE-000047,SINNOMBRE-000047,0,PAISES BAJOS,NLD,1,1,1.0,3,89872234.65,sin_nombre_utilizable;
TUR-000188,G086871,TURKIYE IS BANKASI A.S./ICDAS ELEKTRIK / CMC - COAL MARKETIN,TURQUIA,TUR,4,4,0.8579,5,89740312.28,cohesion_baja;
USA-016797,G080912,"SPRADLING INTERNATIONAL, INC -",ESTADOS UNIDOS,USA,67,43,0.8403,3362,88664394.41,grupo_grande;cohesion_baja;
KOR-000228,G025710,Dong Suh Foods Corporation,COREA DEL SUR,KOR,8,4,0.8407,279,88034547.18,cohesion_baja;
PER-003024,G070755,PRODUCTOS SANCELA DEL PERU S.A.,PERU,PER,8,4,0.8442,7024,87875614.77000001,cohesion_baja;
USA-015394,G073861,RGC COFFEE INC.,ESTADOS UNIDOS,USA,27,16,0.9036,377,87649746.64999999,grupo_grande;
ARG-000024,G008177,AVIANCA - AEROVIAS DEL CONTINENTE AMERICANO,ARGENTINA,ARG,13,10,0.8684,413,85681853.01,cohesion_baja;
IND-000067,G007831,AUGMONT ENTERPRISES PVT LTD,INDIA,IND,2,2,0.8603,54,84568227.21000001,cohesion_baja;
ECU-000017,G008186,AVIANCA ECUADOR S A SUCURSAL COLOMBIA,ECUADOR,ECU,35,20,1.0,6060,83701162.37,grupo_grande;
CAN-002489,G089905,VOLCAFE USA,CANADA,CAN,11,5,0.8631,253,82332293.11,cohesion_baja;
USA-014194,G067127,PANAMERICAN COFFEE TRADING COMPANY LLC,ESTADOS UNIDOS,USA,19,9,0.8492,5046,81720907.76,cohesion_baja;
CAN-000770,G028278,ELITE EXPORT INC SA Y O BLOOMSTAR,CANADA,CAN,12,6,0.8473,1228,80352293.52,cohesion_baja;
SINNOMBRE-000034,SINNOMBRE-000034,0,MALASIA,MYS,1,1,1.0,3,80080029.39,sin_nombre_utilizable;
USA-005762,G028220,ELITE EXPORT INC.S.A. Y/O ELITE FLOWER SERVICES INC,ESTADOS UNIDOS,USA,18,11,0.8635,2248,77692586.58,cohesion_baja;
JPN-000244,G047970,ITOCHU CORPORATION COFFEE,JAPON,JPN,19,9,0.843,422,77495050.81,cohesion_baja;
NLD-001422,G054867,LOGISTIC BUSINESS PARTNERS ROTTERDAM B.V,PAISES BAJOS,NLD,8,4,0.848,2028,77338145.02,cohesion_baja;
BRA-000325,G011689,BORRACHAS VIPAL SA,BRASIL,BRA,12,8,0.8679,461,77189227.57,cohesion_baja;
SLV-000001,G082904,TACA INTERNATIONAL AIRLINES S A SUCURSAL COLOMBIA,EL SALVADOR,SLV,37,24,0.848,12865,76693599.22,grupo_grande;cohesion_baja;
USA-015144,G072367,RAINFOREST FARMS & BOUQUETS USA INC,ESTADOS UNIDOS,USA,16,9,0.859,909,76110190.3,cohesion_baja;
ARE-000876,G081464,STONEX COMMODITIES DMCC,EMIRATOS ARABES UNIDOS,ARE,8,5,0.8592,74,75784068.86,cohesion_baja;
USA-008117,G038510,GOYA FOODS OF INC,ESTADOS UNIDOS,USA,52,26,0.842,2784,74963302.44,grupo_grande;cohesion_baja;
ECU-006483,G087295,UNILEVER ANDINA ECUADOR S.A,ECUADOR,ECU,13,9,0.8527,4837,74816264.08,cohesion_baja;
USA-003892,G017607,COLOUR REPUBLIC LLC,ESTADOS UNIDOS,USA,48,24,0.8451,4291,74495857.99000001,grupo_grande;cohesion_baja;
SINNOMBRE-000011,SINNOMBRE-000011,0,CANADA,CAN,1,1,1.0,2,74475489.37,sin_nombre_utilizable;
BRA-001334,G051976,KRONA TUBOS E CONEXÕES LTDA,BRASIL,BRA,6,4,0.8623,324,73412117.06,cohesion_baja;
USA-018421,G087883,US PLASTICS TRADING And LOGISTICS-SA,ESTADOS UNIDOS,USA,200,132,0.9035,2229,71535713.91,grupo_grande;
ECU-005357,G071769,QUALA ECUADOR,ECUADOR,ECU,17,11,0.8517,2575,71255731.72,cohesion_baja;
DEU-001396,G086556,TROPICAL MARKETING ASSOCIATED NV,ALEMANIA,DEU,5,4,0.8636,241,69792350.18,cohesion_baja;
CHN-001286,G092201,"ZHEJIANG PENGYUAN SUPPLY CHAIN MANAGEMENT CO., LTD.",CHINA,CHN,6,4,0.8507,52,69784475.33,cohesion_baja;
USA-004123,G019805,CONTINENTAL FLORAL LLC,ESTADOS UNIDOS,USA,52,23,0.84,9491,68716230.54,grupo_grande;cohesion_baja;
USA-007139,G034775,FRESCA FARMS INC,ESTADOS UNIDOS,USA,51,23,0.9413,6416,67819662.82,grupo_grande;
ESP-003495,G088892,VERDNATURA LEVANTE S,ESPANA,ESP,43,31,0.8408,7188,66582825.15,grupo_grande;cohesion_baja;
POL-000051,G016611,CITRONEX I SP Z.O.O,POLONIA,POL,20,16,0.9385,237,64959030.59,grupo_grande;
BRA-002348,G085994,TRADESTAR IMPORTACAO E EXPORTACAO LTDA,BRASIL,BRA,4,2,0.8677,406,64329363.24,cohesion_baja;
GBR-000380,G028193,ELITE EXPORT INC S.A. / MM FLOWERS LIMITED,REINO UNIDO,GBR,54,33,0.845,3740,64259648.13,grupo_grande;cohesion_baja;
BEL-000781,G085242,TMA TROPICAL MARKETING ASSOCIATED NV,BELGICA,BEL,11,7,0.8553,1264,63767530.24,cohesion_baja;
DEU-000285,G016611,CITRONEX I SP. Z O.O.,ALEMANIA,DEU,22,17,0.9385,380,63479390.75,grupo_grande;
GBR-000102,G008177,AVIANCA ¿ AEROVIAS DEL CONTINENTE AMERICANO,REINO UNIDO,GBR,12,8,0.8651,250,62705659.16,cohesion_baja;
NLD-000316,G012701,C. STEINWEG HANDELSVEEM BV,PAISES BAJOS,NLD,12,7,0.8446,37,62364029.89,cohesion_baja;
ITA-000764,G066801,PACORINI SILOCAF SRL,ITALIA,ITA,20,14,0.8498,407,60918240.36,cohesion_baja;
USA-017434,G084014,TERRA FLOWERS LLC D/B/A SOLE FARMS,ESTADOS UNIDOS,USA,70,33,0.8471,5357,60773268.91,grupo_grande;cohesion_baja;
ECU-001536,G020549,CORPORACION FAVORITA C.A.,ECUADOR,ECU,38,25,0.8517,5473,59861337.66,grupo_grande;cohesion_baja;
SAU-000379,G081771,SULEIMAN SAEED ALJABRI TRADING EST,ARABIA SAUDITA,SAU,6,5,0.8541,22,59618364.23,cohesion_baja;
USA-018445,G087945,USA BOUQUET LLC,ESTADOS UNIDOS,USA,53,26,0.8879,7090,58603659.13,grupo_grande;
ESP-000896,G023216,DEL MONTE INTERNACIONAL GMBH,ESPANA,ESP,11,8,0.8402,1027,56596005.9,cohesion_baja;
ECU-002079,G027059,ECUAQUIMICA ECUATORIANA DE PRODUCTOS QUIMICOS C.A.,ECUADOR,ECU,24,15,0.8527,1230,56137027.91,grupo_grande;cohesion_baja;
VEN-000010,G025211,DISTRIBUIDORA TODO IMPORT,VENEZUELA,VEN,20,11,0.8451,10152,55431757.89,cohesion_baja;
USA-013084,G062334,Multiflora Comercializadora Internacional SAS C.I,ESTADOS UNIDOS,USA,39,17,0.8437,11845,54433955.47,grupo_grande;cohesion_baja;
USA-000184,G067329,PARAGON COFFEE TRADING CO,ESTADOS UNIDOS,USA,27,17,0.982,375,51715900.11,grupo_grande;
PER-002217,G051456,KIMBERLY CLARK PERU S.R.L,PERU,PER,34,18,0.9317,3537,51616233.02,grupo_grande;
GTM-000830,G029305,ENERGIAS SAN JOSE S.A./GLENCORE INTERNACIONAL AG,GUATEMALA,GTM,9,9,0.8451,17,51376751.18,cohesion_baja;
SLV-000117,G009774,BELCORP EL SALVADOR S.A. DE C.V,EL SALVADOR,SLV,6,4,0.8552,25858,51278031.01,cohesion_baja;
BRA-001571,G059799,MEXICHEM BRASIL INDUSTRIA DE TRANSFORMACAO PLASTICA LTDA,BRASIL,BRA,8,5,0.8616,342,50030344.12,cohesion_baja;
USA-019175,G091108,WORLD CLASS FLOWERS LLC,ESTADOS UNIDOS,USA,25,16,0.8752,1001,49365757.26000001,grupo_grande;
JPN-000077,G016759,CLASSIC JAPAN C. LTD.,JAPON,JPN,32,15,0.8443,3362,49183898.32,grupo_grande;cohesion_baja;
ECU-001393,G022861,COMPANIA DE ELABORADOS DE CAFE EL CAFE C.A.,ECUADOR,ECU,18,14,0.8588,264,49007024.65,cohesion_baja;
BRA-000938,G034424,FORTLEV INDÚSTRIA E COMERCIO. DEPLASTICOS LTDA.,BRASIL,BRA,12,8,0.8431,243,48754278.48,cohesion_baja;
MEX-001423,G031314,FABRICA DE JABON DE LA CORONA SA DE CV,MEXICO,MEX,10,6,0.8627,51,48553745.41,cohesion_baja;
DEU-001035,G064368,NKG Kala Hamburg GMBH as agent for /  of Starbucks Coffee Tr,ALEMANIA,DEU,12,10,0.8556,188,47570678.88,cohesion_baja;
PER-000086,G001723,AEROVIAS DEL CONTINENTE AMERICANO S.A. AVIANCA,PERU,PER,14,7,0.8487,426,47475379.7,cohesion_baja;
CAN-002345,G085324,TO THE ORDER,CANADA,CAN,10,7,0.8402,196,46727744.97,cohesion_baja;
BRA-000614,G021643,CTVA PROTECAO DE CULTIVOS LTDA,BRASIL,BRA,7,5,0.8578,216,45721811.12,cohesion_baja;
PER-000737,G038425,COMPANIA GOODYEAR DEL PERU S.A,PERU,PER,21,11,0.8491,1376,45576649.49,cohesion_baja;
GBR-000616,G046327,"INTERAMERICAN COFFEE LTD,",REINO UNIDO,GBR,11,7,0.8498,293,45563679.56,cohesion_baja;
USA-018811,G089666,VISTAFLOR E-COMMERCE USA LLC,ESTADOS UNIDOS,USA,15,7,0.847,254,44268276.33,cohesion_baja;
SWE-000004,G000647,AB PJ HAEGERSTRAND,SUECIA,SWE,9,6,0.8662,94,44215202.98,cohesion_baja;
MEX-000224,G004869,AMERICAN GLASS PRODUCTS DE MEXICO S DE R L DE C V,MEXICO,MEX,35,23,0.8445,21344,43682621.87,grupo_grande;cohesion_baja;
USA-006425,G031658,FANTASY FARMS LLC,ESTADOS UNIDOS,USA,28,13,0.8459,2003,43290519.95,cohesion_baja;
DEU-000301,G017295,COFFY HANDELS - GESELLSCHAFT BREMEN MBH.,ALEMANIA,DEU,18,13,0.8585,274,42631210.98,cohesion_baja;
ESP-001748,G045806,"INICIATIVAS COMERCIALES NAVARRAS, S.A.",ESPANA,ESP,13,9,0.8582,313,42540048.93,cohesion_baja;
PAN-000238,G003710,ALIMENTOS CARNICOS DE PANAMÁ S.A.,PANAMA,PAN,45,18,0.8402,3230,42504682.21,grupo_grande;cohesion_baja;
VEN-000179,G003772,ALIMENTOS POLAR COMERCIAL C.A.,VENEZUELA,VEN,21,10,0.8608,1765,42095469.88,cohesion_baja;
NLD-002224,G090634,WESTFALIA MARKETING BV,PAISES BAJOS,NLD,20,10,0.8426,987,40916747.4,cohesion_baja;
MYS-000110,G040518,HACO ASIA PACIFIC SDN BHD AS AGENT FOR / OF STARBUCKS CORPOR,MALASIA,MYS,6,4,0.8474,108,40572304.57,cohesion_baja;
DEU-000525,G035708,FYFFES INTERNATIONAL,ALEMANIA,DEU,7,7,0.8649,258,40572252.39,cohesion_baja;
MEX-000845,G018099,COMERCIALIZADORA DE CARROCERIAS BUSSCAR DE MEXICO SA DE CV,MEXICO,MEX,7,6,0.8412,733,40562269.47,cohesion_baja;
GTM-000269,G009775,"BELCORP GUATEMALA, S.A.",GUATEMALA,GTM,6,4,0.8552,24881,40268290.52,cohesion_baja;
NLD-000019,G071817,QUALITY PRODUCE INTERNATIONAL B.V (QPI B.V.),PAISES BAJOS,NLD,36,24,0.8468,1049,39340614.85,grupo_grande;cohesion_baja;
BRA-000584,G020826,CORR PLASTIK NORDESTE INDUSTRIAL LTDA,BRASIL,BRA,5,3,0.8641,145,38573497.0,cohesion_baja;
USA-010337,G050893,KARAS & KARAS,ESTADOS UNIDOS,USA,17,11,0.8488,762,38382354.7,cohesion_baja;
DEU-000114,G007836,AUGUST TOPFER ZUCKERHANDELSGESELLSCHAFT MBH & CO.,ALEMANIA,DEU,20,16,0.8528,251,37929825.29,grupo_grande;cohesion_baja;
MEX-001919,G042642,"HTV LATINOAMERICA, S DE R.L DE C.V",MEXICO,MEX,10,4,0.8616,1418,37545464.73,cohesion_baja;
ECU-002465,G031801,FARMAGRO S.A,ECUADOR,ECU,9,6,0.8465,314,37480249.9,cohesion_baja;
DOM-000963,G029042,"EMPRESA GENERADORA DE ELECTRICIDAD HAINA, S.A",REPUBLICA DOMINICANA,DOM,18,14,0.8636,30,37245853.02,cohesion_baja;
CAN-001738,G063818,"Neumann Gruppe USA, Inc.",CANADA,CAN,9,9,0.8564,89,37118400.41,cohesion_baja;
SINNOMBRE-000006,SINNOMBRE-000006,0,BRASIL,BRA,1,1,1.0,8,36914781.93,sin_nombre_utilizable;
BRA-000111,G004462,ALUNORTE-ALUMINA DO NORTE DO BRASIL S.A./GLENCORE INTERNACIO,BRASIL,BRA,2,2,0.8544,5,36257765.89,cohesion_baja;
USA-010580,G052041,KUBOTA MANUFACTURING OF AMERICA CORP,ESTADOS UNIDOS,USA,11,6,0.8484,2879,36078955.22,cohesion_baja;
USA-003103,G013713,Caravela Coffee LLC,ESTADOS UNIDOS,USA,10,5,0.8621,581,35960895.44,cohesion_baja;
CMR-000021,G073721,REUSE TRADING NV,CAMERUN,CMR,2,2,0.8478,50,35911767.93,cohesion_baja;
USA-004902,G023220,DEL MONTE INTERNATIONAL GMBH,ESTADOS UNIDOS,USA,11,7,0.8424,1437,35805046.86,cohesion_baja;
USA-014498,G068634,PHOENIX PACKAGING OPERATIONS LLC,ESTADOS UNIDOS,USA,70,43,0.8413,896,35495743.17,grupo_grande;cohesion_baja;
SAU-000096,G017212,COFFEE BEANS COMPANY LIMITED,ARABIA SAUDITA,SAU,16,11,0.8446,210,34544026.49,cohesion_baja;
CRI-002758,G087086,UL  COSTA RICA SCC SOCIEDAD ANONIMA,COSTA RICA,CRI,11,8,0.8464,925,34086261.72,cohesion_baja;
USA-009312,G046328,"INTERAMERICAN COFFEE, INC. (USA)",ESTADOS UNIDOS,USA,24,11,0.8506,303,34062956.02,cohesion_baja;
CRI-000650,G022884,COMPAÑÍA DE GALLETAS POZUELO DCR S.A.,COSTA RICA,CRI,31,20,0.8953,1974,33762684.65,grupo_grande;
GBR-000412,G034174,FMX FOOD MERCHANTS CO LTD,REINO UNIDO,GBR,20,13,0.848,1052,33533048.0,cohesion_baja;
DOM-002328,G071768,QUALA DOMINICANA S.A,REPUBLICA DOMINICANA,DOM,38,19,0.8969,1548,33355658.13,grupo_grande;
ESP-001523,G038507,GOYA EUROPA S.L.U.,ESPANA,ESP,12,8,0.8435,1478,33203343.54,cohesion_baja;
USA-005141,G024326,DINAS CORP,ESTADOS UNIDOS,USA,31,15,0.8703,1866,32810292.63,grupo_grande;
PER-003770,G087360,UNION DE CERVECERIAS PERUANAS BACKUS Y JOHNSTON S.A.A.,PERU,PER,35,22,0.8444,653,32637178.69,grupo_grande;cohesion_baja;
CAN-001464,G054658,LIVINGSTON INTERNATIONAL INC.,CANADA,CAN,8,5,0.8467,142,32594248.46,cohesion_baja;
USA-005741,G028286,ELITE EXPORTS INTERNATIONAL INC. / MEX Y CAN TRADING USA LLP,ESTADOS UNIDOS,USA,17,10,0.8421,1740,32418904.09,cohesion_baja;
USA-006092,G030178,ESPRIT MIAMI INC,ESTADOS UNIDOS,USA,26,13,0.8525,2646,31597577.92,cohesion_baja;
SINNOMBRE-000017,SINNOMBRE-000017,0,ECUADOR,ECU,1,1,1.0,1,31502227.21,sin_nombre_utilizable;
PAN-003306,G059080,MEGA LABS S.A. FARMAZONA S.A,PANAMA,PAN,8,4,0.8622,2233,31493689.95,cohesion_baja;
DEU-000055,G004211,ALOIS DALLMAYR KAFFEE BERLIN GMBH & CO KG,ALEMANIA,DEU,8,6,0.8493,66,31409166.76,cohesion_baja;
USA-005772,G028296,ELITE EXPORTS INTERNATIONAL INC Y/O AMERICAN FLORIST SUPPLY,ESTADOS UNIDOS,USA,6,2,0.8667,1228,31166722.24,cohesion_baja;
SLV-000754,G051446,KIMBERLY-CLARK DE CENTRO AMERICA LIMITADA DE C.V.,EL SALVADOR,SLV,25,19,0.8469,3488,31130446.79,grupo_grande;cohesion_baja;
SINNOMBRE-000008,SINNOMBRE-000008,0,"BONAIRE, SAN EUSTAQUIO Y SABA",BES,1,1,1.0,2,31084242.6,sin_nombre_utilizable;
AUS-000119,G017308,COFINET PTY LTD,AUSTRALIA,AUS,3,2,0.8457,441,31083225.61,cohesion_baja;
VEN-002005,G044965,"INDUSTRIA LACTEA VENEZOLANA, C.A.",VENEZUELA,VEN,14,9,0.867,410,30992735.24,cohesion_baja;
USA-018696,G089054,"VETRO BUILDING ENVELOPE, LLC",ESTADOS UNIDOS,USA,8,5,0.8484,896,30870037.44,cohesion_baja;
GTM-000429,G022818,COMPAÑIA DE ALIMENTOS DEL PACIFICO SOCIEDAD ANONIMA,GUATEMALA,GTM,32,21,0.994,2554,30684058.74,grupo_grande;
ITA-000730,G064362,NKG BERO ITALIA S.P.A.,ITALIA,ITA,11,9,0.851,225,29671917.51,cohesion_baja;
USA-013374,G063233,NATIVE FLORAL / WHOLESALE,ESTADOS UNIDOS,USA,59,32,0.8404,7787,29123217.31,grupo_grande;cohesion_baja;
USA-009324,G046379,INTERCONTINENTAL COFFEE TRADING,ESTADOS UNIDOS,USA,18,12,0.866,258,29041225.49,cohesion_baja;
BRA-001316,G051440,KIMBERLY -CLARK BRASIL IND E COM,BRASIL,BRA,12,9,0.8439,2011,28671178.27,cohesion_baja;
ECU-005219,G070435,PROCESADORA NACIONAL DE ALIMENTOS C.A. PRONACA,ECUADOR,ECU,17,13,0.8464,443,28246720.08,cohesion_baja;
USA-016365,G078580,SHAPES SECRETS LLC,ESTADOS UNIDOS,USA,5,3,0.8524,2983,28196345.47,cohesion_baja;
USA-019179,G091139,WORLD FUEL SERVICES COMPANY LLC SUCURSAL COLOMBIA,ESTADOS UNIDOS,USA,4,2,0.8468,589,28086664.29,cohesion_baja;
CHL-000065,G001738,AES GENER S.A. / CMC - COAL MARKETING DAC.,CHILE,CHL,4,4,0.8662,4,28069949.76,cohesion_baja;
ECU-004051,G053966,LEVAPAN DEL ECUADOR S.A,ECUADOR,ECU,13,8,0.8585,1758,27925361.71,cohesion_baja;
USA-006441,G031741,FARM FRESH FLOWERS INC,ESTADOS UNIDOS,USA,38,20,0.85,4749,27595622.66,grupo_grande;cohesion_baja;
USA-000820,G003878,ALL AMERICAN WINDOWS & DOORS,ESTADOS UNIDOS,USA,21,12,0.8438,578,27509343.3,cohesion_baja;
USA-018858,G089903,"Volcafe Specialty Coffee, Corp",ESTADOS UNIDOS,USA,27,15,1.0,187,27435949.45,grupo_grande;
SINNOMBRE-000024,SINNOMBRE-000024,0,FRANCIA,FRA,1,1,1.0,2,27328614.01,sin_nombre_utilizable;
USA-017795,G085382,"TOCUMEN PRODUCE, INC.",ESTADOS UNIDOS,USA,27,15,1.0,911,27322610.47,grupo_grande;
NLD-001817,G075275,ROVEG FRUIT B.V,PAISES BAJOS,NLD,32,17,0.8505,1280,27064996.5,grupo_grande;cohesion_baja;
CRI-000561,G062849,COMPAÑÍA NACIONAL DE CHOCOLATES DCR S.A,COSTA RICA,CRI,29,19,0.8435,508,26766766.06,grupo_grande;cohesion_baja;
USA-002710,G012160,BRIGHTLAND FLORAL DISTRIBUTORS,ESTADOS UNIDOS,USA,42,20,0.8407,3881,26686329.65,grupo_grande;cohesion_baja;
AUS-000006,G040454,H.A BENNETT & SONS PTY LIMITED,AUSTRALIA,AUS,26,21,0.9043,255,26449036.82,grupo_grande;
VEN-001968,G044408,IMPORTADORA Y DISTRIBUIDORA CANDY CA,VENEZUELA,VEN,22,10,0.8493,2499,26405060.5,cohesion_baja;
USA-000587,G002567,AGUA BENDITA LLC,ESTADOS UNIDOS,USA,5,2,0.857,8215,26262922.79,cohesion_baja;
ESP-002078,G054555,LIPIDOS SANTIGA S.A.,ESPANA,ESP,3,2,0.8626,24,25843961.52,cohesion_baja;
PAN-001661,G029019,EMPRESA DISTRIBUCION ELECTRICA METRO OESTE S.A.,PANAMA,PAN,25,14,0.8598,624,25729247.86,cohesion_baja;
BRA-000733,G025838,DOW BRASIL SUDESTE INDUSTRIAL LTDA,BRASIL,BRA,6,4,0.8573,270,25632171.5,cohesion_baja;
SINNOMBRE-000042,SINNOMBRE-000042,0,PERU,PER,1,1,1.0,1,25564419.53,sin_nombre_utilizable;
CHN-001197,G091352,XIAMEN XIANGYU LOGISTICS GROUP CORPORATION,CHINA,CHN,8,6,0.8479,33,25533212.25,cohesion_baja;
USA-009993,G049622,JOLO FLOWERS..,ESTADOS UNIDOS,USA,46,24,0.8789,3526,25351683.96,grupo_grande;
SLV-000983,G070397,PROCAPS SOCIEDAD ANONIMA DE CAPITAL VARIABLE,EL SALVADOR,SLV,3,2,0.856,3345,25278313.19,cohesion_baja;
BRA-002175,G079874,SOC. MICHELIN DE PART. IND. E COM. LTDA,BRASIL,BRA,5,3,0.8676,436,25179107.13,cohesion_baja;
PAN-000932,G017121,COCHEZ Y CIA. S.A,PANAMA,PAN,33,16,0.9625,5620,25095947.76,grupo_grande;
HRV-000015,G041449,HEP-PROIZVODNJA D.O.O./GLENCORE INTERNACIONAL AG,CROACIA,HRV,5,4,0.8428,7,24951910.62,cohesion_baja;
USA-000075,G000166,1ST CHOICE GLASS INC,ESTADOS UNIDOS,USA,16,9,0.8672,600,24926697.1,cohesion_baja;
SINNOMBRE-000028,SINNOMBRE-000028,0,ITALIA,ITA,1,1,1.0,2,24436696.87,sin_nombre_utilizable;
USA-016233,G077522,"SECORE FLORAL EXPORTS, LLC",ESTADOS UNIDOS,USA,62,28,0.8458,3978,24246319.01,grupo_grande;cohesion_baja;
FIN-000046,G066530,OUTOKUMPU SHIPPING OY,FINLANDIA,FIN,4,4,0.8401,10,23356560.84,cohesion_baja;
KOR-000714,G083116,TANGENT TRADING LTD,COREA DEL SUR,KOR,8,5,0.844,140,23342351.53,cohesion_baja;
USA-010858,G053247,LATAM GROUP AMERICAS LLC,ESTADOS UNIDOS,USA,18,12,0.8406,1102,23313741.64,cohesion_baja;
SINNOMBRE-000001,SINNOMBRE-000001,0,ARABIA SAUDITA,SAU,1,1,1.0,1,23309662.65,sin_nombre_utilizable;
BRA-000410,G013635,CAPITAL TRADE IMPORTACAO E EXPORTACAO LTDA,BRASIL,BRA,17,11,0.8488,437,23253491.1,cohesion_baja;
ARE-000005,G040211,GULF FLOWERS TRADING CO LLC,EMIRATOS ARABES UNIDOS,ARE,42,25,0.8448,2791,23209129.53,grupo_grande;cohesion_baja;
NLD-000085,G003860,ALKEMADE INT HOGEWONING BGH BV,PAISES BAJOS,NLD,31,17,0.8684,814,23170936.36,grupo_grande;cohesion_baja;
SINNOMBRE-000032,SINNOMBRE-000032,0,JAMAICA,JAM,1,1,1.0,2,23053124.0,sin_nombre_utilizable;
SINNOMBRE-000048,SINNOMBRE-000048,0,PERU,PER,1,1,1.0,1,22882479.7,sin_nombre_utilizable;
ARE-000010,G008353,AVS WORLD WIDE JEWELLERS L.L.C,EMIRATOS ARABES UNIDOS,ARE,11,9,0.8497,165,22614417.53,cohesion_baja;
PRI-000881,G058616,MAYS CHEMICAL COMPANY OF PR INC,PUERTO RICO,PRI,8,6,0.8524,626,22490959.71,cohesion_baja;
ECU-000416,G005955,ANTONIO PINO YCAZA CIA. LTDA,ECUADOR,ECU,8,7,0.8453,2972,22359712.81,cohesion_baja;
BRA-001399,G054819,LOCOMOTIVA INDUSTRIA E COMERCIO DE TEXTEIS INDUSTRIAIS LTDA,BRASIL,BRA,3,2,0.8608,130,22194008.5,cohesion_baja;
CHL-001310,G039940,GUACOLDA ENERGIA SPA/GLENCORE INTERNACIONAL AG,CHILE,CHL,3,3,0.8533,5,21972391.41,cohesion_baja;
NLD-000430,G019056,COMPAGNIE FRUITIERE PARIS / SOUTH AMERICAN FRUITS SRL,PAISES BAJOS,NLD,12,8,0.8484,353,21932835.2,cohesion_baja;
FRA-000018,G008177,AVIANCA ¿ AEROVIAS DEL CONTINENTE  AMERICANO,FRANCIA,FRA,14,11,0.8524,183,21765465.34,cohesion_baja;
MEX-001806,G039951,"GUALA DISPENSING MEXICO, S.A. DE C.V.",MEXICO,MEX,22,16,0.9893,424,21721125.86,grupo_grande;
BEL-000608,G065107,NYX PROFESSIONAL MAKEUP EU,BELGICA,BEL,4,2,0.8476,159,21717296.26,cohesion_baja;
MEX-001904,G042040,HITACHI ENERGY MEXICO S.A DE C.V,MEXICO,MEX,19,13,0.8414,72,21552694.03,cohesion_baja;
SAU-000015,G002951,AL FANOOS INTERNATIONAL LTD CO,ARABIA SAUDITA,SAU,11,8,0.8557,170,21537499.64,cohesion_baja;
USA-006387,G031562,"FALCON COFFEES C/O DUPUY STORAGE AND FOWARDING, L.L.C.",ESTADOS UNIDOS,USA,18,11,0.8478,130,21522828.11,cohesion_baja;
USA-004921,G023262,DELAWARE VALLEY FLORAL GROUP INC,ESTADOS UNIDOS,USA,61,38,0.8422,3697,21460915.85,grupo_grande;cohesion_baja;
DEU-000295,G017284,COFFEIN  COMPAGNIE  AS  AGENT  FOR,ALEMANIA,DEU,7,6,0.8491,45,21361652.57,cohesion_baja;
USA-012135,G058571,MAYESH WHOLESALE FLORIST INC,ESTADOS UNIDOS,USA,57,29,0.8411,3836,21351042.19,grupo_grande;cohesion_baja;
GBR-000300,G025914,D.R. WAKEFIELD & COMPANY LIMITED,REINO UNIDO,GBR,14,9,0.844,228,21120749.72,cohesion_baja;
ECU-001537,G020613,CORPORACION JCEVCORP CIA LTDA,ECUADOR,ECU,10,7,0.8684,840,20701972.31,cohesion_baja;
SINNOMBRE-000015,SINNOMBRE-000015,0,CURAZAO,CUW,1,1,1.0,2,20556480.36,sin_nombre_utilizable;
GBR-000284,G021932,CWT COMMODITIES UK LTD,REINO UNIDO,GBR,19,10,0.8497,139,20515413.15,cohesion_baja;
FRA-000279,G023208,DEL MONTE FRANCE SAS,FRANCIA,FRA,9,6,0.8416,470,20416361.37,cohesion_baja;
USA-008461,G041016,HB FULLER COMPANY,ESTADOS UNIDOS,USA,9,4,0.8524,316,20173735.67,cohesion_baja;
CAN-002285,G083878,TENARIS GLOBAL SERVICES (CANADA) INC,CANADA,CAN,12,6,0.8654,97,20135997.61,cohesion_baja;
BRA-002047,G075724,S MAGALHAES S A LOGISTICA EM COMERCIO EXTERIOR,BRASIL,BRA,2,2,0.8547,329,19978437.87,cohesion_baja;
BEL-000186,G023312,"DELICA AG, HAFENSTRASSE 120 CH-4127",BELGICA,BEL,11,8,0.8657,37,19931016.6,cohesion_baja;
ECU-003286,G044355,IMPORTADORA TOMEBAMBA S.A.,ECUADOR,ECU,8,5,0.8694,855,19890855.16,cohesion_baja;
ESP-001528,G038595,GRADYFLOR ESPANA S.A,ESPANA,ESP,53,38,0.8402,2617,19888402.23,grupo_grande;cohesion_baja;
CAN-001625,G059779,MEX Y CAN TRADING EAST INC,CANADA,CAN,56,29,0.8497,3471,19855855.1,grupo_grande;cohesion_baja;
BEL-000111,G012696,C. STEINWEG BELGIUM NV,BELGICA,BEL,13,10,0.8588,76,19794853.91,cohesion_baja;
USA-018795,G089638,VISION ENCLOSURE WALLS INC,ESTADOS UNIDOS,USA,15,6,0.864,502,19760966.38,cohesion_baja;
JPN-000498,G078731,"SHIMIZU TRADING CO., LTD SR. SHIMIZU MASAHIRO",JAPON,JPN,18,16,0.959,40,19715175.54,grupo_grande;
PAN-001668,G029147,EMPRESAS MELO S.A,PANAMA,PAN,18,10,0.8514,3739,19607349.31,cohesion_baja;
PER-002553,G059809,MEXICHEM PERU S.A.,PERU,PER,15,7,0.8537,196,19519727.2,cohesion_baja;
NLD-001669,G066298,ORYX STAINLESS ESPAÑA S.L.U,PAISES BAJOS,NLD,19,10,0.841,191,19508841.2,cohesion_baja;
USA-008146,G038579,GRACEKENNEDY FOODS USA LLC-GA,ESTADOS UNIDOS,USA,13,8,0.8455,935,19368237.69,cohesion_baja;
PAN-000120,G001874,AGENCIAS FEDURO S.A.,PANAMA,PAN,26,12,0.8678,2837,19348976.37,cohesion_baja;
HKG-000193,G035897,GALAXY DIAMONDS & GEMS,HONG KONG,HKG,10,6,0.8421,33,19307983.38,cohesion_baja;
BRA-001696,G064566,NORPOLIM NORDESTE POLIMEROS INDUSTRIA E COMERCIO DE,BRASIL,BRA,7,5,0.8458,101,19023277.0,cohesion_baja;
SINNOMBRE-000002,SINNOMBRE-000002,0,ARUBA,ABW,1,1,1.0,2,18938240.68,sin_nombre_utilizable;
BEL-000803,G086556,TROPICAL MARKETING ASSOCIATED,BELGICA,BEL,6,5,0.8636,215,18797114.24,cohesion_baja;
NLD-001068,G039010,GREENYARD FRESH GERMANY GMBH,PAISES BAJOS,NLD,13,8,0.8571,369,18632089.03,cohesion_baja;
BRA-000937,G034423,FORTLEV INDÚSTRIA E COMERCIO. DE PLASTICOS LTDA. CNPJ:109219,BRASIL,BRA,7,6,0.8661,81,18576659.13,cohesion_baja;
MYS-000109,G040517,HACO ASIA PACIFIC SDN BHD,MALASIA,MYS,7,3,0.8477,77,18533047.13,cohesion_baja;
ECU-003391,G044915,INDUSTRIA DE MATERIALES DE FRICCION,ECUADOR,ECU,11,7,0.8516,841,18476776.08,cohesion_baja;
MEX-000939,G019209,CONCESIONARIA VUELA COMPAÑIA DE AVIACION S.A.P.I DE C.V SUCU,MEXICO,MEX,7,5,0.8545,109,18335783.08,cohesion_baja;
USA-007063,G034359,FOREST FLOWERS,ESTADOS UNIDOS,USA,30,15,0.8559,2264,18272728.04,grupo_grande;cohesion_baja;
JPN-000208,G040899,HARUTA FLOWER CO LTD,JAPON,JPN,40,25,0.9476,1053,18213237.02,grupo_grande;
USA-006438,G031735,FARM DIRECT PARTNERS LLC,ESTADOS UNIDOS,USA,6,4,0.85,528,18191238.17,cohesion_baja;
DOM-002359,G073066,"REFINERIA DOMINICANA DE PETROLEO, S.A - REFIDOMSA",REPUBLICA DOMINICANA,DOM,6,5,0.8421,11,18132350.17,cohesion_baja;
CAN-000687,G022666,DAVIDSON & SONS CUSTOMS,CANADA,CAN,8,5,0.8611,123,18121258.85,cohesion_baja;
CRI-002288,G071038,PROQUINAL COSTA RICA S.A.,COSTA RICA,CRI,15,11,0.852,389,18070901.52,cohesion_baja;
ESP-001906,G050037,JOTA JOTA ALIMENTOS GLOBAL SL,ESPANA,ESP,22,15,0.8406,1284,18042828.7,grupo_grande;cohesion_baja;
USA-008814,G042270,HOLLAND FLOWER MARKET INC,ESTADOS UNIDOS,USA,37,21,0.8682,1693,17845525.5,grupo_grande;cohesion_baja;
ESP-003540,G089491,VIMASS FLORAL SL.,ESPANA,ESP,32,19,0.8791,3128,17804278.46,grupo_grande;
HKG-000219,G038907,GREEN SHINE HK LTD,HONG KONG,HKG,3,2,0.8528,16,17526426.86,cohesion_baja;
USA-014612,G069353,PLN DISTRIBUTIONS LLC,ESTADOS UNIDOS,USA,7,3,0.8698,2620,17511676.35,cohesion_baja;
ECU-005975,G079801,SMURFIT WESTROCK ECUADOR S.A,ECUADOR,ECU,3,3,0.8464,284,17340504.33,cohesion_baja;
VEN-002713,G058254,MATERIALES DE PLOMERIA C.A. MAPLOCA,VENEZUELA,VEN,19,11,0.8583,543,17308024.64,cohesion_baja;
NLD-000003,G048154,J VAN VLIET BLOEMENEXPORT BV,PAISES BAJOS,NLD,68,32,0.8438,3411,17195871.93,grupo_grande;cohesion_baja;
MEX-004162,G090694,WHIRLPOOL MEXICO S.A. DE R.L. DE C.V.,MEXICO,MEX,14,10,0.8492,301,17174370.35,cohesion_baja;
USA-008620,G041312,HEMISPHERE BRANDS LLC,ESTADOS UNIDOS,USA,15,11,0.8445,677,17170759.32,cohesion_baja;
CHN-000687,G064262,"NINGBO JINTIAN COPPER CO. ,LTD.",CHINA,CHN,10,8,0.867,79,17015952.97,cohesion_baja;
THA-000158,G066300,ORYX STAINLESS THAILAND CO LTD,TAILANDIA,THA,33,25,0.8599,273,16987500.82,grupo_grande;cohesion_baja;
PER-002886,G068291,PERUANA DE MOLDEADOS S.A.C.,PERU,PER,9,5,0.8639,403,16939674.18,cohesion_baja;
CAN-000324,G011125,Bloomstar Bouquet Canada Inc,CANADA,CAN,58,28,0.8431,3385,16859446.39,grupo_grande;cohesion_baja;
AUS-000304,G055982,LYNCH GROUP AUSTRALIA PTY LTD,AUSTRALIA,AUS,25,16,0.8813,1226,16817372.91,grupo_grande;
NLD-002023,G085285,TNLC The New Logistic Company,PAISES BAJOS,NLD,16,7,0.8505,1053,16752007.23,cohesion_baja;
CRI-002491,G077595,SEGNINI EXPORTACIONES,COSTA RICA,CRI,4,2,0.8626,566,16738470.95,cohesion_baja;
USA-007671,G036605,GE Precision Healthcare LLC GE HEALTHCARE C/O CEVA,ESTADOS UNIDOS,USA,12,7,0.8468,12984,16733448.45,cohesion_baja;
SINNOMBRE-000012,SINNOMBRE-000012,0,CHILE,CHL,1,1,1.0,9,16588716.5,sin_nombre_utilizable;
EGY-000114,G037916,GMA - GM  AGRICULTURE,EGIPTO,EGY,5,5,0.8453,9,16428490.48,cohesion_baja;
SINNOMBRE-000036,SINNOMBRE-000036,0,MEXICO,MEX,1,1,1.0,7,16406616.43,sin_nombre_utilizable;
NIC-000097,G013851,CARGILL DE NICARAGUA SA,NICARAGUA,NIC,8,6,0.8478,211,16335686.86,cohesion_baja;
ARG-000259,G006664,COMPAÑIA ARGENTINA DE LEVADURAS S.A.I.C.,ARGENTINA,ARG,6,4,0.8643,128,16319449.15,cohesion_baja;
VEN-001645,G036728,"GENERAL DE ALIMENTOS NISA, C.A.",VENEZUELA,VEN,21,12,0.8545,269,16279722.78,cohesion_baja;
ECU-002984,G040596,HALLIBURTON,ECUADOR,ECU,15,9,0.8621,800,16074471.81,cohesion_baja;
USA-005798,G028431,"ELITE EXPORTS INTERNATIONAL INC Y/O NATIVE WHOLESALE INC,NAT",ESTADOS UNIDOS,USA,7,6,0.8591,331,15940532.27,cohesion_baja;
VNM-000167,G089496,"VIMC LOGISTICS.,JSC",VIET NAM,VNM,8,4,0.8421,91,15819683.32,cohesion_baja;
FIN-000030,G044571,IMR METALLURGICAL RESOURCES AG,FINLANDIA,FIN,3,2,0.8685,8,15695779.53,cohesion_baja;
USA-006891,G033732,FLORIST TRANSWORLD DELIVERY LLC,ESTADOS UNIDOS,USA,30,14,0.8401,1400,15462774.75,cohesion_baja;
PAN-000834,G015403,CENTRO DE PINTURAS PINTUCO S.A.,PANAMA,PAN,18,11,0.8619,1953,15379106.41,cohesion_baja;
USA-017972,G086346,TRI-MARINE INTERNATIONAL (Pte) Ltd.,ESTADOS UNIDOS,USA,12,7,0.8515,89,15276809.87,cohesion_baja;
USA-017909,G086012,TRADEWINDS INTL LLC,ESTADOS UNIDOS,USA,33,17,0.8585,4468,15175503.87,grupo_grande;cohesion_baja;
ESP-000036,G000884,"AC VALENCIANA MADERAS ,SL",ESPANA,ESP,8,5,0.8564,1305,15172440.58,cohesion_baja;
USA-001127,G005011,AMI TRADING (USA) INC.,ESTADOS UNIDOS,USA,7,3,0.8667,398,15165975.5,cohesion_baja;
USA-000324,G000953,ACCESS BUSINESS GROUP INT¿L LLC,ESTADOS UNIDOS,USA,9,4,0.854,419,15119544.72,cohesion_baja;
CHL-001825,G052567,LABORATORIO BALLERINA LIMITADA,CHILE,CHL,5,4,0.8515,224,15043248.95,cohesion_baja;
SWE-000068,G050754,KAFFEHUSET I KARLSTAD AB,SUECIA,SWE,10,6,0.8449,50,14956582.48,cohesion_baja;
SINNOMBRE-000031,SINNOMBRE-000031,0,JAPON,JPN,1,1,1.0,1,14926104.2,sin_nombre_utilizable;
PAN-002591,G045851,INMOBILIARIA DON ANTONIO SA,PANAMA,PAN,35,17,0.8431,2688,14905272.03,grupo_grande;cohesion_baja;
JPN-000506,G080043,SOJITZ FOODS CORPORATION COFFEE,JAPON,JPN,11,7,0.8428,101,14852526.34,cohesion_baja;
ECU-000627,G008832,BAKER  HUGHES SERVICES INTERNATIONAL SAS,ECUADOR,ECU,45,32,0.8575,954,14790285.36,grupo_grande;cohesion_baja;
GBR-000911,G065928,OPTIMUS FLOWERS LTD,REINO UNIDO,GBR,36,17,0.9291,2217,14788156.6,grupo_grande;
JPN-000125,G025851,"DOWA ECO-SYSTEM CO., LTD",JAPON,JPN,8,6,0.8565,94,14784056.14,cohesion_baja;
PAN-000849,G015616,CERVECERIA PANAMA S.A,PANAMA,PAN,39,22,0.8656,274,14392589.76,grupo_grande;cohesion_baja;
CAN-002424,G087472,UNITED FLORAL DISTRIBUTORS,CANADA,CAN,51,22,0.8418,4606,14328138.62,grupo_grande;cohesion_baja;
USA-001004,G004774,AMENTUM SERVICES INC.,ESTADOS UNIDOS,USA,14,8,0.858,165,14212508.85,cohesion_baja;
USA-018933,G090181,"WALKER COFFEE TRADING, LP",ESTADOS UNIDOS,USA,11,6,0.8681,114,14025110.72,cohesion_baja;
ITA-000249,G052245,L UNIONE DEL PORTO SOC. COOP.,ITALIA,ITA,11,8,0.8493,89,13948873.98,cohesion_baja;
ZWE-000003,G029669,EPSA ZIMBABWE SERVICES (PRIVATE) LIMITED,ZIMBABWE,ZWE,4,4,0.8664,54,13888197.83,cohesion_baja;
GBR-001282,G090993,WM MORRISON SUPERMARKETS PLC,REINO UNIDO,GBR,8,4,0.8517,1604,13789752.86,cohesion_baja;
USA-001204,G005311,"ANDEAN SUN PRODUCE, LLC / DBA GOLD CUP FRESH",ESTADOS UNIDOS,USA,28,18,0.8941,461,13773536.98,grupo_grande;
DOM-001524,G045490,INDUSTRIE SAN MIGUEL DEL CARIBE SA,REPUBLICA DOMINICANA,DOM,17,12,0.847,197,13714891.8,cohesion_baja;
BOL-000079,G008186,AVIANCA ECUADOR S A SUCURSAL COLOMBIA,BOLIVIA,BOL,9,7,0.8579,260,13645831.23,cohesion_baja;
NLD-000880,G034137,FM GROUP BV,PAISES BAJOS,NLD,35,18,0.8862,2267,13634098.86,grupo_grande;
USA-013496,G063820,"NEUMANN GRUPPE USA, INC. D/B/A INTERAMERICAN COFFEE",ESTADOS UNIDOS,USA,4,4,0.8462,74,13575523.45,cohesion_baja;
USA-019490,G092432,"ZUMBA FITNESS, LLC",ESTADOS UNIDOS,USA,14,6,0.8547,586,13546158.04,cohesion_baja;
URY-000009,G001723,AEROVIAS DEL CONTINENTE AMERICANO S.A. AVIANCA,URUGUAY,URY,18,13,0.8585,370,13543430.6,cohesion_baja;
ECU-002778,G036982,GERARDO ORTIZ E HIJOS CIA LTDA,ECUADOR,ECU,22,14,0.8567,4390,13521894.95,cohesion_baja;
ECU-003519,G045779,INGREDION ECUADOR S.A,ECUADOR,ECU,10,7,0.8501,593,13469616.41,cohesion_baja;
CHN-000542,G049196,JILIN PROVINCE JIDIAN INTERNATIONAL TRADE Co / GLENCORE INTE,CHINA,CHN,2,2,0.8665,2,13440728.66,cohesion_baja;
PRI-001059,G070683,PRODUCTOS FAMILIA DE PUERTO,PUERTO RICO,PRI,8,5,0.8522,2749,13419295.64,cohesion_baja;
USA-000372,G001260,ACUSHNET COMPANY / LINKS & KINGS,ESTADOS UNIDOS,USA,9,7,0.8467,2159,13277082.73,cohesion_baja;
USA-010475,G051433,KIMBERLY CLARK CORPORATION,ESTADOS UNIDOS,USA,10,7,0.8417,459,13173626.81,cohesion_baja;
BRA-000533,G018563,COMEXPORT TRADING COMERCIO EXTERIOR LTDA,BRASIL,BRA,12,8,0.8667,252,13035856.58,cohesion_baja;
ALB-000011,G044571,IMR METALLURGICAL RESOURCES AG,ALBANIA,ALB,3,2,0.8685,7,13015984.41,cohesion_baja;
USA-008274,G039172,GROWERS 2 HOME CORPORATION.,ESTADOS UNIDOS,USA,18,11,0.8527,315,12964246.23,cohesion_baja;
USA-005328,G026132,DSA INTERNATIONAL LLC,ESTADOS UNIDOS,USA,16,8,0.8529,734,12895042.1,cohesion_baja;
VEN-001497,G031361,FABRICA Y DISTRIBUCION DE CARAMELOS YON YEN,VENEZUELA,VEN,16,7,0.8602,3398,12819045.96,cohesion_baja;
CHL-001546,G044451,IMPORTADORA Y EXPORTADORA ALTAMIRA SPA,CHILE,CHL,17,13,0.8572,668,12815390.01,cohesion_baja;
MEX-003106,G068717,PIELES ZINDER SA DE CV,MEXICO,MEX,16,8,0.8632,149,12808140.41,cohesion_baja;
CHN-000630,G059012,"MEDLOG (SHANGHAI) CO.,LTD.",CHINA,CHN,2,2,0.8524,16,12775503.25,cohesion_baja;
CHN-000858,G078426,SHANDONG ENERGY (JINAN) INTELLIGENT INVESMENT/GLENCORE INTER,CHINA,CHN,2,2,0.8543,2,12725082.38,cohesion_baja;
USA-010974,G053685,LEGACY FLOWERS LLC,ESTADOS UNIDOS,USA,43,21,0.8449,3836,12686270.57,grupo_grande;cohesion_baja;
CAN-001776,G064626,NORTHLAND FLORAL INC,CANADA,CAN,30,14,0.84,2152,12659629.48,cohesion_baja;
PAN-001385,G024596,DISTRIBEAUTE SA - PANAMA,PANAMA,PAN,10,8,0.8469,46,12636690.64,cohesion_baja;
CAN-002132,G078990,SIERRA FLOWER TRADING,CANADA,CAN,58,30,0.8405,4853,12555412.65,grupo_grande;cohesion_baja;
GTM-001258,G044962,INDUSTRIA LA POPULAR SOCIEDAD ANONIMA,GUATEMALA,GTM,13,8,0.8482,412,12472108.08,cohesion_baja;
USA-017469,G084152,TEXAS TISSUE CONVERTING LLC,ESTADOS UNIDOS,USA,5,3,0.8514,199,12333000.33,cohesion_baja;
USA-005128,G024241,DILLION GAGE REFINERY,ESTADOS UNIDOS,USA,3,2,0.8584,19,12243835.27,cohesion_baja;
NLD-000564,G025589,DOLE EUROPE B.V.,PAISES BAJOS,NLD,15,9,0.8664,280,12209710.62,cohesion_baja;
VEN-001646,G036750,GENERAL INVESTMENT COMPAÑIA ANONIMA,VENEZUELA,VEN,6,3,0.8432,164,12107038.78,cohesion_baja;
USA-003768,G017073,COASTAL COMMODITIES LLC,ESTADOS UNIDOS,USA,4,4,0.8465,42,12096552.44,cohesion_baja;
ECU-002513,G032624,FERTISA AGIF C.L.,ECUADOR,ECU,7,4,0.8549,288,12074898.56,cohesion_baja;
MEX-003961,G086389,TRICORP INVESTMENTS SAPI DE CV,MEXICO,MEX,4,2,0.8499,306,12039744.11,cohesion_baja;
ECU-001196,G026967,ECU-ITALCOL S.A.,ECUADOR,ECU,14,9,0.844,554,12017013.9,cohesion_baja;
CHN-001036,G081150,"Starbucks (Shanghai) Supply Chain Co., Ltd",CHINA,CHN,8,5,0.848,55,11983765.63,cohesion_baja;
VEN-003012,G068045,PEPSI-COLA VENEZUELA C.A.,VENEZUELA,VEN,28,15,1.0,383,11953327.88,grupo_grande;
ECU-001290,G017805,COMERCIAL E INDUSTRIAL SUCRE S.A.,ECUADOR,ECU,7,5,0.8423,1252,11897445.45,cohesion_baja;
TUR-000066,G012336,BSA ALTIN VE DIS TICARET AS,TURQUIA,TUR,8,5,0.867,25,11842624.86,cohesion_baja;
HKG-000198,G036665,GEM STONES (HK) COMPANY,HONG KONG,HKG,6,4,0.8593,13,11784977.06,cohesion_baja;
ITA-000364,G030170,Esposito Group Oro e Metalli Preziosi SpA,ITALIA,ITA,7,7,0.8428,18,11773458.74,cohesion_baja;
ECU-004479,G059980,MIC-ECUADOR-MAQUILA-INTERNACIONAL-DE-CONFECCION S.A.S,ECUADOR,ECU,12,11,0.8677,8385,11772061.22,cohesion_baja;
USA-000974,G004640,AMANI ENTERPRISES LLC,ESTADOS UNIDOS,USA,14,9,0.8427,1096,11745394.04,cohesion_baja;
NLD-002143,G088292,VAN DUYVENVOORDE IMPORT B.V,PAISES BAJOS,NLD,23,11,0.8407,1628,11743055.35,cohesion_baja;
PAN-003959,G070649,PRODUCTOS DE PRESTIGIO SA,PANAMA,PAN,14,6,0.8412,2555,11646329.91,cohesion_baja;
CAN-000209,G006452,ARC ONE - FG - ARCTERYX EQUIPMENT A DIVISION OF AMER SPORTS,CANADA,CAN,3,2,0.8414,71,11614076.0,cohesion_baja;
USA-017896,G086007,TRADEWINDS INTERNATIONAL LLC,ESTADOS UNIDOS,USA,35,16,0.8458,3176,11595007.09,grupo_grande;cohesion_baja;
ECU-003313,G044502,IMPORTEX ECUADOR S.A.S.,ECUADOR,ECU,6,4,0.8595,278,11522200.08,cohesion_baja;
ECU-005890,G078293,SEVELTEX DISTRIBUCIONES S.A.,ECUADOR,ECU,3,2,0.8613,248,11495493.19,cohesion_baja;
ESP-002329,G058093,MASIQUES SERVICIOS LOGISTICOS Y ADUANEROS SL,ESPANA,ESP,9,7,0.8673,46,11459934.61,cohesion_baja;
DOM-002346,G072289,RAFAEL ESTRADA & CIA. S.R.L.,REPUBLICA DOMINICANA,DOM,26,18,0.9605,701,11443019.08,grupo_grande;
ECU-003213,G044023,IMPORTADOR FERRETERO TRUJILLO CIA LTDA,ECUADOR,ECU,17,13,0.8404,2909,11366078.42,cohesion_baja;
VEN-002557,G053258,LATAMCAR S.A VENEZUELA,VENEZUELA,VEN,5,4,0.8532,266,11314743.68,cohesion_baja;
USA-007958,G037911,GM&P CONSULTING AND GLAZING CONTRACTORS,ESTADOS UNIDOS,USA,7,5,0.852,483,11286835.82,cohesion_baja;
NIC-000178,G024727,Distribuidora Cesar Guerrero Lejarza S.A,NICARAGUA,NIC,22,14,0.8415,3521,11271322.73,cohesion_baja;
SINNOMBRE-000035,SINNOMBRE-000035,0,MEXICO,MEX,1,1,1.0,5,11252468.47,sin_nombre_utilizable;
USA-018268,G087465,UNITED FLORAL,ESTADOS UNIDOS,USA,42,21,0.8462,1722,11209144.47,grupo_grande;cohesion_baja;
ECU-005396,G072040,QUIMIPAC S.A. RUC:,ECUADOR,ECU,8,5,0.8438,605,11164964.27,cohesion_baja;
GBR-000287,G021935,CWT COMMODITY LOGISTICS UK LTD,REINO UNIDO,GBR,6,3,0.8606,62,11151790.51,cohesion_baja;
NLD-001292,G048705,JB MARKETING BV,PAISES BAJOS,NLD,12,7,0.8416,539,11010221.8,cohesion_baja;
USA-017216,G078963,"Siemens Energy, Inc. SEI SERVICE POWER TRANSMISSION",ESTADOS UNIDOS,USA,5,2,0.861,18,10952966.49,cohesion_baja;
USA-004736,G022461,DAO TRADING LLC,ESTADOS UNIDOS,USA,5,3,0.8484,153,10934606.65,cohesion_baja;
PRI-000699,G046131,"INSULAR TRADING COMPANY, INC.",PUERTO RICO,PRI,28,19,0.8529,1822,10795962.3,grupo_grande;cohesion_baja;
ECU-000613,G008560,AZZORTI VENTA DIRECTA S.A,ECUADOR,ECU,9,7,0.8508,9867,10779032.98,cohesion_baja;
USA-006948,G033957,FLOWERBUYER LLC,ESTADOS UNIDOS,USA,32,18,0.8426,4675,10774434.02,grupo_grande;cohesion_baja;
DOM-002313,G071449,PUEBLO VIEJO DOMINICANA CORPORATION,REPUBLICA DOMINICANA,DOM,12,5,0.859,121,10748031.1,cohesion_baja;
NLD-000233,G010178,BERNHARD ROTHFOS GMBH,PAISES BAJOS,NLD,6,3,0.8507,48,10694367.45,cohesion_baja;
USA-005153,G024402,DIRECT FLOWERS,ESTADOS UNIDOS,USA,43,20,0.8762,2286,10689406.93,grupo_grande;
CAN-000980,G035254,FRUIT DOME INC,CANADA,CAN,9,5,0.8422,1537,10670227.06,cohesion_baja;
USA-008627,G041319,"HEMISPHERE TRADING OF NY, LLC",ESTADOS UNIDOS,USA,14,9,0.866,276,10626182.93,cohesion_baja;
VEN-003772,G086767,TUBERIAS RIGIDAS DE PVC C.A.,VENEZUELA,VEN,14,7,0.8655,300,10578928.44,cohesion_baja;
CRI-001043,G027798,EL EXITO BETANCUR Y ASOCIADOS SOCIEDAD ANONIMA,COSTA RICA,CRI,34,26,0.8405,2549,10553194.02,grupo_grande;cohesion_baja;
TTO-000003,G007218,A.S. BRYDEN & SONS (TRINIDAD) LIMITED,TRINIDAD Y TOBAGO,TTO,18,12,0.8498,918,10530410.12,cohesion_baja;
ESP-002392,G059489,MERCONTROL ESTUDIOS DE DISTRIBUCION S.L.,ESPANA,ESP,19,14,0.846,599,10507451.72,cohesion_baja;
SINNOMBRE-000003,SINNOMBRE-000003,0,AUSTRALIA,AUS,1,1,1.0,2,10474496.89,sin_nombre_utilizable;
USA-012370,G059780,MEX Y CAN TRADING USA LLP,ESTADOS UNIDOS,USA,25,14,0.8596,426,10474390.24,cohesion_baja;
CHN-000583,G052122,"KUNSHAN YIGUO INTERNATIONAL TRADE CO.,LTD",CHINA,CHN,3,3,0.8515,85,10467538.24,cohesion_baja;
JPN-000399,G063714,NESTLE JAPAN LTD,JAPON,JPN,10,7,0.8403,66,10462086.86,cohesion_baja;
USA-006408,G031623,FAMILY FOOD DISTRIBUTORS INC,ESTADOS UNIDOS,USA,17,9,0.8638,887,10362326.69,cohesion_baja;
SLV-000483,G035102,FREUND DE EL SALVADOR LTDA DE C.V,EL SALVADOR,SLV,36,26,0.9062,3814,10350679.28,grupo_grande;
USA-014860,G070546,PRODUCE EXPERIENCE INC,ESTADOS UNIDOS,USA,17,8,0.8464,2098,10305029.02,cohesion_baja;
USA-018310,G087648,UNIVERSITY OF MIAMI,ESTADOS UNIDOS,USA,6,4,0.8522,271,10298267.26,cohesion_baja;
KOR-000587,G063612,NENOVA CO LTD,COREA DEL SUR,KOR,55,31,1.0,2342,10254727.82,grupo_grande;
DOM-000514,G015364,CENTRO CUESTA NACIONAL,REPUBLICA DOMINICANA,DOM,37,20,0.8763,1137,10233587.58,grupo_grande;
ESP-003620,G091489,YANBAL ESPAÑA SAU,ESPANA,ESP,4,3,0.843,1379,10177899.04,cohesion_baja;
SLV-000192,G015459,CENTROAMERICA COMERCIAL S.A. DE C.V.,EL SALVADOR,SLV,32,24,0.9329,2108,10168726.25,grupo_grande;
GTM-000806,G028093,"ELEKTRA GUATEMALA, S.A.",GUATEMALA,GTM,9,6,0.8554,354,10168178.69,cohesion_baja;
USA-018319,G087666,UNLIMITED INVESTMENTS INC DBA FRESH PRIME,ESTADOS UNIDOS,USA,31,21,0.8594,2233,10089232.23,grupo_grande;cohesion_baja;
GTM-000452,G017411,COLGATE PALMOLIVE (CENTRO AMERICA) S.A.,GUATEMALA,GTM,18,12,0.8644,212,10054938.5,cohesion_baja;
PER-002690,G063725,NESTLE PERU S.A.,PERU,PER,18,11,0.842,798,10046010.99,cohesion_baja;
MEX-003402,G074126,RINPLAY S DE RL DE CV,MEXICO,MEX,40,23,0.8914,1143,10005715.85,grupo_grande;
JAM-000324,G068042,PEPSI COLA JAMAICA BOTTLING CO.,JAMAICA,JAM,6,4,0.8647,94,9982636.89,cohesion_baja;
USA-002703,G012132,"BRIDGESTONE AMERICAS TIRE OPERATIONS, LLC",ESTADOS UNIDOS,USA,6,3,0.8453,119,9910119.89,cohesion_baja;
USA-000313,G000835,ABSA AEROLINHAS BRASILEIRAS S.A. SUCURSAL COLOMBIA,ESTADOS UNIDOS,USA,6,3,0.8673,343,9885408.09,cohesion_baja;
ITA-000829,G074910,ROMANI & C. S.P.A.,ITALIA,ITA,15,11,0.8491,78,9850261.26,cohesion_baja;
USA-012428,G059972,MIAMI WALL SYSTEMS INC,ESTADOS UNIDOS,USA,7,4,0.8512,590,9801617.88,cohesion_baja;
PRY-000011,G001723,AEROVIAS DEL CONTINENTE AMERICANO S.A. AVIANCA,PARAGUAY,PRY,11,7,0.8497,409,9784697.01,cohesion_baja;
NLD-000927,G035059,FRESH SOLUTIONS FLOWERS BV,PAISES BAJOS,NLD,17,7,0.8645,406,9732597.55,cohesion_baja;
ECU-003580,G046339,INTERAMERICANA DE PRODUCTOS QUIMICOS DEL ECUADOR S.A,ECUADOR,ECU,16,9,0.8643,549,9689463.59,cohesion_baja;
FRA-000832,G077448,SEALOGIS FREIGHT FORWARDING,FRANCIA,FRA,6,5,0.8591,72,9675541.53,cohesion_baja;
PAN-000046,G001009,ACE INTERNATIONAL HARDWARE,PANAMA,PAN,18,7,0.8561,3961,9614027.16,cohesion_baja;
USA-006383,G031558,FALCON COFFEES LTD,ESTADOS UNIDOS,USA,13,8,0.8535,39,9563935.87,cohesion_baja;
USA-014775,G070068,PREMIUM FLOWERS,ESTADOS UNIDOS,USA,34,15,0.9407,5534,9518627.77,grupo_grande;
POL-000374,G083312,TBGROUP S.C. TOMASZ BRZOWSKI JAN BRZOZOWSKI.,POLONIA,POL,23,18,0.8513,401,9498255.99,grupo_grande;cohesion_baja;
DOM-002234,G069326,PLAZA LAMA S.A.,REPUBLICA DOMINICANA,DOM,18,10,0.8524,571,9494663.47,cohesion_baja;
BRA-001170,G044571,IMR METALLURGICAL RESOURCES AG,BRASIL,BRA,3,2,0.8685,7,9483526.85,cohesion_baja;
CAN-000853,G031749,FARM TO CANADA INC,CANADA,CAN,29,15,0.9426,3254,9444806.34,grupo_grande;
USA-004865,G023066,DECO TONE IMPORTS LLC,ESTADOS UNIDOS,USA,5,4,0.8462,291,9413626.63,cohesion_baja;
SAU-000091,G013057,CAL AL-WOULI COMPANY,ARABIA SAUDITA,SAU,4,3,0.8474,61,9408021.89,cohesion_baja;
USA-003859,G017517,COLOMBIAN EMERALD INVESTMENTS LLC,ESTADOS UNIDOS,USA,14,9,0.845,43,9364250.97,cohesion_baja;
VEN-000012,G047197,INVERSIONES MUNDO 2020 C.A,VENEZUELA,VEN,16,9,0.8623,1959,9352222.62,cohesion_baja;
MYS-000297,G090654,WESTROCK COFFEE & TEA MALAYSIA SDN BHD,MALASIA,MYS,6,3,0.8632,57,9316270.59,cohesion_baja;
ARG-001081,G081146,STARBUCKS CORPORATION,ARGENTINA,ARG,4,2,0.8557,118,9278347.55,cohesion_baja;
PER-001715,G041212,HEINEKEN PERÚ S.A.C,PERU,PER,4,2,0.8657,153,9273166.959999999,cohesion_baja;
USA-004942,G023335,DELL PRODUCTS LP c/o CTS,ESTADOS UNIDOS,USA,17,11,0.858,1158,9240797.75,cohesion_baja;
ECU-001863,G024444,DISAN ECUADOR S.A.,ECUADOR,ECU,10,7,0.8685,916,9218598.24,cohesion_baja;
USA-008145,G038578,GRACEKENNEDY FOODS (USA) LLC- FL,ESTADOS UNIDOS,USA,25,15,0.8485,575,9174206.55,grupo_grande;cohesion_baja;
VEN-000741,G018342,COMERCIALIZADORA MI CHINITA 18 C.A,VENEZUELA,VEN,15,9,0.8559,1039,9146226.47,cohesion_baja;
NLD-000522,G022888,DE GROOT INTERNATIONAL BV,PAISES BAJOS,NLD,15,9,0.864,265,9085941.35,cohesion_baja;
CAN-001647,G060638,MITSUI & CO COFFEE TRADING,CANADA,CAN,14,12,0.8485,23,9070156.04,cohesion_baja;
USA-012113,G058489,MAXIM SURAMERICA SAS - BALTIMORE,ESTADOS UNIDOS,USA,14,10,0.8496,207,9052459.0,cohesion_baja;
VEN-002960,G065677,OMNISALUD 1918 CASA DE REPRESENTACION C.A,VENEZUELA,VEN,6,4,0.8619,45,9029700.8,cohesion_baja;
ISR-000207,G072175,R. SHEM-TOV (2001) LTD,ISRAEL,ISR,9,7,0.8585,75,9019100.77,cohesion_baja;
USA-017019,G082002,SUNBURST FARMS INC,ESTADOS UNIDOS,USA,58,26,0.8459,4320,8920564.15,grupo_grande;cohesion_baja;
GBR-000420,G031558,FALCON COFFEES LTD,REINO UNIDO,GBR,13,5,0.8553,149,8850012.719999999,cohesion_baja;
USA-006404,G031597,FALL RIVER FLORIST SUPPLY,ESTADOS UNIDOS,USA,50,24,0.8798,2347,8820969.54,grupo_grande;
MEX-003899,G084385,THE COCA COLA EXPORT CORPORATION SUCURSAL EN MEXICO,MEXICO,MEX,9,5,0.8565,256,8818145.0,cohesion_baja;
NLD-001153,G042168,HOEK GROOTHANDEL B.V.,PAISES BAJOS,NLD,14,9,0.8446,411,8810278.37,cohesion_baja;
CUB-000031,G029053,EMPRESA IMPORTADORA EXPORTADORA DEL MINAL ALIMPEX,CUBA,CUB,10,8,0.8454,463,8729419.12,cohesion_baja;
MEX-003702,G079820,SNAPPERS AND CO SA DE CV,MEXICO,MEX,5,2,0.8617,63,8691868.92,cohesion_baja;
USA-009077,G043396,IGUANA COO FRESH FOODS,ESTADOS UNIDOS,USA,10,6,0.8686,211,8651788.54,cohesion_baja;
VEN-002112,G045672,INGENIERIA Y SERVICIOS,VENEZUELA,VEN,4,3,0.8535,238,8645414.05,cohesion_baja;
USA-003154,G014057,"CARLEX GLASS AMERICA, LLC",ESTADOS UNIDOS,USA,4,2,0.8448,183,8642837.56,cohesion_baja;
CUW-000534,G076919,SATEX AGENCIES B.V.,CURAZAO,CUW,15,11,0.8554,1564,8634626.469999999,cohesion_baja;
URY-000307,G060429,"MINISTERIO DE GANADERIA,  AGRICULTURA Y PESCA",URUGUAY,URY,3,3,0.8525,5,8549190.969999999,cohesion_baja;
USA-005383,G026324,DUPUY STORAGE AND,ESTADOS UNIDOS,USA,11,9,0.8565,37,8522405.86,cohesion_baja;
ZAF-000012,G003325,ALDOR AFRICA (PTY) LTD,SUDAFRICA,ZAF,17,10,0.8528,305,8475259.19,cohesion_baja;
USA-005522,G026650,EAST COAST FOOD DISTRIBUTORS,ESTADOS UNIDOS,USA,21,11,0.8426,3135,8444779.83,cohesion_baja;
BRA-000989,G036767,GENERAL MOTORS DO BRASIL LTDA,BRASIL,BRA,4,3,0.8524,356,8408479.350000001,cohesion_baja;
MEX-002376,G053082,LANDERSINCA MÉXICO- S.A. DE C.V.,MEXICO,MEX,7,5,0.8553,96,8407989.05,cohesion_baja;
GTM-000453,G017416,COLGATE-PALMOLIVE CENTRO AMERICA SA,GUATEMALA,GTM,13,9,0.8497,458,8400329.040000001,cohesion_baja;
USA-009835,G049016,JET FRESH FLOWER DISTRIBUTORS INC.,ESTADOS UNIDOS,USA,67,35,0.8469,2444,8282893.42,grupo_grande;cohesion_baja;
ECU-003193,G043842,IMPORT GREEN POWER TECHNOLOGY EQUIPMENT,ECUADOR,ECU,21,16,0.8441,172,8280981.760000001,grupo_grande;cohesion_baja;
USA-011821,G057381,MARIA FLOWERS INTERNATIONAL,ESTADOS UNIDOS,USA,18,7,0.8549,321,8250797.13,cohesion_baja;
CRI-000764,G020504,CORPORACION DE SUPERMERCADOS UNIDOS SRL,COSTA RICA,CRI,26,19,0.8635,503,8245326.180000001,grupo_grande;cohesion_baja;
CRI-001993,G059802,MEXICHEM COSTA RICA SA,COSTA RICA,CRI,17,10,0.8573,516,8222380.09,cohesion_baja;
HND-001328,G083609,TECNOLOGIA EMPRESARIAL LATINO AMERICA SA,HONDURAS,HND,9,6,0.8549,172,8199855.7,cohesion_baja;
CRI-001212,G032506,FERRETERIA EPA S.A. COSTA RICA,COSTA RICA,CRI,23,14,0.8502,1227,8197948.57,cohesion_baja;
ECU-005399,G072056,QUIMPAC ECUADOR S.A. QUIMPAC S.A.,ECUADOR,ECU,12,8,0.8625,335,8193706.46,cohesion_baja;
KOR-000088,G012931,CAFÉ NOGALES LTD 313,COREA DEL SUR,KOR,14,9,0.8688,99,8189842.05,cohesion_baja;
USA-000872,G004000,"ALLIUM FLOWERS AND GREENS, INC",ESTADOS UNIDOS,USA,24,13,0.8592,1798,8137994.399999999,cohesion_baja;
ECU-002877,G038669,GRANATE TRADING S A GRANATE TRADING S A / CONAUTO COMPAÑIA A,ECUADOR,ECU,4,3,0.8667,201,8086458.15,cohesion_baja;
CRI-002349,G072896,RECKITT BENCKISER (CENTROAMERICA ) S.A.,COSTA RICA,CRI,4,2,0.8646,768,8084998.760000001,cohesion_baja;
MEX-001667,G037466,GLAXOSMITHKLINE CONSUMER HEALTHCARE MEXICO S. DE R.L DE C.V,MEXICO,MEX,5,3,0.8643,128,8064114.58,cohesion_baja;
VEN-000888,G020651,"CORPORACIÓN MARFENG, C.A.",VENEZUELA,VEN,5,3,0.8501,152,8056980.67,cohesion_baja;
PER-000870,G020705,CORPORACION PERUANA DE PRODUCTOS QUIMICOS S.A.,PERU,PER,14,6,0.8646,341,8047064.48,cohesion_baja;
USA-007933,G037796,GLOBALROSE.COM LLC,ESTADOS UNIDOS,USA,13,6,0.8509,1412,8000287.43,cohesion_baja;
SINNOMBRE-000050,SINNOMBRE-000050,0,REPUBLICA DOMINICANA,DOM,1,1,1.0,2,7997767.01,sin_nombre_utilizable;
USA-019034,G090637,"Westfeldt Brothers, Inc",ESTADOS UNIDOS,USA,7,5,0.8592,69,7985537.760000001,cohesion_baja;
USA-011299,G055135,LOREAL US / NYX COSMETICS,ESTADOS UNIDOS,USA,3,2,0.8523,55,7959154.42,cohesion_baja;
USA-013847,G065454,OLAM AMERICAS - SPECIALTY COFFEE DIVISION,ESTADOS UNIDOS,USA,16,15,0.8908,84,7927084.140000001,grupo_grande;
CHN-000849,G077467,SEASTARR INTERNATIONAL PTE LTD,CHINA,CHN,3,2,0.8661,98,7884655.390000001,cohesion_baja;
PAN-001019,G053965,COMPAÑIA LEVAPAN DE PANAMA S.A.,PANAMA,PAN,31,15,0.9735,652,7868216.399999999,grupo_grande;
PRI-001280,G086003,"TRADEWIND PLASTICS, INC.",PUERTO RICO,PRI,7,5,0.8637,51,7854679.47,cohesion_baja;
PER-001754,G042042,HITACHI ENERGY PERU SA,PERU,PER,18,11,0.8502,85,7834125.87,cohesion_baja;
PER-001209,G028754,EMBOTELLADORA SAN MIGUEL DEL SUR SAC,PERU,PER,15,7,0.8548,108,7784766.8,cohesion_baja;
BOL-000902,G017802,SOCIEDAD COMERCIAL E INDUSTRIAL HANSA LTDA,BOLIVIA,BOL,11,8,0.8643,1667,7571666.75,cohesion_baja;
VEN-001538,G032438,"FERRECONSTRUCCIONES QUINTERO 2002, CA",VENEZUELA,VEN,15,9,0.8407,523,7553470.92,cohesion_baja;
USA-006442,G031848,FARMS FRESH,ESTADOS UNIDOS,USA,19,8,0.8535,623,7495563.05,cohesion_baja;
SINNOMBRE-000053,SINNOMBRE-000053,0,ZONA FRANCA (COLOMBIA),ZZF,1,1,1.0,2,7491914.94,sin_nombre_utilizable;
CHN-000123,G015909,Charoen Pokphand Import & Export Trading (Shanghai) Company,CHINA,CHN,13,13,0.857,54,7490363.38,cohesion_baja;
VEN-003568,G082303,SUPER COLONES C.A,VENEZUELA,VEN,10,6,0.8429,2280,7488585.08,cohesion_baja;
ECU-001345,G018350,COMERCIALIZADORA MIREYA GOYES SOCIEDAD CIVIL Y COMERCIAL MG,ECUADOR,ECU,12,10,0.848,384,7483291.69,cohesion_baja;
GBR-000033,G001822,AGC (COMMODITY STORE) LTD,REINO UNIDO,GBR,16,9,0.8481,82,7457843.25,cohesion_baja;
USA-018270,G087497,"UNITED INTERNATIONAL HOLDINGS, INC",ESTADOS UNIDOS,USA,3,3,0.8401,18,7411271.04,cohesion_baja;
NIC-000472,G060434,Ministerio de Salud de Nicaragua - CIPS/Ministerio de Salud/,NICARAGUA,NIC,3,3,0.8422,26,7389352.5,cohesion_baja;
SINNOMBRE-000049,SINNOMBRE-000049,0,PUERTO RICO,PRI,1,1,1.0,2,7378408.16,sin_nombre_utilizable;
PRT-000222,G064740,"NOVADELTA - COMERCIO E INDUSTRIA DE CAFES, UNIPESSOAL LDA",PORTUGAL,PRT,8,5,0.8497,48,7377422.44,cohesion_baja;
ECU-002449,G031573,FALCON FARMS DE ECUADOR S.A,ECUADOR,ECU,9,6,0.8571,471,7367781.39,cohesion_baja;
IDN-000075,G071329,PT ESSITY HYGIENE AND HEALTH INDONESIA,INDONESIA,IDN,5,4,0.8435,66,7338619.66,cohesion_baja;
ESP-001065,G028191,ELITE EXPORT INC S.A // GRADYFLOR ESPAÑA S.A,ESPANA,ESP,10,9,0.8443,402,7332784.95,cohesion_baja;
CHL-000412,G015230,CENCOSUD RETAIL S.A.,CHILE,CHL,8,5,0.8605,295,7271331.93,cohesion_baja;
ECU-006331,G085015,TIENDAS INDUSTRIALES ASOCIADAS TIA SA,ECUADOR,ECU,17,12,0.8537,216,7265036.069999999,cohesion_baja;
VEN-002701,G058095,MASIVE HOMES LLC,VENEZUELA,VEN,3,2,0.8508,102,7253384.9,cohesion_baja;
USA-008744,G041931,HINCAPIE SPORTSWEAR,ESTADOS UNIDOS,USA,223,214,0.9048,10042,7226601.97,grupo_grande;
BEL-000155,G019055,COMPAGNIE FRUITIERE PARIS,BELGICA,BEL,6,3,0.8661,209,7191708.539999999,cohesion_baja;
GTM-000513,G070421,COMPANIA PROCESADORA DE NIQUEL DE IZABAL S A,GUATEMALA,GTM,8,7,0.8474,30,7141774.029999999,cohesion_baja;
USA-014757,G070034,PREMIER FLORAL CORP,ESTADOS UNIDOS,USA,57,27,0.8423,2747,7112914.85,grupo_grande;cohesion_baja;
CUB-000264,G034232,FONDO CUBANO BIENES CULTURAL,CUBA,CUB,6,4,0.8559,799,7090767.939999999,cohesion_baja;
SLV-001276,G087351,UNION COMERCIAL DE EL SALVADOR S.A. DE C.V.,EL SALVADOR,SLV,21,15,0.8426,346,7058384.05,grupo_grande;cohesion_baja;
USA-008225,G038921,GREEN WORLD US LLC,ESTADOS UNIDOS,USA,15,10,0.8573,685,7027711.32,cohesion_baja;
DOM-002470,G079029,SIGMA ALIMENTOS D,REPUBLICA DOMINICANA,DOM,10,5,0.8583,291,6967606.300000001,cohesion_baja;
SUR-000050,G042067,H.J DE VRIES,SURINAME,SUR,17,9,0.841,705,6950524.07,cohesion_baja;
USA-019159,G091037,WONDERFUL CITRUS VENTURES LLC,ESTADOS UNIDOS,USA,5,3,0.8583,231,6863261.88,cohesion_baja;
LVA-000032,G089931,"VOLLERS-RIGA LTD. LINDES,",LETONIA,LVA,13,12,0.8567,85,6752190.17,cohesion_baja;
USA-008483,G040604,HALLIBURTON ENERGY SERVICES INC,ESTADOS UNIDOS,USA,25,13,0.8433,314,6752107.43,cohesion_baja;
USA-004302,G020917,CORTEVA AGRISCIENCE LLCDOW,ESTADOS UNIDOS,USA,7,4,0.8649,43,6743086.710000001,cohesion_baja;
TWN-000268,G090546,WEN XIN HUNG LTD,TAIWAN,TWN,7,4,0.864,71,6729686.6,cohesion_baja;
DOM-000527,G015613,CERVECERIA NACIONAL DOMINICANA S.A,REPUBLICA DOMINICANA,DOM,17,9,0.8637,292,6725194.6,cohesion_baja;
VEN-002530,G052829,LABORATORIOS VIVAX PHARMACEUTICAL C.A.,VENEZUELA,VEN,3,2,0.8597,350,6688868.88,cohesion_baja;
ECU-001041,G014447,CARTONES NACIONALES S.A.I. CARTOPEL,ECUADOR,ECU,9,8,0.8613,460,6673940.96,cohesion_baja;
SLV-000070,G004754,"AMCOR RIGID PACKAGING CENTROAMERICA, S.A DE C.V.",EL SALVADOR,SLV,11,9,0.8655,58,6644553.33,cohesion_baja;
USA-000051,G025776,DORMAN PRODUCTS INC,ESTADOS UNIDOS,USA,5,2,0.85,89,6632558.189999999,cohesion_baja;
PER-000292,G007449,ASOCIACION DE LOS TESTIGOS DE JEHOVA,PERU,PER,8,5,0.8525,512,6611426.84,cohesion_baja;
ECU-000433,G006201,AQUACARGILL DEL ECUADOR CIA LTDA,ECUADOR,ECU,8,7,0.8465,69,6593997.57,cohesion_baja;
USA-015922,G075981,SAINT PAUL COMMODITIES INC,ESTADOS UNIDOS,USA,13,8,0.8556,73,6552039.69,cohesion_baja;
CZE-000148,G081484,STORGE S.R.O.,CHEQUIA,CZE,19,8,0.8469,452,6541775.75,cohesion_baja;
USA-006046,G029960,ES WINDOWS NORTH CAROLINA LLC,ESTADOS UNIDOS,USA,9,6,0.8551,216,6540741.92,cohesion_baja;
GLP-000042,G060113,MIDI CARAIBES,GUADALUPE,GLP,12,7,0.8444,315,6511828.5,cohesion_baja;
ECU-006692,G090087,W.A. ETIQUETAS INTERNACIONALES,ECUADOR,ECU,11,8,0.8528,198,6508073.71,cohesion_baja;
USA-003551,G016168,"Chiquita Fresh North America, LLC",ESTADOS UNIDOS,USA,7,6,0.8625,83,6481621.68,cohesion_baja;
JPN-000384,G062738,MY SUCCESS CORP,JAPON,JPN,15,6,0.8684,988,6443699.24,cohesion_baja;
PRI-000657,G042103,HL HERNÁNDEZ LLC,PUERTO RICO,PRI,13,9,0.842,263,6433792.4,cohesion_baja;
PAN-002487,G044322,IMPORTADORA RICAMAR SA,PANAMA,PAN,22,11,0.8475,793,6351465.53,cohesion_baja;
ESP-001253,G032776,FIESTA COLOMBINA S.L.U B85905412,ESPANA,ESP,3,2,0.848,400,6347238.66,cohesion_baja;
PAN-000880,G022815,COMPANIA DE ALIMENTOS DE ANIMALES,PANAMA,PAN,43,25,0.8469,678,6285065.02,grupo_grande;cohesion_baja;
HND-000388,G024642,DISTRIBUCIONES UNIVERSALES SA DE CV,HONDURAS,HND,26,20,0.8409,464,6276375.43,grupo_grande;cohesion_baja;
USA-005738,G028347,ELITE EXPORTS INTERNATIONAL INC Y/O ELITE BLU PRODUCE INC,ESTADOS UNIDOS,USA,10,7,0.8434,107,6262443.91,cohesion_baja;
VEN-000624,G018431,"COMERCIALIZADORA SHADDAI, C.A",VENEZUELA,VEN,9,7,0.8618,477,6238996.85,cohesion_baja;
USA-006760,G033355,FLORABELLE INC,ESTADOS UNIDOS,USA,14,6,0.8463,1303,6212398.4,cohesion_baja;
MEX-001206,G025858,Dowell Schlumberger de México S. A. de C. V,MEXICO,MEX,25,19,0.8539,236,6200016.92,grupo_grande;cohesion_baja;
USA-008808,G042245,HOLEX WHOLESALE,ESTADOS UNIDOS,USA,52,23,0.856,4236,6186818.99,grupo_grande;cohesion_baja;
USA-010413,G051205,KENNICOTT BROTHERS,ESTADOS UNIDOS,USA,35,18,0.8564,1939,6116415.33,grupo_grande;cohesion_baja;
ITA-000974,G086082,TRAFILERIE CARLO GNUTTI SPA,ITALIA,ITA,5,4,0.8545,55,6115399.67,cohesion_baja;
VEN-002955,G065534,"OLIMPICA  GRUPO SAR,C.A",VENEZUELA,VEN,11,8,0.849,255,6077813.2,cohesion_baja;
PER-001043,G024447,DISAN PERU S.A.,PERU,PER,12,6,0.857,418,6075742.22,cohesion_baja;
HND-000379,G024571,Distib. ARclad C. A.S.A.de C.V,HONDURAS,HND,4,3,0.8436,787,6053839.76,cohesion_baja;
CRI-000510,G015074,CEFA CENTRAL FARMACEUTICA S.A,COSTA RICA,CRI,10,6,0.8626,985,6045481.42,cohesion_baja;
MEX-002803,G062860,NACIONAL DE SERVICIOS DARGUE S.A DE C.V R.F.C,MEXICO,MEX,13,8,0.865,237,6001814.52,cohesion_baja;
USA-012107,G058441,MAWI FOODS INC,ESTADOS UNIDOS,USA,9,5,0.8486,345,5981561.170000001,cohesion_baja;
PAN-000122,G001851,AGENCIA INTERNACIONAL DE MARCAS SA,PANAMA,PAN,21,12,0.8494,450,5952812.75,cohesion_baja;
DEU-000881,G055225,LOUIS DREYFUS COMPANY SUISSE SA,ALEMANIA,DEU,5,4,0.8581,9,5937702.62,cohesion_baja;
FRA-000869,G079921,SOCIÉTÉ INTERNATIONALE D´IMPORTATION - SIIM,FRANCIA,FRA,14,12,0.8566,157,5930594.04,cohesion_baja;
USA-012589,G084672,THE MKG GROUP LLC,ESTADOS UNIDOS,USA,8,4,0.8675,2615,5910894.55,cohesion_baja;
CHN-000938,G078513,SHANGHAI NEW SOURCE INTERNATIONAL TRADING CO. LTD,CHINA,CHN,5,3,0.8493,38,5897634.21,cohesion_baja;
CHL-002948,G090331,WATT'S,CHILE,CHL,11,10,0.8428,156,5894469.88,cohesion_baja;
PAN-000028,G000803,ABONOS DEL PACIFICO S.A.,PANAMA,PAN,14,7,0.8602,132,5866273.67,cohesion_baja;
DOM-001545,G045878,"INMUEBLECA, S.R.L",REPUBLICA DOMINICANA,DOM,16,9,0.8454,284,5865969.82,cohesion_baja;
DNK-000058,G043485,I.M. FRELLSEN K/S,DINAMARCA,DNK,10,7,0.8452,44,5845561.73,cohesion_baja;
PER-002318,G053622,LECHE GLORIA SOCIEDAD ANONIMA GLORIA S.A,PERU,PER,20,10,0.8467,321,5841836.89,cohesion_baja;
USA-017279,G085258,T.M.C. IMPORT & EXPORT COMPANY L.L.C. IMECA,ESTADOS UNIDOS,USA,20,12,0.8428,570,5807490.48,cohesion_baja;
USA-007226,G035202,FROM THE SOUTH INVESTMENTS LLC.,ESTADOS UNIDOS,USA,11,6,0.868,719,5803111.78,cohesion_baja;
MEX-000374,G008331,Avon Cosmetics Manufacturing SdeRL de CV,MEXICO,MEX,17,9,0.8485,443,5781503.1,cohesion_baja;
USA-002910,G021061,C/O COTIA USA LTD,ESTADOS UNIDOS,USA,11,6,0.8514,367,5776956.77,cohesion_baja;
BEL-000182,G023215,DEL MONTE GERMANY GMBH,BELGICA,BEL,11,5,0.8405,170,5717594.48,cohesion_baja;
USA-010591,G052098,"KUMBIA TRADING COMPANY, INC",ESTADOS UNIDOS,USA,17,8,0.845,214,5666675.88,cohesion_baja;
JAM-000414,G087244,UNICOMER JAMAICA LTD,JAMAICA,JAM,6,4,0.8435,225,5661893.78,cohesion_baja;
NLD-000920,G035023,FRESH FROM SOURCE B.V.,PAISES BAJOS,NLD,24,15,0.85,463,5633019.08,grupo_grande;cohesion_baja;
USA-002901,G012695,C. STEINWEG (USA) INC 4504 NORTH POINT BOULEVARD BALTIMORE,ESTADOS UNIDOS,USA,2,2,0.8599,2,5627402.74,cohesion_baja;
DOM-001376,G041735,HI FI S.A/FDC,REPUBLICA DOMINICANA,DOM,9,6,0.8525,194,5574289.33,cohesion_baja;
CHL-002872,G087303,UNILEVER CHILE LTDA,CHILE,CHL,5,4,0.8646,223,5572962.779999999,cohesion_baja;
CUB-000554,G085666,TORRENS BUSINESS SL,CUBA,CUB,4,3,0.8541,85,5530737.140000001,cohesion_baja;
ITA-001037,G091761,YOOX NET- A- PORTER GROUP SPA,ITALIA,ITA,13,9,0.8584,494,5528678.73,cohesion_baja;
NIC-000202,G026694,EBANISTA NICARAGUA SOCIEDAD ANONIMA,NICARAGUA,NIC,2,2,0.8465,37,5527098.49,cohesion_baja;
PRI-000147,G009633,"BEC CO, INC & HILL BROTHERS",PUERTO RICO,PRI,13,11,0.8669,218,5517916.4,cohesion_baja;
USA-014691,G069803,POTOMAC FLORAL WHOLESALE INC,ESTADOS UNIDOS,USA,39,20,0.8511,2416,5513811.83,grupo_grande;cohesion_baja;
MEX-001839,G040602,HALLIBURTON DE MEXICO S DE R. L DE CV,MEXICO,MEX,24,14,0.8667,299,5513265.86,cohesion_baja;
USA-005740,G028387,ELITE EXPORTS INTERNATIONAL INC Y/O FTD FLOWER EXCHANGE,ESTADOS UNIDOS,USA,7,3,0.844,1190,5492634.23,cohesion_baja;
CHN-000009,G039988,"Guangzhou Fresh Farmer Marketplace Co., Ltd",CHINA,CHN,8,7,0.8598,103,5432805.35,cohesion_baja;
VEN-002250,G047011,INVERSIONES EXECUTIVE VENEZUELA 2005,VENEZUELA,VEN,5,3,0.8445,1811,5421599.08,cohesion_baja;
ITA-000671,G057746,MARNI GROUP SRL - SOCIETA UNIPERSONALE,ITALIA,ITA,12,10,0.8509,445,5407962.44,cohesion_baja;
ECU-005034,G068048,PEPSICO ALIMENTOS ECUADOR CIA LTDA,ECUADOR,ECU,9,6,0.8609,229,5364061.17,cohesion_baja;
USA-009172,G044651,INCASA INC/ DBA INCASA COFFEE,ESTADOS UNIDOS,USA,7,4,0.8496,27,5328877.060000001,cohesion_baja;
ECU-003588,G046444,INTERMEDIARIA DE VENTAS SUPER BAHIA SUBAHI S.A.,ECUADOR,ECU,19,14,0.8627,1067,5286146.49,cohesion_baja;
PAN-002467,G044261,IMPORTADORA MADURO,PANAMA,PAN,26,15,0.8516,4509,5272040.93,grupo_grande;cohesion_baja;
USA-013506,G063860,NEW CONCEPTS DISTRIBUTORS,ESTADOS UNIDOS,USA,36,18,0.8408,567,5249209.45,grupo_grande;cohesion_baja;
ITA-000014,G001098,ACHARD INTERNATIONAL SRL,ITALIA,ITA,5,4,0.8687,65,5246558.29,cohesion_baja;
PAN-004201,G074597,Rodolfo Moreno y Cía S.A.,PANAMA,PAN,20,12,0.8666,282,5231561.38,cohesion_baja;
NLD-000717,G030735,EVEREST FRESH GROENTEN EN FRUIT B.V,PAISES BAJOS,NLD,7,5,0.8637,409,5230517.98,cohesion_baja;
ECU-002242,G029105,EMPRESA PUBLICA DE HIDROCARBUROS EP PETROECUADOR,ECUADOR,ECU,3,3,0.8537,33,5209008.63,cohesion_baja;
BEL-000211,G026387,DURME-NATIE CVBA,BELGICA,BEL,9,4,0.8631,37,5199533.939999999,cohesion_baja;
NLD-001524,G060566,MISSION PRODUCE EUROPE BV,PAISES BAJOS,NLD,12,8,0.8522,109,5192954.76,cohesion_baja;
ESP-002019,G053237,LATAM AIRLINES GROUP SA SUCURSAL CO,ESPANA,ESP,5,4,0.8442,23,5185039.149999999,cohesion_baja;
USA-009167,G044630,INBLOOM,ESTADOS UNIDOS,USA,28,18,0.8537,2435,5157804.24,grupo_grande;cohesion_baja;
ESP-003366,G086550,TROPICAL FRUIT EUROPE LLC,ESPANA,ESP,3,2,0.8497,166,5150507.91,cohesion_baja;
JPN-000584,G091714,YMS CO LTD,JAPON,JPN,25,15,1.0,636,5123286.16,grupo_grande;
ESP-002654,G066297,ORYX STAINLESS ESPA?A S.L.,ESPANA,ESP,15,12,0.8419,134,5120920.02,cohesion_baja;
JAM-000063,G013920,CARIBBEAN DEPOT DISTRIBUTORS LIMITED,JAMAICA,JAM,8,6,0.8469,49,5115584.76,cohesion_baja;
CRI-000049,G000804,ABONOS DEL PACÍFICO S.A. (ABOPAC),COSTA RICA,CRI,11,8,0.8602,159,5071668.8,cohesion_baja;
ECU-003378,G044854,INDUSTRIA ANDINA DE TRANSFORMADORES S.A.,ECUADOR,ECU,17,12,0.8537,350,5065989.43,cohesion_baja;
CHL-001053,G030119,ESPECIALIDADES OFTALMOLOGICAS SUCURSAL CHILE SPA,CHILE,CHL,3,2,0.8513,236,5029896.84,cohesion_baja;
GTM-000279,G010584,BIMBO DE CENTROAMERICA S A,GUATEMALA,GTM,8,6,0.846,196,5027322.25,cohesion_baja;
TTO-000322,G063737,NESTLE TRINIDAD AND TOBAGO LTD.,TRINIDAD Y TOBAGO,TTO,10,7,0.8492,107,5009308.16,cohesion_baja;
GUY-000186,G056131,MACHINERY REAL ESTATE AND INTEGRATED SERVICES INC,GUYANA,GUY,13,11,0.8502,223,5005596.34,cohesion_baja;
ECU-000299,G004282,ALPINA PRODUCTOS ALIMENTICIOS ALPIECUADOR S.A,ECUADOR,ECU,12,8,0.867,580,5000223.79,cohesion_baja;
KOR-000234,G025726,DONGKWANG FLOWER,COREA DEL SUR,KOR,14,8,0.8624,741,4990632.77,cohesion_baja;
NLD-001396,G053501,LBP- LOGISTIC BUSINESS PARTNERS (ROTTERDAM) B.V,PAISES BAJOS,NLD,13,9,0.8421,140,4984004.48,cohesion_baja;
USA-010496,G051529,Kingston Investments LLC,ESTADOS UNIDOS,USA,6,4,0.8507,16,4981531.14,cohesion_baja;
VEN-002478,G050951,KARIS INTERNACIONAL C.A.,VENEZUELA,VEN,7,4,0.8653,51,4939135.86,cohesion_baja;
MEX-000405,G008819,BAKER HUGHES OPERATIONS MEXICO S DE R L DE C V,MEXICO,MEX,23,16,0.858,118,4935326.83,grupo_grande;cohesion_baja;
USA-000877,G004026,ALLURE FARMS INC,ESTADOS UNIDOS,USA,34,16,1.0,3991,4930107.36,grupo_grande;
VEN-001713,G038744,GRANOS MOLDEABLES GRAMOL C.A.,VENEZUELA,VEN,11,6,0.8667,345,4925197.29,cohesion_baja;
CRI-000036,G010586,BIMBO DE COSTA RICA S A,COSTA RICA,CRI,11,8,0.8627,321,4920166.77,cohesion_baja;
USA-004128,G019818,"Continental Terminals Annex, Inc.",ESTADOS UNIDOS,USA,17,11,0.8679,90,4906127.560000001,cohesion_baja;
JPN-000497,G078730,"SHIMIZU TRADING CO., LTD",JAPON,JPN,6,5,0.8422,9,4886759.49,cohesion_baja;
CAN-000326,G011135,BLOOMSTAR TORONTO,CANADA,CAN,19,10,0.84,1469,4866984.71,cohesion_baja;
DEU-000752,G049618,JOKER JURGEN BERNLOHR GMBH,ALEMANIA,DEU,5,4,0.8472,131,4828762.37,cohesion_baja;
ISR-000121,G047862,ISRAEL AEROSPACE INDUSTRIES LTD. - AVIATION GROUP,ISRAEL,ISR,10,7,0.8666,44,4825317.6,cohesion_baja;
MYS-000167,G056610,MAN CORP PTE LTD,MALASIA,MYS,7,5,0.8559,37,4803773.470000001,cohesion_baja;
CAN-001187,G044491,IMPORTATIONS ALIMENTAIRES MONDIALES,CANADA,CAN,4,3,0.8617,49,4764548.13,cohesion_baja;
GBR-000574,G042047,HITACHI ENERGY UK LIMITED,REINO UNIDO,GBR,4,3,0.8596,6,4745201.3,cohesion_baja;
USA-012605,G060821,MODA OPERANDI INC,ESTADOS UNIDOS,USA,13,8,0.8493,1166,4731217.65,cohesion_baja;
BRA-002497,G090465,WEG Equipamentos e Logística Ltda,BRASIL,BRA,6,5,0.8593,271,4727799.609999999,cohesion_baja;
GBR-000714,G051453,KIMBERLY CLARK C/O NORBERT DENTRESS ANGLE,REINO UNIDO,GBR,4,2,0.8415,175,4716844.560000001,cohesion_baja;
USA-012524,G060302,"MILLENIUM PRODUCTS OF AMERICA, INC",ESTADOS UNIDOS,USA,5,3,0.8508,196,4687188.37,cohesion_baja;
SLV-000249,G019653,CONSTRUCTORA MECO S.A SUCURSAL EL SALVADOR,EL SALVADOR,SLV,10,9,0.861,584,4664426.24,cohesion_baja;
USA-002965,G012966,CAFEMIX USA CORP,ESTADOS UNIDOS,USA,4,3,0.8457,41,4662142.42,cohesion_baja;
JPN-000433,G066464,OTANI TRADING LTD.,JAPON,JPN,24,17,0.9222,371,4659046.67,grupo_grande;
ARG-000117,G008754,BAKER HUGHES ARGENTINA SRL BAKER,ARGENTINA,ARG,8,7,0.8427,130,4624626.29,cohesion_baja;
CRI-001219,G032715,FIBRAS DE CENTROAMERICA S.A.,COSTA RICA,CRI,13,8,0.8582,424,4579292.359999999,cohesion_baja;
HND-000367,G024317,DINAMICA PLASTICA S.A. DE C.V.,HONDURAS,HND,10,6,0.8636,135,4568167.03,cohesion_baja;
BEL-000165,G021930,CWT COMMODITIES (ANTWERP) NV,BELGICA,BEL,9,5,0.8425,38,4564401.529999999,cohesion_baja;
ECU-004229,G056301,MAFRICO S.A,ECUADOR,ECU,6,4,0.8408,123,4551824.55,cohesion_baja;
MEX-003179,G070173,PRIMA FREE TRADE CANCUN,MEXICO,MEX,16,7,0.8572,1915,4541733.68,cohesion_baja;
CAN-000193,G006058,APEX FLORAL DISTRIBUTORS,CANADA,CAN,38,19,0.8409,1827,4515567.18,grupo_grande;cohesion_baja;
ESP-001773,G046686,INTERTROPICO IMPORTACION SLU,ESPANA,ESP,23,16,0.9178,842,4513262.28,grupo_grande;
VEN-002105,G046805,"INVERSIONES 251233, C.A",VENEZUELA,VEN,21,10,0.8551,816,4509126.91,cohesion_baja;
CHN-001186,G091342,"Xiamen C&D Food Service Co., Ltd.",CHINA,CHN,2,2,0.8697,3,4505729.739999999,cohesion_baja;
GBR-001239,G088903,VERED FLOWERS IMPORT LIMITED,REINO UNIDO,GBR,32,16,0.8939,1168,4502581.4,grupo_grande;
CRI-000459,G013180,CALOX COMERCIAL SOCIEDAD ANONIMA,COSTA RICA,CRI,3,2,0.8518,104,4438283.01,cohesion_baja;
ARG-000674,G052589,LABORATORIO ELEA PHOENIX S.A.,ARGENTINA,ARG,4,3,0.8491,12,4422716.29,cohesion_baja;
ECU-003398,G044939,INDUSTRIA ECUATORIANA DE CABLES INCABLE S.A.,ECUADOR,ECU,10,7,0.8589,92,4422698.97,cohesion_baja;
USA-004376,G021271,CREATIVE FLORAL SOLUTIONS INC,ESTADOS UNIDOS,USA,46,24,0.8415,1978,4396703.689999999,grupo_grande;cohesion_baja;
MEX-001167,G025059,"DISTRIBUIDORA LIVERPOOL, S.A. DE C.V.",MEXICO,MEX,21,11,0.8658,570,4390172.62,cohesion_baja;
USA-018300,G087577,UNIVERSAL GREENS AND FLOWERS,ESTADOS UNIDOS,USA,51,23,0.8873,2397,4380393.05,grupo_grande;
NLD-000549,G024404,DIRECT FRESH SOURCING GMBH,PAISES BAJOS,NLD,4,2,0.8689,180,4355394.810000001,cohesion_baja;
CRI-002258,G070310,"Prismar de Costa Rica, S.A.",COSTA RICA,CRI,7,5,0.8655,238,4352728.140000001,cohesion_baja;
KOR-000790,G091124,WORLD FLORA CO. LTD,COREA DEL SUR,KOR,54,28,0.8536,1119,4333162.43,grupo_grande;cohesion_baja;
NGA-000031,G027740,EKULO INTERNATIONAL LIMITED,NIGERIA,NGA,4,2,0.8522,126,4332747.79,cohesion_baja;
ESP-001390,G035708,FYFFES INTERNATIONAL,ESPANA,ESP,3,3,0.8649,152,4318263.44,cohesion_baja;
PAN-002070,G037469,"GLAXOSMITHKLINE PANAMA, S.A.",PANAMA,PAN,13,7,0.8477,297,4299041.439999999,cohesion_baja;
CAN-001514,G056092,MACARTHURS QUALITY FLOWERS & PLANTS INC,CANADA,CAN,50,27,0.842,1047,4297346.79,grupo_grande;cohesion_baja;
GTM-000953,G034204,FOGEL DE CENTROAMERICA S.A.,GUATEMALA,GTM,14,10,0.8523,121,4288264.74,cohesion_baja;
PER-001672,G039897,GSK CONSUMER HEALTHCARE PERU S.R.L,PERU,PER,9,5,0.8601,56,4269102.850000001,cohesion_baja;
CAN-000025,G000156,1801794 ONTARIO INC SIERRA FLOWERS,CANADA,CAN,22,13,0.8455,590,4219303.07,cohesion_baja;
HND-000895,G053166,LARACH & CIA S DE RL DE C V,HONDURAS,HND,35,25,0.8801,742,4203854.62,grupo_grande;
USA-004757,G022577,DAVE CARTER & ASSOCIATES INC,ESTADOS UNIDOS,USA,7,5,0.8437,429,4203289.3,cohesion_baja;
CUW-000001,G041163,"HECTOR HENRIQUEZ B., INC",CURAZAO,CUW,26,19,0.8771,962,4189807.84,grupo_grande;
PAN-000152,G002269,AGROCAMPO PANAMA,PANAMA,PAN,16,8,0.8642,559,4189547.64,cohesion_baja;
ITA-000388,G031192,F. LLI BARILE S.P.A. S.U.,ITALIA,ITA,28,21,0.848,549,4188074.26,grupo_grande;cohesion_baja;
MEX-001399,G030821,EXCAVACIONES Y PROYECTOS DE MEXICO S.A. DE C.V.,MEXICO,MEX,5,4,0.8664,161,4179246.16,cohesion_baja;
ECU-002882,G038710,GRANDES ALCIVAR WILSON ISAAC,ECUADOR,ECU,4,2,0.8681,166,4171356.75,cohesion_baja;
PAN-003963,G070676,PRODUCTOS ELECTRICOS DE CENTROAMERICA SA PRODELCA,PANAMA,PAN,11,7,0.8522,149,4150941.2,cohesion_baja;
ESP-000304,G007609,"ASV NATUR FLOR NATURAL, S.L.",ESPANA,ESP,16,10,0.8551,552,4104546.36,cohesion_baja;
ECU-005953,G079420,SISTEMAS CONSTRULIVIANOS CIA LTDA,ECUADOR,ECU,5,4,0.8406,353,4102410.33,cohesion_baja;
ECU-004552,G060965,MOLECULAS BIOLOGICAS BIOMOLEC CIA LTDA,ECUADOR,ECU,3,2,0.8539,336,4101912.25,cohesion_baja;
HND-000224,G002109,COMPAÑIA AGRICOLA INDUSTRIAL CEIBEÑA S.A,HONDURAS,HND,12,10,0.8533,131,4070897.57,cohesion_baja;
BEL-000154,G018980,COMMODITY CENTRE BELGIUM,BELGICA,BEL,5,2,0.8533,15,4055922.04,cohesion_baja;
ROU-000046,G033281,FLOR DE LOS ANDES SRL,RUMANIA,ROU,22,17,0.8743,743,4050901.7,grupo_grande;
BRA-001081,G040639,HALLIBURTON PRODUTOS LTDA,BRASIL,BRA,3,2,0.8606,319,4039226.01,cohesion_baja;
ITA-000753,G065978,ORANGE FLOWERS SRL,ITALIA,ITA,14,12,0.8412,514,4031836.32,cohesion_baja;
USA-015395,G073866,"RGS PRODUCTS, INC",ESTADOS UNIDOS,USA,9,4,0.8553,173,4027919.64,cohesion_baja;
ECU-003097,G042693,HUERA HUERA SEGUNDO MARCOS,ECUADOR,ECU,7,4,0.8645,249,4017139.98,cohesion_baja;
USA-014556,G068859,PINNACLE FLOWERS LLC,ESTADOS UNIDOS,USA,41,18,0.8409,2563,4009965.96,grupo_grande;cohesion_baja;
USA-019415,G091969,ZAMBA FLOWERS LLC DBA TRILOGY FLORAL,ESTADOS UNIDOS,USA,63,29,0.857,2197,4007586.93,grupo_grande;cohesion_baja;
USA-002452,G011112,BLOOMS FLORAL,ESTADOS UNIDOS,USA,21,11,0.8648,1085,4003319.2,cohesion_baja;
ISR-000157,G059952,MIAL IMPEX LTD,ISRAEL,ISR,5,4,0.8425,26,3995223.16,cohesion_baja;
ISR-000013,G002188,AGRIVER AGRICULTURE LTD,ISRAEL,ISR,8,6,0.8454,319,3987666.68,cohesion_baja;
USA-006130,G030384,ESW  WINDOWS LLC,ESTADOS UNIDOS,USA,6,4,0.8656,63,3965489.99,cohesion_baja;
CAN-000885,G033182,FLEURIGROS,CANADA,CAN,33,15,0.8984,2672,3960824.79,grupo_grande;
ECU-002411,G035683,FV AREA ANDINA SA,ECUADOR,ECU,25,16,1.0,434,3943672.89,grupo_grande;
GTM-000061,G002247,"AGRO TRADING CORPORATION, S.A.",GUATEMALA,GTM,5,3,0.8636,64,3939682.45,cohesion_baja;
PRI-000854,G060730,M&M FLOWER MARKET & DECO,PUERTO RICO,PRI,17,12,0.8507,428,3905815.24,cohesion_baja;
VEN-001402,G028858,EMIRO ALFONSO RIVERA MEJIA/ SUPERMERCADO DON EMIRO,VENEZUELA,VEN,6,3,0.841,386,3905546.93,cohesion_baja;
GTM-001918,G070151,"PRICESMART (GUATEMALA), SOCIEDAD ANONIMA",GUATEMALA,GTM,6,3,0.8525,294,3895291.83,cohesion_baja;
KAZ-000657,G025418,OOO D.K.F - FLOWERS AND FLOWERS LTD,KAZAJSTAN,KAZ,31,19,0.8845,264,3887550.01,grupo_grande;
VEN-000889,G020174,"CORPORACION AVILA, C.A.",VENEZUELA,VEN,6,4,0.8413,110,3877593.57,cohesion_baja;
ECU-002089,G027068,ECUATORIANA DE MANGUERAS ECUAMANGUERAS CIA LTDA,ECUADOR,ECU,11,7,0.8493,993,3875499.18,cohesion_baja;
VEN-000703,G018245,COMERCIALIZADORA INT DE PRODUCTOS DE ACEROS CA.,VENEZUELA,VEN,10,7,0.8416,119,3867540.34,cohesion_baja;
USA-005470,G025975,Dreamseat,ESTADOS UNIDOS,USA,47,44,0.9175,333,3866411.88,grupo_grande;
CAN-000621,G021091,COURCHESNE LAROSE,CANADA,CAN,14,9,0.869,255,3855133.03,cohesion_baja;
CHL-000680,G018479,COMERCIALIZADORA Y DISTRIBUID.JOFRAN SPA,CHILE,CHL,3,2,0.8521,59,3854731.96,cohesion_baja;
USA-018496,G088052,VALCOURT EXT BUILDING SERVICES OF F,ESTADOS UNIDOS,USA,8,5,0.8446,65,3841975.9,cohesion_baja;
PAN-001610,G027966,ELECTRICIDAD CASTELLANOS,PANAMA,PAN,17,7,0.8542,1136,3831369.99,cohesion_baja;
USA-001032,G004834,AMERICAN FLORIST SUPPLY,ESTADOS UNIDOS,USA,25,11,0.8417,934,3828854.77,cohesion_baja;
ECU-005720,G076328,SAN MIGUEL INDUSTRIAS ECUADOR SANMINDEC S.A.,ECUADOR,ECU,7,5,0.8553,156,3823708.29,cohesion_baja;
CUW-000136,G014400,"CARROT EXPORT FOODS & DRINKS, LAS FRUTAS DEL SUR",CURAZAO,CUW,3,3,0.8581,3482,3819031.96,cohesion_baja;
CHL-002128,G063689,Nestle Chile S.A,CHILE,CHL,12,9,0.8638,80,3796179.25,cohesion_baja;
USA-019237,G091286,X PRESS SHAPEWEAR LL,ESTADOS UNIDOS,USA,63,49,0.8422,8974,3782220.22,grupo_grande;cohesion_baja;
SAU-000385,G083097,TAMIMI MARKETS CO LLC,ARABIA SAUDITA,SAU,12,10,0.8549,582,3775505.79,cohesion_baja;
VEN-001190,G024844,"DISTRIBUIDORA DE PRODUCTOS HERMANOS CAMACHO DPROCA, C.A",VENEZUELA,VEN,8,6,0.8595,97,3775337.51,cohesion_baja;
RUS-000381,G047539,IP KASATOV V.V.,RUSIA,RUS,13,8,0.8532,82,3755612.59,cohesion_baja;
ECU-000834,G012060,BRENNTAG ECUADOR S.A,ECUADOR,ECU,8,5,0.863,297,3734435.26,cohesion_baja;
PAN-003765,G067140,PANAMERICANA DE DISTRIBUCION PADIS,PANAMA,PAN,7,4,0.8536,3794,3731442.97,cohesion_baja;
PER-003470,G080131,SOLENIS PERU SAC,PERU,PER,8,6,0.8665,271,3727660.01,cohesion_baja;
CAN-001916,G070793,PRODUITS DES CHAMPS INC,CANADA,CAN,5,3,0.8624,472,3711921.95,cohesion_baja;
ARE-000439,G038076,GOLDEN LANDMARK COFFEE TRADING LLC,EMIRATOS ARABES UNIDOS,ARE,6,3,0.8542,34,3700509.99,cohesion_baja;
VEN-000466,G013737,CARBONERA DE NEGOCIOS VENEZOLANOS COMPANIA ANONIMA,VENEZUELA,VEN,24,12,0.854,175,3669821.13,cohesion_baja;
SLV-000053,G004137,ALMACENES SIMAN S.A. DE C.V.,EL SALVADOR,SLV,33,24,0.8542,490,3664754.4,grupo_grande;cohesion_baja;
PAN-002619,G046227,INTEGRALES AGROPECUARIOS,PANAMA,PAN,8,3,0.863,226,3659568.53,cohesion_baja;
BRA-000380,G008773,BAKER HUGHES DO BRASIL LTDA,BRASIL,BRA,5,3,0.8557,177,3645472.19,cohesion_baja;
CRI-002827,G089706,VITALIS SUCURSAL COSTA RICA,COSTA RICA,CRI,4,2,0.8561,516,3640448.09,cohesion_baja;
VEN-001683,G037722,"GLOBAL SHOPPING 0810, C.A",VENEZUELA,VEN,7,4,0.8567,261,3622367.15,cohesion_baja;
GTM-001895,G069529,POLIMEROS Y TECNOLOGIA SOCIEDAD ANONIMA,GUATEMALA,GTM,8,4,0.8413,126,3620106.03,cohesion_baja;
USA-006860,G033676,FLORIMEX FREIGHT FORWARD LLC,ESTADOS UNIDOS,USA,35,18,0.8437,2348,3615577.93,grupo_grande;cohesion_baja;
USA-005297,G025996,DREISBACH WHOLESALE FLORIST INC,ESTADOS UNIDOS,USA,53,29,0.8417,1708,3595950.27,grupo_grande;cohesion_baja;
USA-016883,G081319,STELLAR FARMS LLC / BOUQUET,ESTADOS UNIDOS,USA,47,24,0.852,1598,3582270.76,grupo_grande;cohesion_baja;
USA-004549,G013879,Carhartt 3PL Columbus,ESTADOS UNIDOS,USA,3,2,0.8574,37,3581161.24,cohesion_baja;
ITA-000741,G065461,OLAM ITALIA S.R.L.,ITALIA,ITA,7,6,0.8582,27,3565108.1,cohesion_baja;
BRA-001342,G067159,PANASONIC DO BRASIL LTDA,BRASIL,BRA,6,5,0.841,52,3560941.5,cohesion_baja;
ARE-000395,G035033,FRESH FRUITS COMPANY VEGETABLES AND FRUIT TRADING LLC,EMIRATOS ARABES UNIDOS,ARE,18,10,0.8617,1302,3532074.34,cohesion_baja;
VNM-000002,G000649,AB PLUS LOGISTICS JOINT STOCK COMPANY,VIET NAM,VNM,9,6,0.8454,28,3524789.94,cohesion_baja;
ESP-001355,G035289,"FRUITS CMR, S.A.U",ESPANA,ESP,22,17,0.9454,547,3521146.44,grupo_grande;
KOR-000199,G022103,DAEDONG GARDENING,COREA DEL SUR,KOR,7,4,0.8616,603,3507980.32,cohesion_baja;
KOR-000205,G022109,"DAESANG F&B CO., LTD",COREA DEL SUR,KOR,6,3,0.8562,70,3501796.85,cohesion_baja;
THA-000211,G079668,"SMART DIAM CO.,LTD.",TAILANDIA,THA,8,7,0.8477,16,3462472.59,cohesion_baja;
USA-002799,G012525,BURCHAM INTERNATIONAL,ESTADOS UNIDOS,USA,3,2,0.8623,19,3459320.13,cohesion_baja;
KOR-000345,G037997,GOEUN FLOWER,COREA DEL SUR,KOR,7,4,0.8505,417,3453633.38,cohesion_baja;
PRI-000320,G021754,CULTIVOS DEL NUEVO MILENIO,PUERTO RICO,PRI,7,5,0.8559,120,3451091.42,cohesion_baja;
USA-001995,G009074,BANDY RANCH FLORAL,ESTADOS UNIDOS,USA,13,7,0.8623,482,3442262.1,cohesion_baja;
CRI-001822,G053062,"LANCO & HARRIS MANUFACTURING CORPORATION, SRL",COSTA RICA,CRI,12,9,0.8627,202,3432951.1,cohesion_baja;
USA-001655,G007710,ATLANTIC RACK & SHELVING INC,ESTADOS UNIDOS,USA,6,4,0.8573,60,3429272.819999999,cohesion_baja;
HND-000554,G032611,FERTILIZANTES INSUMOS Y NUTRIENTES DEL CAMPO SA,HONDURAS,HND,10,9,0.8589,132,3426279.4,cohesion_baja;
USA-010420,G051214,KENNY FLOWERS LLC I20 1403,ESTADOS UNIDOS,USA,6,3,0.8414,498,3420751.09,cohesion_baja;
GTM-001702,G062397,"MULTIQUIMICA CENTROAMERICANA, S.A",GUATEMALA,GTM,13,9,0.8406,54,3390770.35,cohesion_baja;
USA-009575,G048164,J VAN VLIET USA INC,ESTADOS UNIDOS,USA,61,30,0.8418,2243,3387802.57,grupo_grande;cohesion_baja;
ECU-005144,G069293,PLATINIUM PART PLATPART SA,ECUADOR,ECU,5,4,0.8615,218,3377888.82,cohesion_baja;
USA-006148,G030550,EURO-WALL LLC,ESTADOS UNIDOS,USA,8,5,0.8567,180,3370001.09,cohesion_baja;
BRA-001837,G069135,PLASFLEX INDÚSTRIA E COMERCIO LTDA CNPJ: 09041943000137,BRASIL,BRA,3,2,0.8696,24,3369663.0,cohesion_baja;
DOM-000631,G019429,CONSORCIO AZUCARERO DE EMPRESAS INDUSTRIALES CAEI SA,REPUBLICA DOMINICANA,DOM,27,18,0.8441,117,3353932.57,grupo_grande;cohesion_baja;
CRI-000731,G022976,COOPERATIVA DE PRODUCTORES DE LECHE DOS PINOS R.L,COSTA RICA,CRI,13,11,0.8411,160,3347440.95,cohesion_baja;
PRT-000124,G035710,FYFFES INTERNATIONAL SA / SOUTH AMERICAN FRUITS SRL,PORTUGAL,PRT,3,2,0.8649,128,3347429.49,cohesion_baja;
PAN-004407,G079233,SIMLER BUSINESS SA,PANAMA,PAN,8,4,0.8649,6510,3339337.3,cohesion_baja;
CAN-002231,G082096,SUNSHINE BOUQUET CO. / SN LONGO¿S FRUIT MARKET,CANADA,CAN,13,9,0.8527,160,3322000.63,cohesion_baja;
MEX-000822,G018000,COMERCIALIZADORA 1888 SA DE CV,MEXICO,MEX,16,8,0.8668,457,3299381.43,cohesion_baja;
USA-018011,G086564,TROPICAL PRODUCE SPECIALIST CORP.,ESTADOS UNIDOS,USA,16,14,0.8487,115,3295277.5,cohesion_baja;
USA-002097,G009543,BDC EVERFLORA CHICAGO/AL,ESTADOS UNIDOS,USA,15,7,0.8659,406,3268319.67,cohesion_baja;
SWE-000070,G050766,KAHLS KAFFE AB,SUECIA,SWE,4,3,0.8641,22,3261608.1,cohesion_baja;
JAM-000161,G037389,GK FOODS AND SERVICES LTD.,JAMAICA,JAM,13,9,0.8643,70,3256666.15,cohesion_baja;
GBR-000054,G003926,ALL SEASONS FLOWERS LTD,REINO UNIDO,GBR,17,9,0.8499,1123,3250543.65,cohesion_baja;
USA-008454,G087870,U.S. GREENS CORP,ESTADOS UNIDOS,USA,37,15,0.8619,1512,3246045.65,grupo_grande;cohesion_baja;
DOM-000943,G028163,ELIAS ELECTRIC AND LIGHTING SAS,REPUBLICA DOMINICANA,DOM,19,11,0.8448,200,3245844.68,cohesion_baja;
ABW-000136,G014260,CARMESTER ENTERPRISES VBA,ARUBA,ABW,4,3,0.8407,3541,3238239.27,cohesion_baja;
USA-009133,G043746,IMPEXSA CORP DBA MAKERS SHOES,ESTADOS UNIDOS,USA,7,5,0.858,520,3236573.35,cohesion_baja;
ZAF-000077,G043489,I & M Smith (Pty) Ltd.,SUDAFRICA,ZAF,7,5,0.8452,40,3223124.76,cohesion_baja;
HND-001264,G080308,SOLUCIONES QUIMICAS INDUSTRIALES  SA DE CV,HONDURAS,HND,13,9,0.8585,170,3217614.85,cohesion_baja;
VCT-000033,G081058,ST. VINCENT BREWERY LIMITED,SAN VICENTE Y LAS GRANADINAS,VCT,6,4,0.8407,90,3212036.0,cohesion_baja;
ECU-002575,G033567,FLORES RAMOS FREDDY JAVIER,ECUADOR,ECU,3,2,0.8584,133,3203488.71,cohesion_baja;
USA-005889,G028853,Eminent inc Dba Revolve clothing,ESTADOS UNIDOS,USA,18,10,0.8552,243,3190773.03,cohesion_baja;
NLD-001495,G059174,MEHADRIN TNUPORT EXPORT LP,PAISES BAJOS,NLD,8,5,0.8435,79,3181547.83,cohesion_baja;
BEL-000088,G010180,BERNHARD ROTHFOS INTERCAFE AG,BELGICA,BEL,5,2,0.8507,21,3172234.41,cohesion_baja;
ESP-000972,G025463,"DM PORTUGAL, SOCIEDADE UNIPERSSOAL,LDA",ESPANA,ESP,4,3,0.8607,26,3160265.4,cohesion_baja;
SINNOMBRE-000051,SINNOMBRE-000051,0,REPUBLICA DOMINICANA,DOM,1,1,1.0,1,3159592.12,sin_nombre_utilizable;
CHL-002174,G065315,OEG OUTSOURCING ELECTRICAL GROUP SPA,CHILE,CHL,5,4,0.8638,178,3144179.46,cohesion_baja;
CRI-000760,G020481,"CORPORACION DE DESARROLLO AGRICOLA DEL MONTE, S.A.",COSTA RICA,CRI,17,14,0.8434,133,3135477.31,cohesion_baja;
CAN-000974,G035066,FRESH TASTE PRODUCE LIMITED,CANADA,CAN,13,8,0.8455,303,3129925.83,cohesion_baja;
USA-007916,G037708,GLOBAL ROSE.COM LLC,ESTADOS UNIDOS,USA,8,4,0.8493,1839,3127210.95,cohesion_baja;
USA-003764,G017066,COAST CITRUS DISTRIBUTORS DBA COAST TROPICAL,ESTADOS UNIDOS,USA,6,2,0.8616,69,3080160.1,cohesion_baja;
JPN-000110,G022016,D-MARKET CO LTD,JAPON,JPN,32,16,1.0,721,3079931.66,grupo_grande;
USA-010103,G050085,JP TRADING AND GLOBAL IMPORTS LLC,ESTADOS UNIDOS,USA,6,2,0.8604,336,3079676.67,cohesion_baja;
USA-012621,G060924,MOHAWK INDUSTRIES INC,ESTADOS UNIDOS,USA,4,2,0.8504,577,3074323.02,cohesion_baja;
BRA-002410,G088155,VALGROUP RJ INDUSTRIA R-PET LTDA,BRASIL,BRA,3,3,0.8477,31,3066795.0,cohesion_baja;
VEN-001556,G032508,FERRETERIA EPA VENEZUELA,VENEZUELA,VEN,14,7,0.8559,433,3065482.31,cohesion_baja;
ECU-003071,G042062,HIVIMAR S.A.,ECUADOR,ECU,8,5,0.8408,392,3035239.53,cohesion_baja;
CAN-000419,G013272,Cambrian,CANADA,CAN,39,18,0.8444,1643,2990162.87,grupo_grande;cohesion_baja;
ECU-001625,G021355,CRISTALERIA DEL ECUADOR S.A. HQ CRIDESA,ECUADOR,ECU,18,13,0.8681,105,2973741.12,cohesion_baja;
MEX-003966,G086627,TRUCA IMPORT & EXPORT S.A. DE C.V,MEXICO,MEX,28,19,0.8448,244,2964975.19,grupo_grande;cohesion_baja;
DEU-000038,G001960,AGP SGLASS EUROPE GMBH,ALEMANIA,DEU,2,2,0.8559,395,2948687.43,cohesion_baja;
JPN-000138,G028394,ELITE EXPORTS INTERNATIONAL INC Y/O GREENWINGS JAPAN K K,JAPON,JPN,7,3,0.8448,269,2945920.99,cohesion_baja;
BRA-001752,G066581,OWENS ILLINOIS DO BRASIL IND COM LTDA,BRASIL,BRA,5,5,0.8439,88,2944532.37,cohesion_baja;
NIC-000221,G029086,EMPRESA NACIONAL DE TRANSMISION ELECTRICA,NICARAGUA,NIC,16,15,0.8438,108,2944379.38,grupo_grande;cohesion_baja;
BRA-000861,G031694,FARBIA CHEMICALS COMERCIO IMPORTACAO E EXPORTACAO LTDA,BRASIL,BRA,2,2,0.8559,29,2922352.0,cohesion_baja;
CRI-000723,G002335,COOPERATIVA AGROINDUSTRIAL DE SERVICIOS MULTIPLES DE PRODUCT,COSTA RICA,CRI,7,5,0.8664,52,2920620.93,cohesion_baja;
NLD-001659,G065984,ORANGE IMPORT B.V.,PAISES BAJOS,NLD,6,4,0.8536,165,2918914.4,cohesion_baja;
CRI-001603,G046228,INTEGRALES AGROPECUARIOS INTERAGRO,COSTA RICA,CRI,5,3,0.8507,167,2903730.0,cohesion_baja;
PER-001701,G040586,HALEON PERU S.R.L,PERU,PER,3,2,0.8571,35,2902603.36,cohesion_baja;
ECU-001889,G024640,DISTRIBUCIONES TOVECO CIA.LTDA,ECUADOR,ECU,8,6,0.8571,193,2881768.92,cohesion_baja;
USA-001918,G011633,BOP LLC,ESTADOS UNIDOS,USA,16,8,0.8688,432,2871887.65,cohesion_baja;
USA-006348,G031449,FAGUAFLOWERS INTL LLC,ESTADOS UNIDOS,USA,24,13,0.8671,1455,2857027.99,cohesion_baja;
NLD-000115,G005217,ANACO & GREEVE INTERNATIONAL B.V.,PAISES BAJOS,NLD,15,10,0.8574,102,2845963.05,cohesion_baja;
USA-018320,G087665,UNLIMITED FLOWERS,ESTADOS UNIDOS,USA,10,4,0.8441,945,2842491.4,cohesion_baja;
ECU-000059,G001179,ACR PROYECTOS S.A,ECUADOR,ECU,8,5,0.8447,344,2834208.84,cohesion_baja;
ABW-000153,G018005,COMERCIALIZADORA A-ZEA VBA,ARUBA,ABW,6,3,0.8442,3660,2832614.04,cohesion_baja;
CZE-000063,G033771,FLORPLANT SRO,CHEQUIA,CZE,16,6,0.8497,606,2828741.24,cohesion_baja;
BEL-000854,G090636,WESTFALIA MARKETING BV / SOUTH AMERICAN FRUITS SRL,BELGICA,BEL,10,8,0.8654,71,2827364.15,cohesion_baja;
PER-002030,G046374,INTERCOMPANY Y SEÑOR DE HUANCA SAC,PERU,PER,6,4,0.8417,36,2810376.2,cohesion_baja;
MTQ-000044,G060113,MIDI CARAIBES,MARTINICA,MTQ,5,3,0.8444,122,2808430.1,cohesion_baja;
CAN-001771,G064578,NORTH AMERICA I.M.L. CONTAINERS INC,CANADA,CAN,7,4,0.8563,51,2806464.68,cohesion_baja;
BHS-000031,G013898,CARIBBEAN BOTTLING CO BAHAMAS LTD,BAHAMAS,BHS,4,4,0.8627,58,2806056.92,cohesion_baja;
USA-013917,G065793,OPA INTERNATIONAL (OPA DALLAS) OPA,ESTADOS UNIDOS,USA,8,3,0.8688,1381,2805807.01,cohesion_baja;
DOM-000390,G012099,BREXTON DOMINICANA SAS,REPUBLICA DOMINICANA,DOM,8,4,0.8641,112,2800566.5,cohesion_baja;
USA-017014,G081997,SUNBRIGHT FLOWERS&GREENS LLC/1952,ESTADOS UNIDOS,USA,32,15,0.8654,477,2791544.57,grupo_grande;cohesion_baja;
NIC-000012,G002081,AGRICENTER NICARAGUA & CCRL,NICARAGUA,NIC,4,3,0.8424,45,2778750.92,cohesion_baja;
CHL-001013,G029017,EMPRESA DEMARIA S.A.,CHILE,CHL,8,5,0.8472,45,2777064.29,cohesion_baja;
HKG-000592,G091360,XIAOMI H.K. LIMITED,HONG KONG,HKG,10,7,0.8484,534,2774023.01,cohesion_baja;
CRI-001102,G029542,ENVASES COMERCIALES ENVASA S.A.,COSTA RICA,CRI,8,5,0.8443,156,2767145.32,cohesion_baja;
CZE-000097,G051635,KLIA CZ S.R.O.,CHEQUIA,CZE,19,9,0.8484,629,2735420.54,cohesion_baja;
USA-002416,G010987,BLIND DOG PRODUCTIONS LTD,ESTADOS UNIDOS,USA,5,3,0.8547,128,2733017.49,cohesion_baja;
FRA-000980,G090495,WEISHARDT INTERNATIONAL,FRANCIA,FRA,4,2,0.8553,23,2701727.69,cohesion_baja;
USA-017525,G084400,"THE DENALI PERFORMANCE, LLC/ SUPERTEX AMERICA",ESTADOS UNIDOS,USA,5,3,0.8466,77,2692138.55,cohesion_baja;
TUR-000089,G019321,CONFIDA ENERJI DANISMANLIK AMBALAJ INSAAT ELEKTRIK MAK&#304,TURQUIA,TUR,9,8,0.8437,28,2690833.67,cohesion_baja;
CAN-000438,G013422,CAN MEX,CANADA,CAN,45,21,0.8426,1629,2686055.08,grupo_grande;cohesion_baja;
USA-012125,G058527,MAY & SAC,ESTADOS UNIDOS,USA,25,13,0.8578,1271,2684766.0,cohesion_baja;
SUR-000136,G081066,STAATSOLIE POWER COMPANY  SURINAME N.V,SURINAME,SUR,4,3,0.8635,8,2673411.86,cohesion_baja;
USA-018341,G087762,"URBAN OUTFITTERS WHOLESALE, INC",ESTADOS UNIDOS,USA,16,12,0.859,292,2672062.16,cohesion_baja;
BEL-000339,G031558,FALCON COFFEES LTD,BELGICA,BEL,7,3,0.8553,84,2655275.02,cohesion_baja;
ITA-000902,G080926,SPREAFICO FRANCESCO & F.lli S.p.A,ITALIA,ITA,17,15,0.8476,209,2653298.69,grupo_grande;cohesion_baja;
VEN-000014,G080311,SOLUCIONES QUIMICAS VENEZOLANAS C.A. SOLQUIVEN C.A.,VENEZUELA,VEN,19,11,0.8629,243,2650599.12,cohesion_baja;
BRA-001146,G043237,IDEMIA DO BRASIL - SOLUCOES E SERVICOS DE TECNOLOGIA LTDA,BRASIL,BRA,3,2,0.8543,72,2633894.13,cohesion_baja;
BRA-000848,G032015,F C TRADING IMPORTADORA & EXPORTADORA LTDA,BRASIL,BRA,10,8,0.8675,39,2633426.5,cohesion_baja;
HTI-000090,G053555,LE FLAMENGO IMPORT EXPORT S A,HAITI,HTI,6,4,0.8464,137,2630439.12,cohesion_baja;
MEX-003791,G081866,SUMINISTROS M.Q.,MEXICO,MEX,11,5,0.8634,295,2619138.36,cohesion_baja;
PER-002380,G055160,LORINKA PERU S.A.C.,PERU,PER,8,4,0.8484,58,2562200.22,cohesion_baja;
SLV-000380,G026076,DROGUERIA NUEVA SAN CARLOS A DE C,EL SALVADOR,SLV,10,8,0.8471,80,2562109.86,cohesion_baja;
USA-004118,G019788,CONTIGLASS ASSET ACQUISITION LLC,ESTADOS UNIDOS,USA,3,3,0.8541,81,2558120.54,cohesion_baja;
USA-006496,G032023,"FCD SUPPLY, LLC.",ESTADOS UNIDOS,USA,9,5,0.8562,130,2552547.67,cohesion_baja;
SLV-000391,G026088,DROGUERIA SANTA LUCIA S A,EL SALVADOR,SLV,11,7,0.8401,1324,2552043.4,cohesion_baja;
JPN-000490,G077638,"SEIWADO CO., LTD - SR. KATSUHIKO SUZUKI",JAPON,JPN,13,10,0.8606,32,2540314.82,cohesion_baja;
USA-002513,G011347,BOCA INC USA..,ESTADOS UNIDOS,USA,27,12,0.846,1408,2537607.86,cohesion_baja;
USA-014593,G069108,"PLANTAS Y FLORES ORNAMENTALES CABH, SA. // INTERAXION FLORAL",ESTADOS UNIDOS,USA,23,13,0.8421,252,2534760.01,cohesion_baja;
USA-005779,G028335,ELITE EXPORTS INTERNATIONAL INC Y/O DELAWARE VALLEY FLORAL G,ESTADOS UNIDOS,USA,5,5,0.845,749,2532628.46,cohesion_baja;
ECU-000257,G003866,ALKHORAYEF PETROLEUM CO.,ECUADOR,ECU,14,10,0.8457,70,2512062.75,cohesion_baja;
ESP-001699,G044629,INBEV BELGIUM BVBA SPRL// ABI-MAHOU,ESPANA,ESP,7,6,0.8433,182,2501222.57,cohesion_baja;
MAR-000032,G053896,LES CAFES DUBOIS,MARRUECOS,MAR,5,4,0.867,12,2500636.27,cohesion_baja;
CUW-000144,G063851,NEW CENTRUM SUPERMARKET,CURAZAO,CUW,7,6,0.8426,1615,2483801.36,cohesion_baja;
TUR-000148,G035445,FUERTE DIS TICARET LIMITED SIRKETI,TURQUIA,TUR,8,6,0.8422,306,2482898.02,cohesion_baja;
CRI-001468,G042626,HSM BARVAC NUMERO TREINTA Y DOS SA,COSTA RICA,CRI,8,5,0.8541,294,2480080.48,cohesion_baja;
RUS-000542,G025418,OOO D.K.F / FLOWERS AND FLOWERS,RUSIA,RUS,37,20,0.876,439,2476722.91,grupo_grande;
POL-000153,G033980,FLOWERLAND OLGA GALKOWSKA,POLONIA,POL,4,3,0.8565,282,2471124.87,cohesion_baja;
ECU-000562,G007991,AUTOEXPRESS COMPAÑIA ANONIMA,ECUADOR,ECU,13,8,0.8404,1360,2444327.13,cohesion_baja;
ZAF-000042,G023362,Delta Colours (Pty) Ltd,SUDAFRICA,ZAF,6,4,0.8451,82,2437934.61,cohesion_baja;
USA-017026,G082008,SUNBURTS FARMS BDC..,ESTADOS UNIDOS,USA,10,5,0.8539,610,2437301.53,cohesion_baja;
MEX-003202,G070595,PRODUCTORES DE SACOS DEL NOROESTE S DE RL DE CV,MEXICO,MEX,8,4,0.8582,63,2435549.99,cohesion_baja;
DEU-000095,G006566,ARCTERYX EMEA - AMER SPORTS EUROPE,ALEMANIA,DEU,4,2,0.8561,21,2435530.65,cohesion_baja;
TUR-000027,G006157,APRIN DIS TICARET LIMITED SIRKETI,TURQUIA,TUR,3,2,0.8667,14,2433588.58,cohesion_baja;
POL-000357,G079605,SLASKIE CENTRUM FLORYSTYCZNE REKPOL SP,POLONIA,POL,19,15,0.8556,283,2425726.24,grupo_grande;cohesion_baja;
GTM-001197,G044136,IMPORTADORA DE REPUESTOS IMRECAR S.A.,GUATEMALA,GTM,16,11,0.8517,526,2417841.69,cohesion_baja;
ARG-000806,G062655,MUSTAD ARGENTINA S.A,ARGENTINA,ARG,7,5,0.8483,86,2403309.26,cohesion_baja;
USA-011108,G054308,LIHMIL WHOLESALE FLOWERS,ESTADOS UNIDOS,USA,58,26,0.8409,1687,2402491.2,grupo_grande;cohesion_baja;
BRA-000187,G006953,ARQUA INDUSTRIA BRASILEIRA DE MANGUEIRAS E TERMOPLASTICOS LT,BRASIL,BRA,4,2,0.8501,45,2387415.0,cohesion_baja;
ECU-004146,G055412,LUBRICANTES INTERNACIONALES S.A.,ECUADOR,ECU,8,6,0.8574,91,2384562.13,cohesion_baja;
CHN-000879,G078517,SHANGHAI NIFA INTERNATIONAL TRADING CO LTD,CHINA,CHN,55,41,0.8458,798,2382365.83,grupo_grande;cohesion_baja;
BRA-001069,G040418,GYPSUM RIO DE JANEIRO - SANTA CRUZ,BRASIL,BRA,3,2,0.8602,102,2375952.93,cohesion_baja;
VEN-003846,G088749,VENEZOLANA DE FOLIAS VENEFOIL C.A.,VENEZUELA,VEN,5,3,0.859,75,2359371.35,cohesion_baja;
CUB-000021,G002166,AGRIMPEX CARIBE S.U.R.L,CUBA,CUB,9,7,0.8697,68,2358621.85,cohesion_baja;
KAZ-000125,G011585,BONNAR A LLP,KAZAJSTAN,KAZ,23,16,0.9591,407,2354732.61,grupo_grande;
CHL-002874,G087381,UNION TECNICA AUTOMOTRIZ S.A,CHILE,CHL,9,6,0.8442,152,2342559.94,cohesion_baja;
ECU-002428,G031308,FABRICA DE ENVASES S.A. FADESA,ECUADOR,ECU,13,9,0.8578,126,2340598.87,cohesion_baja;
BRA-001319,G051527,KINGSPAN-ISOESTE CONSTRUTIVOS ISOTÉRMICOS S/A,BRASIL,BRA,3,2,0.8562,48,2335875.64,cohesion_baja;
ROU-000105,G077039,SC ERALBI DREAM FLOWERS SRL,RUMANIA,ROU,19,13,0.8408,605,2332894.62,cohesion_baja;
ECU-001194,G017782,CIA COMERCIAL DE PRODUCTOS VARIOS PROVARI SAS,ECUADOR,ECU,4,3,0.8497,31,2332022.05,cohesion_baja;
FRA-000229,G019055,COMPAGNIE FRUITIERE PARIS,FRANCIA,FRA,5,4,0.8661,137,2331063.12,cohesion_baja;
USA-016917,G081448,STONE CREEK/VENTOLA COFFEE LLC,ESTADOS UNIDOS,USA,7,5,0.8431,24,2330885.08,cohesion_baja;
IND-000379,G064908,NUBIOLA INDIA PRIVATE LIMITED,INDIA,IND,2,2,0.8442,121,2330817.9,cohesion_baja;
USA-009553,G048730,JC DISTRIBUTORS INC.,ESTADOS UNIDOS,USA,21,13,0.8438,958,2330433.84,cohesion_baja;
NLD-000842,G033787,FLORUNNER BV,PAISES BAJOS,NLD,21,15,0.8503,455,2328358.92,grupo_grande;cohesion_baja;
CRI-000119,G007843,AUGUSTO INCER ARIAS,COSTA RICA,CRI,4,2,0.8524,55,2328220.88,cohesion_baja;
USA-014228,G067320,PARADISE FLOWERS DISTRIBUTION LLC,ESTADOS UNIDOS,USA,20,12,0.8656,565,2327922.67,cohesion_baja;
ECU-002884,G038731,GRANJA BURGOS SEBASTIAN  SEGUNDO,ECUADOR,ECU,6,4,0.8557,200,2316064.4,cohesion_baja;
USA-002660,G011987,BRAUNER INT'L CORPORATION,ESTADOS UNIDOS,USA,5,3,0.842,11,2309707.47,cohesion_baja;
ARE-000166,G010902,BLACK TULIP FLOWERS LLC,EMIRATOS ARABES UNIDOS,ARE,20,11,0.8608,458,2299576.77,cohesion_baja;
TTO-000029,G005830,ANSA MCAL CHEMICALS LTD,TRINIDAD Y TOBAGO,TTO,4,2,0.8658,87,2298125.31,cohesion_baja;
VEN-003345,G079130,SILVA ALVAREZ ROSARIO DEL PILAR,VENEZUELA,VEN,4,2,0.8643,117,2297539.16,cohesion_baja;
USA-017397,G083805,TELEDYNE FLIR DEFENSE INC,ESTADOS UNIDOS,USA,2,2,0.8687,3,2278652.0,cohesion_baja;
CHL-000878,G024800,DISTRIBUIDORA DE FLORES ACONCAGUA S.A,CHILE,CHL,10,7,0.8402,479,2276342.87,cohesion_baja;
ECU-001055,G014558,CASA GERMANA IDUHEGO CIA LTDA,ECUADOR,ECU,13,12,0.8416,198,2274294.7,cohesion_baja;
GTM-001773,G064932,NUEVOS ALMACENES S.A.,GUATEMALA,GTM,9,7,0.8528,492,2273945.72,cohesion_baja;
GTM-000256,G009204,BARNES DE CENTROAMERICA S.A.,GUATEMALA,GTM,6,5,0.8696,187,2271076.46,cohesion_baja;
PER-000764,G019263,CONECTA RETAIL SA - MOTOCORP SAC,PERU,PER,3,2,0.8452,25,2268633.69,cohesion_baja;
USA-017851,G085799,TOTAL GREEN TROPICALS INC,ESTADOS UNIDOS,USA,9,6,0.8609,92,2266939.35,cohesion_baja;
CRI-001498,G043877,IMPORTACIONES BALTICAS S.A.,COSTA RICA,CRI,8,5,0.8594,177,2265862.91,cohesion_baja;
ITA-000007,G004602,AM FLORA SRL,ITALIA,ITA,23,16,0.8455,541,2257300.09,grupo_grande;cohesion_baja;
GBR-001051,G077170,Schlumberger Oilfield UK Limited,REINO UNIDO,GBR,13,7,0.8546,68,2255788.81,cohesion_baja;
ECU-000061,G001194,ACROMAX LABORATORIO QUIMICO FARMACEUTICO SA,ECUADOR,ECU,15,11,0.8599,201,2251949.68,cohesion_baja;
PER-000322,G008035,AUTOMOTRIZ GENERAL DEL PERU S.A. - AGEPSA,PERU,PER,6,5,0.845,201,2249002.64,cohesion_baja;
USA-003640,G016591,CISCO SYSTEMS INC.,ESTADOS UNIDOS,USA,11,6,0.8673,522,2237668.1,cohesion_baja;
ECU-006617,G089110,VIALDENTAL GENERAL SERVICES CIA LTDA,ECUADOR,ECU,7,5,0.842,110,2236616.47,cohesion_baja;
KOR-000015,G000924,ACC WORLDFLOWER CO LTD EORI,COREA DEL SUR,KOR,22,13,0.8415,266,2236187.6,cohesion_baja;
CRI-000943,G024936,DISTRIBUIDORA FEMINA S.A.,COSTA RICA,CRI,10,7,0.8606,1007,2234616.51,cohesion_baja;
VEN-001973,G044429,"IMPORTADORA Y DISTRIBUIDORA KM, C.A",VENEZUELA,VEN,10,6,0.8496,77,2231964.72,cohesion_baja;
POL-000329,G068600,Philips Medical Syst. Nederland BV SPS Blueroom,POLONIA,POL,4,3,0.8638,527,2216073.11,cohesion_baja;
PAN-003340,G059808,MEXICHEM PANAMA SA,PANAMA,PAN,5,3,0.8536,156,2212245.47,cohesion_baja;
GTM-000568,G020037,"CORDILLERA PRODUCTS DE GUATEMALA, S.A.",GUATEMALA,GTM,13,9,0.8474,986,2208563.2,cohesion_baja;
CAN-002191,G081061,STAALDUINEN FLORAL LTD,CANADA,CAN,30,13,0.8439,1633,2197639.61,cohesion_baja;
USA-015853,G081007,S&S TRUCK PARTS INC,ESTADOS UNIDOS,USA,5,3,0.8453,39,2197608.83,cohesion_baja;
HND-000699,G044416,IMPORTADORA Y DISTRIBUIDORA DE MOTOPARTES SA DE CV,HONDURAS,HND,12,9,0.8617,410,2193455.32,cohesion_baja;
CAN-000824,G030752,EVERGREEN HERBS,CANADA,CAN,10,6,0.8583,605,2191035.19,cohesion_baja;
HKG-000350,G055199,LOTHAR HAAG (HK) LTD.,HONG KONG,HKG,2,2,0.8679,6,2190203.0,cohesion_baja;
CAN-002220,G081926,SUN BLOOM PRODUCE LTD,CANADA,CAN,11,7,0.853,952,2187743.01,cohesion_baja;
USA-000057,G086311,TRENTON PRESSING LLC,ESTADOS UNIDOS,USA,4,2,0.8413,27,2186992.01,cohesion_baja;
ESP-001340,G034784,FRESCA  FLOR DE LA FINCA SL,ESPANA,ESP,11,8,0.8448,369,2184132.55,cohesion_baja;
USA-005764,G028287,ELITE EXPORTS INTERNATIONAL INC. / USA BOUQUET LLC,ESTADOS UNIDOS,USA,3,3,0.855,93,2181058.45,cohesion_baja;
USA-017031,G082037,SUNFLOWER FARMS DISTRIBUTORS INC,ESTADOS UNIDOS,USA,39,19,0.842,1462,2180701.22,grupo_grande;cohesion_baja;
BEL-000463,G048144,J.Th. Douqué's Koffie B.V,BELGICA,BEL,5,4,0.8537,17,2163087.04,cohesion_baja;
ECU-000159,G002324,AGROGANADERO COLOMBOECUATORIANO S.A.,ECUADOR,ECU,4,3,0.845,162,2154091.7,cohesion_baja;
USA-012754,G061680,MOYA ENTERPRISE INC,ESTADOS UNIDOS,USA,10,5,0.8435,83,2150878.93,cohesion_baja;
ECU-004629,G061583,MOTORCYCLE ASSEMBLY - LINE OF ECUADOR S.A.,ECUADOR,ECU,7,6,0.8468,45,2145808.64,cohesion_baja;
NLD-000312,G016670,C.J. VIANEN FLOWEREXPORT B.V,PAISES BAJOS,NLD,39,20,0.8459,453,2121778.83,grupo_grande;cohesion_baja;
ARE-000143,G009126,BARAKAT VEGETABLES AND FRUITS CO.LLC,EMIRATOS ARABES UNIDOS,ARE,17,8,0.8432,885,2115568.27,cohesion_baja;
BRA-002050,G075969,SAINT-GOBAIN DO BRASIL PRODUTOS INDUSTRIAIS E PARA CONSTRUCA,BRASIL,BRA,6,4,0.841,49,2112775.86,cohesion_baja;
VEN-002931,G065004,"NUTRIBASICOS DE VENEZUELA, C.A.",VENEZUELA,VEN,6,4,0.8642,32,2110449.72,cohesion_baja;
KWT-000176,G082959,TAHANI INTERNATIONAL TRADING CO. W.L.L,KUWAIT,KWT,14,11,0.8596,179,2109298.81,cohesion_baja;
USA-018269,G087530,UNITED WHOLESALE FLOWERS,ESTADOS UNIDOS,USA,15,7,0.849,633,2099809.42,cohesion_baja;
POL-000125,G030012,ESCOBAR FLOWERS WOJCIECH WLAZINSKI,POLONIA,POL,7,5,0.854,500,2098780.1,cohesion_baja;
LVA-000009,G010180,BERNHARD ROTHFOS INTERCAFE AG,LETONIA,LVA,7,5,0.8507,36,2092865.15,cohesion_baja;
KOR-000680,G080040,SOIREE FLOWER CO LTD,COREA DEL SUR,KOR,25,16,0.889,935,2082922.56,grupo_grande;
MEX-000895,G018452,"COMERCIALIZADORA TRCK, S.A. DE C.V.",MEXICO,MEX,5,4,0.846,1005,2076927.89,cohesion_baja;
RUS-000306,G036543,"GBC-Silkroad CJSC Minsk,",RUSIA,RUS,3,3,0.864,40,2064563.8,cohesion_baja;
AUS-000204,G033898,FLOWER MASTER,AUSTRALIA,AUS,9,6,0.8577,394,2061967.18,cohesion_baja;
CRI-000738,G020762,CORPORACION SUMMATEL S.A.,COSTA RICA,CRI,10,6,0.8536,387,2057320.88,cohesion_baja;
USA-015042,G071812,QUALITY PENN PRODUCTS INC,ESTADOS UNIDOS,USA,4,2,0.8586,15,2053949.85,cohesion_baja;
PAN-003988,G070882,PROINGRA PANAMÁ S.A,PANAMA,PAN,9,4,0.8668,63,2036510.18,cohesion_baja;
MEX-002036,G045012,INDUSTRIA QUIMICA DEL CENTRO S.A. DE C.V,MEXICO,MEX,8,6,0.8532,16,2032724.59,cohesion_baja;
KOR-000522,G054381,LIME FLORAL,COREA DEL SUR,KOR,8,4,0.8512,318,2028371.01,cohesion_baja;
USA-015767,G075611,RUMHORA GREENS LLC,ESTADOS UNIDOS,USA,19,11,0.8454,1365,2022538.57,cohesion_baja;
ARE-000897,G082677,SWEET GARDEN GEN. TRADING CO. LLC.,EMIRATOS ARABES UNIDOS,ARE,10,4,0.868,83,2013900.53,cohesion_baja;
ABW-000394,G050950,KARINEL TRADING NV,ARUBA,ABW,10,7,0.8578,583,2010586.65,cohesion_baja;
BRA-002371,G086951,TX SAUTHER IND. E COM. DE REDES LTDA-E,BRASIL,BRA,4,3,0.8479,41,2000282.47,cohesion_baja;
KOR-000548,G058759,"MCNULTY INTERNATIONAL  CO.,LTD",COREA DEL SUR,KOR,8,6,0.8611,23,1989154.19,cohesion_baja;
SLV-000688,G046840,INVERSIONES ALVARADO CASTRO SA DE CV,EL SALVADOR,SLV,5,4,0.8656,11,1989106.5,cohesion_baja;
SINNOMBRE-000025,SINNOMBRE-000025,0,HONDURAS,HND,1,1,1.0,1,1987624.52,sin_nombre_utilizable;
BRA-001885,G070217,PRIME FLOWERS IMPORTACAO E EXPORTACAO FLORES,BRASIL,BRA,9,7,0.8434,431,1984369.65,cohesion_baja;
MEX-000167,G003540,ALFA PROVEEDORES Y CONTRATISTAS SOCIEDAD ANONIMA DE CAPITAL,MEXICO,MEX,3,3,0.8562,5,1983959.08,cohesion_baja;
DOM-002166,G067456,PARQUE INDUSTRIAL FRONTERIZO (PAINFRONT) S.R.L.,REPUBLICA DOMINICANA,DOM,7,5,0.8634,31,1982946.54,cohesion_baja;
POL-000002,G071283,PS FLOWERS SP. Z O.O,POLONIA,POL,23,16,0.8465,591,1980954.52,grupo_grande;cohesion_baja;
PER-003146,G073067,REFINERIA LA PAMPILLA S.A.A,PERU,PER,6,4,0.8468,16,1978792.16,cohesion_baja;
USA-016798,G080916,"SPRADLING INTERNATIONAL INC, SIMM PR 01",ESTADOS UNIDOS,USA,10,9,0.8628,98,1971523.7,cohesion_baja;
ITA-000361,G029891,ERIDANIA ITALIA SPA,ITALIA,ITA,9,6,0.8406,32,1964619.25,cohesion_baja;
NLD-000478,G021465,CRONIMET HOLLAND BV,PAISES BAJOS,NLD,4,3,0.8451,61,1961197.18,cohesion_baja;
ARG-000531,G039339,GRUPO COMECA ARGENTINA,ARGENTINA,ARG,3,2,0.8625,63,1954759.51,cohesion_baja;
AUT-000015,G010076,Berger-Blumen Blumenimport Ges M B H,AUSTRIA,AUT,16,10,0.8488,440,1943578.85,cohesion_baja;
BRA-001606,G061109,MONFIZA COMERCIO E IMPOTADORA LTDA,BRASIL,BRA,4,2,0.8597,17,1941924.6,cohesion_baja;
JPN-000002,G000549,A-WORLD CO LTD,JAPON,JPN,34,16,0.955,580,1928901.15,grupo_grande;
USA-000188,G000653,A&B TROPICAL PRODUCE LLC,ESTADOS UNIDOS,USA,10,5,0.8536,118,1925715.2,cohesion_baja;
USA-005793,G028417,ELITE EXPORTS INTERNATIONAL INC Y/O LEGACY FLOWERS MV,ESTADOS UNIDOS,USA,7,7,0.8674,127,1915714.34,cohesion_baja;
NLD-001306,G049618,JOKER JURGEN BERNLOHR GMBH,PAISES BAJOS,NLD,4,2,0.8473,56,1915035.93,cohesion_baja;
GUY-000106,G030233,Esso Exploration and Production Guyana,GUYANA,GUY,9,9,0.8537,49,1903293.51,cohesion_baja;
ECU-000413,G005724,ANIMALBEST LO MEJOR PARA SU ANIMAL CIA LTDA,ECUADOR,ECU,10,6,0.8695,878,1896693.48,cohesion_baja;
CHN-000475,G042675,"HUBEI SHOUHENG SUPPLY CHAIN MANAGEMENT CO. , LTD",CHINA,CHN,3,3,0.8633,15,1893072.78,cohesion_baja;
USA-000207,G000525,A PERRI FARMS INC,ESTADOS UNIDOS,USA,34,17,0.9161,1222,1884141.9,grupo_grande;
VEN-003130,G070539,PRODUCCION Y DISTRIBUCION SANCHO C.A,VENEZUELA,VEN,7,4,0.855,108,1875930.96,cohesion_baja;
BEL-000033,G005217,Anaco Greeve international BV,BELGICA,BEL,9,6,0.868,55,1875685.4,cohesion_baja;
USA-009316,G046348,INTERAXION FLORAL MANAGEMENT,ESTADOS UNIDOS,USA,13,6,0.84,417,1861175.02,cohesion_baja;
USA-000148,G000391,5D TROPICAL INC,ESTADOS UNIDOS,USA,20,10,0.8623,240,1859833.6,cohesion_baja;
SUR-000095,G022215,N.V. DAM IMPORT - EXPORT,SURINAME,SUR,15,11,0.8533,48,1858142.16,cohesion_baja;
USA-016533,G079541,SKINNER PRODUCE INC D/B/A,ESTADOS UNIDOS,USA,9,7,0.8418,73,1857298.82,cohesion_baja;
NLD-000328,G013379,CAMPIÑA VERDE ECOSOL SL,PAISES BAJOS,NLD,4,3,0.8514,39,1856821.46,cohesion_baja;
USA-018793,G089615,VISALIA DC,ESTADOS UNIDOS,USA,3,2,0.8687,34,1853655.2,cohesion_baja;
ECU-002429,G031332,FABRICA DE RESORTES VANDERBILT S.A.,ECUADOR,ECU,14,11,0.8498,173,1846089.93,cohesion_baja;
USA-001958,G008812,BAKER HUGHES OILFIELD OPERATIONS,ESTADOS UNIDOS,USA,14,7,0.8624,63,1845798.7,cohesion_baja;
PAN-000002,G008526,COMPAÑIA AZUCARERA LA ESTRELLA SA,PANAMA,PAN,29,19,1.0,81,1841518.12,grupo_grande;
GTM-001240,G044870,INDUSTRIA CENTROAMERICANA DE QUIMICOS FARMACEUTICOS SA,GUATEMALA,GTM,12,8,0.8449,150,1841266.62,cohesion_baja;
DEU-001062,G065449,OLAM AMERICAS LLC,ALEMANIA,DEU,3,2,0.8582,7,1837182.27,cohesion_baja;
DOM-000458,G017756,COMPANIA COMERCIAL CARIBE C.A,REPUBLICA DOMINICANA,DOM,18,8,0.8669,354,1832362.6,cohesion_baja;
BEL-000120,G013711,Caravela Limited,BELGICA,BEL,8,6,0.8619,60,1831213.79,cohesion_baja;
ECU-005237,G070569,PRODUCTORA AVICOLA CEVALLOS PROAVICEA CIA LTDA,ECUADOR,ECU,3,2,0.869,17,1822074.39,cohesion_baja;
USA-007627,G036481,GASSAFY WHOLESALE INC,ESTADOS UNIDOS,USA,24,9,0.8469,611,1821752.74,cohesion_baja;
BEL-000686,G075275,ROVEG FRUIT B.V,BELGICA,BEL,6,4,0.8505,51,1820821.17,cohesion_baja;
PRI-000482,G030186,ESQUINA FAMOSA INC LA,PUERTO RICO,PRI,4,3,0.8612,184,1819157.43,cohesion_baja;
JOR-000024,G012504,BUNNI COFFEE,JORDANIA,JOR,3,2,0.8411,17,1817187.44,cohesion_baja;
USA-010934,G053498,LBI/BOYD WALLCOVERINGS,ESTADOS UNIDOS,USA,6,3,0.851,51,1816506.42,cohesion_baja;
PER-003211,G074116,RING RING & ENERGY CORPORATION SUCURSAL PERU,PERU,PER,12,8,0.8558,85,1812421.44,cohesion_baja;
USA-000211,G006320,A R PRODUCE & TRUCKING CORP,ESTADOS UNIDOS,USA,21,14,0.8472,187,1793727.83,cohesion_baja;
ECU-003636,G047837,ISMAEL MAURICIO ARAMEDIZ MARIN,ECUADOR,ECU,3,2,0.8575,223,1779619.43,cohesion_baja;
USA-006974,G034001,FLOWERS AND SERVICES,ESTADOS UNIDOS,USA,25,14,0.8675,1881,1776143.07,cohesion_baja;
USA-009572,G048133,J.MERULLO IMPORTS INC,ESTADOS UNIDOS,USA,34,15,0.9294,882,1774511.4,grupo_grande;
ESP-002138,G055269,"LOYRAFLOR DO BAIXO MIÑO, S.L.",ESPANA,ESP,14,11,0.8546,296,1764480.7,cohesion_baja;
BEL-000398,G039006,GREENYARD FRESH BELGIUM,BELGICA,BEL,4,4,0.8621,73,1763553.62,cohesion_baja;
VEN-000538,G015228,CENCO ZOTTI SA,VENEZUELA,VEN,6,4,0.8565,100,1759016.57,cohesion_baja;
KOR-000668,G078745,SHINSEGAE FOOD INC.,COREA DEL SUR,KOR,5,4,0.8517,52,1758962.74,cohesion_baja;
GLP-000040,G053906,LES PRODUCTEURS DE GUADELOUPE,GUADALUPE,GLP,3,2,0.8633,121,1751614.35,cohesion_baja;
GTM-000887,G031325,FABRICA DE PRODUCTOS ALIMENTICIOS RENE Y CIA. S.C.A,GUATEMALA,GTM,9,8,0.8533,35,1749200.53,cohesion_baja;
ARG-001156,G085302,TO ORDER OF CABRALES S.A.,ARGENTINA,ARG,3,3,0.8622,15,1735172.63,cohesion_baja;
CAN-000409,G012956,CAFÉ WILLIAM,CANADA,CAN,4,4,0.8426,6,1732133.43,cohesion_baja;
ECU-001154,G015822,CHAMPION TECHNOLOGIES DEL ECUADOR CIA. LTDA.,ECUADOR,ECU,8,5,0.8608,98,1728480.34,cohesion_baja;
USA-012127,G058543,MAYALAND LLC,ESTADOS UNIDOS,USA,3,2,0.8406,51,1725720.17,cohesion_baja;
DOM-000455,G013957,CARIBBEAN LIQUID SUGAR RJH C. POR A.,REPUBLICA DOMINICANA,DOM,7,6,0.8669,28,1723146.98,cohesion_baja;
PER-000107,G002343,AGROINDUSTRIAL LAREDO S.A.A,PERU,PER,14,7,0.8677,54,1698394.82,cohesion_baja;
CAN-001507,G058772,M&D INDUSTRIES OF LOUISIANA INC.,CANADA,CAN,7,4,0.862,77,1691488.07,cohesion_baja;
HND-000531,G031311,FABRICA DE ESPECIAS DON JULIO.S.DE R.L.,HONDURAS,HND,8,6,0.8517,106,1691422.64,cohesion_baja;
VEN-001813,G040072,"GUDS SUPPLY, C.A",VENEZUELA,VEN,11,5,0.8619,485,1688300.87,cohesion_baja;
USA-008089,G038417,GOODSAM FOODS P.B.C,ESTADOS UNIDOS,USA,7,5,0.8461,72,1685377.16,cohesion_baja;
CAN-002166,G080519,SOS FLORAL 9277 2342 QC INC,CANADA,CAN,27,13,0.8432,1616,1683597.93,cohesion_baja;
BRA-001782,G067746,PAX BRAZIL AGROINDUSTRIAL LTDA,BRASIL,BRA,4,3,0.8437,6,1659737.81,cohesion_baja;
MEX-002804,G062861,NACIONAL DE SERVICIOS DARGUE SA DE CV R.F.C.,MEXICO,MEX,5,4,0.8463,74,1652939.34,cohesion_baja;
ECU-006653,G089437,VILLAREAL JOSE ABEL,ECUADOR,ECU,10,7,0.8559,102,1651784.85,cohesion_baja;
USA-015503,G074387,ROAD READY WHEELS LLC / BABS DISTRIBUTION SERVICES LLC,ESTADOS UNIDOS,USA,14,10,0.8518,46,1649977.69,cohesion_baja;
VEN-000599,G016724,CLARIANT (VENEZUELA) S.A.,VENEZUELA,VEN,9,4,0.845,141,1647019.02,cohesion_baja;
GBR-000814,G058226,MATCHES FASHION,REINO UNIDO,GBR,6,3,0.8644,168,1646763.75,cohesion_baja;
CHN-000621,G056203,"MADEAR TRADING CO., LTD.",CHINA,CHN,11,8,0.8412,40,1644055.3,cohesion_baja;
TUR-000216,G052146,KURUKAHVECI MEHMET EFENDI  MAHDUMLARI LTD STI,TURQUIA,TUR,5,3,0.8503,12,1643421.75,cohesion_baja;
DEU-001373,G085307,to order of Hamburg Coffee Company Hacofco mbH,ALEMANIA,DEU,5,5,0.8571,9,1641136.91,cohesion_baja;
VEN-003456,G079345,SINTHESIS C A,VENEZUELA,VEN,12,6,0.8401,53,1639349.92,cohesion_baja;
ARG-001087,G081687,SUCESORES DE JOSE SALGADO S A I C,ARGENTINA,ARG,7,6,0.8644,15,1636937.77,cohesion_baja;
JAM-000123,G023662,Desnoes and Geddes T/A Red Stripe.,JAMAICA,JAM,9,6,0.846,67,1634495.93,cohesion_baja;
ITA-000162,G012707,C. Steinweg - Romani S.p.A,ITALIA,ITA,5,5,0.8591,7,1613795.5,cohesion_baja;
USA-006601,G032785,FIFTYFLOWERS INC,ESTADOS UNIDOS,USA,22,10,0.8652,265,1612397.92,cohesion_baja;
USA-007192,G034909,FRESH FLOWER MARKETING LLP. Y/O FLOWER BUYER LLC/TELEFLORA,ESTADOS UNIDOS,USA,5,3,0.8581,1046,1610209.0,cohesion_baja;
GTM-000509,G022904,COMPAÃ¿IA DE JARABES Y BEBIDAS GASEOSAS LA MARIPOSA S.A.,GUATEMALA,GTM,8,6,0.8669,37,1607134.92,cohesion_baja;
PER-001567,G037681,GLOBAL PERLAS CAR SAC,PERU,PER,11,6,0.8487,111,1604578.42,cohesion_baja;
NIC-000161,G021671,CUBAS ELECTRICA SA,NICARAGUA,NIC,3,3,0.8404,9,1598298.75,cohesion_baja;
USA-002601,G011762,BOTANICA WHOLESALE HOUSTON,ESTADOS UNIDOS,USA,38,19,0.8463,1665,1596341.91,grupo_grande;cohesion_baja;
CHL-000513,G017799,COMERCIAL E INDUSTRIAL DE CARNES SUDAMERICANA S.A.,CHILE,CHL,4,4,0.8468,35,1594593.23,cohesion_baja;
JAM-000066,G013974,CARIBBEAN PRODUCERS JAMAICA LTD,JAMAICA,JAM,6,4,0.8603,57,1593480.09,cohesion_baja;
CUB-000175,G028968,EMPRESA COMERCIALIZADORA DE PRODUCTOS AGROPECUARIOS FRUTAS S,CUBA,CUB,3,3,0.8653,24,1591106.5,cohesion_baja;
PAN-002453,G044126,IMPORTADORA DE PLOMERIA S.A.IMPLOSA,PANAMA,PAN,15,8,0.8416,244,1587947.28,cohesion_baja;
GBR-000261,G019059,COMPAGNIE FRUTIERE UK LIMITED,REINO UNIDO,GBR,5,3,0.8437,66,1584710.5,cohesion_baja;
PAN-002147,G038736,"GRANJA SOLAR ALANJE UNO, S.A.",PANAMA,PAN,3,3,0.856,21,1578898.74,cohesion_baja;
AUS-000345,G063621,NEO HEALTH (OTC) PTY LTD,AUSTRALIA,AUS,6,3,0.8628,53,1578656.58,cohesion_baja;
ESP-002990,G075121,ROSAS DE BUSCAFLOR LA MEJOR SL.,ESPANA,ESP,17,12,0.8655,499,1575917.87,cohesion_baja;
VEN-001854,G041810,"HIERRO Y ACEROS AL MAYOR, C.A.",VENEZUELA,VEN,8,5,0.8424,58,1572424.58,cohesion_baja;
BRB-000134,G081112,STANSFELD SCOTT AND CO LTD,BARBADOS,BRB,9,6,0.86,249,1561977.86,cohesion_baja;
NZL-000103,G070071,PREMIUM FLOWERS NZ LTD,NUEVA ZELANDA,NZL,9,6,0.8479,259,1549601.93,cohesion_baja;
NLD-001853,G076919,SATEX AGENCIES B.V,PAISES BAJOS,NLD,17,10,0.8497,939,1544106.77,cohesion_baja;
CHL-000763,G020959,COSAPI S.A  AGENCIA CHILE,CHILE,CHL,5,5,0.8658,37,1536461.91,cohesion_baja;
ECU-000084,G001460,ADITMAQ ADITIVOS Y MAQUINARIAS S.A.S.,ECUADOR,ECU,15,13,0.8642,89,1536449.67,cohesion_baja;
PAN-000134,G001902,AGGRECO INTENRATIONAL PROJECTS LDT,PANAMA,PAN,2,2,0.8461,10,1536153.86,cohesion_baja;
GTM-000705,G024873,DISTRIBUIDORA DEL CARIBE DE GUATEMALA S.A.,GUATEMALA,GTM,11,8,0.865,145,1531951.9,cohesion_baja;
BRA-001315,G051441,KIMBERLY-CLARK BRASIL INDUSTRIA E COMERCIO DE PRODUCTOS DE H,BRASIL,BRA,9,9,0.8574,86,1531509.16,cohesion_baja;
PER-003040,G071000,PROMOTORES ELECTRICOS SA,PERU,PER,7,5,0.8584,35,1526935.14,cohesion_baja;
BRA-000031,G000868,AC COMERCIAL IMPORTADORA E EXPORTAD LTDA,BRASIL,BRA,2,2,0.8515,4,1526582.79,cohesion_baja;
USA-002550,G011540,"Bonanza USA, LLC",ESTADOS UNIDOS,USA,7,4,0.8592,75,1517667.55,cohesion_baja;
CHN-000886,G078453,SHANGHAI CAIYI INTERNATIONAL TRADE CO LTD,CHINA,CHN,15,11,0.8527,177,1514449.58,cohesion_baja;
USA-005597,G027044,ECUAMIA FLOWERS CORP,ESTADOS UNIDOS,USA,24,13,0.8493,2040,1502917.3,cohesion_baja;
USA-007096,G034517,FP & H LLC DBA FLEISCHMANNS PRODUCE,ESTADOS UNIDOS,USA,11,6,0.8402,537,1494818.8,cohesion_baja;
BRA-000841,G030958,EXPEDIO TRADE IMPORTACOES E EXPORTACOES LIMITADA,BRASIL,BRA,4,3,0.8451,42,1491799.35,cohesion_baja;
VEN-001184,G024784,DISTRIBUIDORA DE ALIMENTOS Y VIVERES EN,VENEZUELA,VEN,11,7,0.8436,455,1488988.01,cohesion_baja;
VEN-000134,G003253,ALCAVE VENEZUELA C.A,VENEZUELA,VEN,8,5,0.8562,64,1487283.54,cohesion_baja;
ARE-000709,G065416,OILFIELDS SUPPLY CENTRE BUILDING NO.  TPWF1 C/O.WEATHERFORD,EMIRATOS ARABES UNIDOS,ARE,6,5,0.8567,58,1484819.22,cohesion_baja;
NLD-001145,G042095,HL Hall (Int.) Ltd.,PAISES BAJOS,NLD,11,7,0.8428,36,1483247.58,cohesion_baja;
ECU-006489,G087358,UNION DE BANANEROS ECUATORIANOS,ECUADOR,ECU,8,6,0.8422,63,1482134.29,cohesion_baja;
BEL-000172,G025915,"DR WAKEFIELD (EUROPE) & CO LIMITED,",BELGICA,BEL,5,4,0.844,10,1479052.71,cohesion_baja;
VEN-000530,G020166,CORPORACION ANIPLAST DE VENEZUELA CA,VENEZUELA,VEN,7,3,0.8507,35,1478904.0,cohesion_baja;
NLD-001266,G050081,J.P. HOGEWONING BLOEMENGROOTHANDEL B.V.,PAISES BAJOS,NLD,12,11,0.851,66,1462322.31,cohesion_baja;
PER-000777,G019467,CONSORCIO INDUSTRIAL DE AREQUIPA S.A.,PERU,PER,12,5,0.8616,150,1459607.59,cohesion_baja;
GBR-000633,G048163,J VAN VLIET SA LTD UK,REINO UNIDO,GBR,49,27,0.8518,899,1455463.88,grupo_grande;cohesion_baja;
USA-014716,G069881,PPG INDUSTRIES,ESTADOS UNIDOS,USA,6,3,0.84,40,1454450.98,cohesion_baja;
BRA-001543,G059133,MEGALABS FARMACEUTICA S.A.,BRASIL,BRA,6,5,0.8521,106,1451837.68,cohesion_baja;
KOR-000788,G091078,WOOSUNG M.F,COREA DEL SUR,KOR,7,4,0.8613,30,1450103.2,cohesion_baja;
USA-004911,G023243,DEL TROPICO FARMS NYC,ESTADOS UNIDOS,USA,29,14,0.8427,729,1448743.75,cohesion_baja;
NIC-000034,G004104,ALMACENES DE LA CONSTRUCCION EL HALCON S.A.,NICARAGUA,NIC,12,7,0.8695,183,1446808.78,cohesion_baja;
ECU-003386,G044894,INDUSTRIA DE BELLEZA Y SALUD BASSA C. LTDA,ECUADOR,ECU,14,10,0.8611,115,1441132.41,cohesion_baja;
ARG-000578,G043330,IFX NETWORK ARGENTINA SRL,ARGENTINA,ARG,2,2,0.8458,38,1439540.45,cohesion_baja;
MEX-000503,G010866,BJ SERVICES COMPANY MEXICANA SA DE CV C,MEXICO,MEX,6,5,0.8454,19,1439092.06,cohesion_baja;
ESP-001534,G038600,GRADYFLOR ESPAÑA SA Y/O WALNUT RIDGE TRADING CORP,ESPANA,ESP,9,8,0.8586,67,1436649.98,cohesion_baja;
FRA-000392,G035290,FRUITS DU MONDE,FRANCIA,FRA,3,3,0.8539,63,1428897.95,cohesion_baja;
PRI-000847,G055781,LUMA ENERGY SERV CO. - LLC,PUERTO RICO,PRI,9,9,0.8443,13,1427686.93,cohesion_baja;
CHN-001254,G092168,"ZHANGJIAGANG CHUANGDU WOOD INDUSTRY CO., LTD.",CHINA,CHN,2,2,0.8663,14,1423822.09,cohesion_baja;
USA-005758,G028549,ELITE EXPORTS INC S A Y/O  THE BOUQS COMPANY,ESTADOS UNIDOS,USA,7,3,0.8419,68,1422207.84,cohesion_baja;
SLV-000578,G042216,HOLCIM EL SALVADOR S.A. DE C.V.,EL SALVADOR,SLV,19,17,0.8603,103,1420002.29,grupo_grande;cohesion_baja;
ABW-000592,G080950,SPS TRADING ENTERPRISES,ARUBA,ABW,7,4,0.851,1772,1418471.36,cohesion_baja;
SGP-000158,G056610,MAN CORP PTE LTD,SINGAPUR,SGP,3,3,0.8559,14,1410814.97,cohesion_baja;
CHN-000644,G060799,"MOBO INTERNATIONAL CO., LTD.",CHINA,CHN,5,5,0.8675,11,1403547.17,cohesion_baja;
PAN-003385,G060858,MODERNA COMERCIAL S.A.,PANAMA,PAN,10,6,0.8561,74,1396287.47,cohesion_baja;
ECU-000047,G001037,ACERIA DEL ECUADOR CA ADELCA,ECUADOR,ECU,10,8,0.8433,50,1393712.26,cohesion_baja;
VEN-000516,G052313,LA CASA DEL TUBO PVC C.A,VENEZUELA,VEN,10,6,0.8587,129,1393053.82,cohesion_baja;
NIC-000532,G070691,PRODUCTOS FORESTALES Y AGROPECUARIOS S.A (PROFYSA),NICARAGUA,NIC,5,5,0.8596,10,1391094.0,cohesion_baja;
PAN-000936,G017126,COCINAS MODULARES S.A.,PANAMA,PAN,14,8,0.8527,104,1391051.56,cohesion_baja;
GTM-001570,G056469,MAJENGO GT - SOCIEDAD ANONIMA,GUATEMALA,GTM,7,5,0.856,206,1387978.09,cohesion_baja;
ECU-001446,G019339,CONFITES Y GOLOSINAS S.A. CONFIGOLSA,ECUADOR,ECU,7,6,0.8561,35,1387266.14,cohesion_baja;
JPN-000328,G057994,MARUBENI CORPORATION TAX ID 90100010087760000 COFFEE SECTION,JAPON,JPN,4,4,0.8637,6,1386101.03,cohesion_baja;
USA-008176,G038790,GREAT DEALS DISTRIBUTION INC,ESTADOS UNIDOS,USA,19,8,0.8613,441,1379718.71,cohesion_baja;
TTO-000455,G086426,TRINIDAD CEMENT LIMITED,TRINIDAD Y TOBAGO,TTO,5,3,0.8549,113,1379139.44,cohesion_baja;
GUY-000093,G026102,DROMOS MINING AND CONSTRUCTION INC,GUYANA,GUY,6,6,0.8491,103,1377905.77,cohesion_baja;
SAU-000302,G063171,NATIONAL AQUACULTURE GROUP PROCESSING PLANT,ARABIA SAUDITA,SAU,5,4,0.8452,84,1375245.0,cohesion_baja;
NIC-000562,G073425,REPRESENTACIONES FARMACEUTICAS DE NICARAGUA S.A,NICARAGUA,NIC,6,4,0.8584,58,1375170.69,cohesion_baja;
ARE-000603,G062170,MSD GLOBAL FLOWERS FZE,EMIRATOS ARABES UNIDOS,ARE,17,10,0.8446,412,1373580.59,cohesion_baja;
KAZ-000465,G043706,IMPEX GROUP WORLDWIDE CORPORATION,KAZAJSTAN,KAZ,19,11,0.8403,241,1368718.48,cohesion_baja;
USA-004408,G021408,CRISTINA GRAJALES GALLERY,ESTADOS UNIDOS,USA,6,3,0.8696,48,1368433.53,cohesion_baja;
USA-007687,G036664,GEM STONES LTD,ESTADOS UNIDOS,USA,3,3,0.8689,3,1365866.8,cohesion_baja;
BRA-000504,G017082,COATS CORRENTE LTDA,BRASIL,BRA,4,3,0.8536,110,1364461.39,cohesion_baja;
JPN-000479,G076886,SARUTAHIKO COFFEE INC.,JAPON,JPN,5,3,0.8454,24,1361062.59,cohesion_baja;
GTM-000978,G035662,FUTURA FARMA SOCIEDAD ANONIMA,GUATEMALA,GTM,8,5,0.8555,68,1356100.4,cohesion_baja;
PAN-000982,G018264,COMERCIALIZADORA INTERNACIONAL GRUPO LA MARQUETA SA,PANAMA,PAN,18,9,0.8509,633,1354554.06,cohesion_baja;
NLD-000624,G000453,945 EFLOWERS BV - BIFLORICA,PAISES BAJOS,NLD,28,18,0.8486,527,1354541.13,grupo_grande;cohesion_baja;
ESP-000500,G012981,"CAFES PONT SL,",ESPANA,ESP,7,4,0.8627,14,1352967.37,cohesion_baja;
ECU-000811,G011639,BOPP DEL ECUADOR S.A.,ECUADOR,ECU,4,4,0.8533,35,1352077.95,cohesion_baja;
USA-006338,G031430,FAGUA FLOWERS,ESTADOS UNIDOS,USA,20,10,0.8501,705,1345990.28,cohesion_baja;
ESP-000723,G017488,COLOMBIA ES PASION ESTILO Y MODA LATINO S.L,ESPANA,ESP,18,12,0.8422,330,1344811.46,cohesion_baja;
VEN-000647,G018311,COMERCIALIZADORA LONAIJOENGE CA,VENEZUELA,VEN,11,8,0.8644,206,1344061.92,cohesion_baja;
POL-000335,G073220,REKPOL GROUP SP. Z.O.O.,POLONIA,POL,15,13,0.8618,163,1342526.99,cohesion_baja;
CUW-000105,G012456,BUILDING DEPOT TRADING B.V.,CURAZAO,CUW,11,9,0.855,130,1335382.76,cohesion_baja;
GTM-002114,G077219,SCHNEIDER ELECTRIC CENTROAMERICA LTDA.,GUATEMALA,GTM,18,13,0.8407,74,1335309.81,cohesion_baja;
ITA-000235,G019199,CONCERIA CRISTINA SPA UNIPERSONALE,ITALIA,ITA,4,4,0.8468,26,1335045.8,cohesion_baja;
PER-000143,G003373,ALEJANDRINA PERU S.A.C.,PERU,PER,6,4,0.8478,15,1333789.34,cohesion_baja;
ECU-004446,G059447,MERCANTIL PAZMIÑO MERCANPAZ S.A.,ECUADOR,ECU,8,6,0.8609,94,1328925.53,cohesion_baja;
CHN-000626,G058095,MASIVE HOMES LLC,CHINA,CHN,2,2,0.8508,4,1328775.55,cohesion_baja;
CRI-001767,G051169,KEMLY CHAVES AVALOS,COSTA RICA,CRI,3,2,0.8578,672,1328558.89,cohesion_baja;
DOM-000756,G022010,D LICIANTHUS FLOR Y FOLLAJES SRL,REPUBLICA DOMINICANA,DOM,34,19,0.9015,1144,1323974.93,grupo_grande;
VEN-002151,G046325,INTERAM SERVICES INC SUCURSAL VENEZUELA,VENEZUELA,VEN,6,4,0.8536,63,1323467.37,cohesion_baja;
USA-017884,G085950,TRADE FRESH INTERNATIONAL GROUP,ESTADOS UNIDOS,USA,8,4,0.8516,27,1321627.0,cohesion_baja;
USA-003942,G018658,COMMERCIAL ZELECTA TRADING GROUP CORP - CAFE FLOWERS CORP,ESTADOS UNIDOS,USA,40,27,0.8433,307,1318577.27,grupo_grande;cohesion_baja;
SAU-000378,G081769,SULALAT COFFEE TRADING COMPANY,ARABIA SAUDITA,SAU,4,3,0.8563,8,1314846.36,cohesion_baja;
CAN-000671,G022474,DAPHNE FLOWER IMPORTS,CANADA,CAN,14,7,0.8434,597,1313029.11,cohesion_baja;
CRI-002292,G071147,PROVEEDORA DE SEGURIDAD INDUSTRIAL EPP S.A.,COSTA RICA,CRI,8,7,0.8414,42,1308609.8,cohesion_baja;
CRI-001652,G047063,INVERSIONES HOTELERAS PLAYA POCHOTE,COSTA RICA,CRI,7,5,0.8607,38,1297763.88,cohesion_baja;
GTM-001463,G052499,LA SUPER ECONOMICA SOCIEDAD ANONIMA,GUATEMALA,GTM,8,5,0.8625,1352,1295560.58,cohesion_baja;
GBR-001261,G090246,WANIS LTD,REINO UNIDO,GBR,8,4,0.8421,120,1293163.24,cohesion_baja;
CAN-001400,G052231,L'OREAL CANADA NYX PM,CANADA,CAN,3,2,0.8699,40,1292224.95,cohesion_baja;
USA-004075,G019218,CONCORD FLORAL USA INC,ESTADOS UNIDOS,USA,5,3,0.863,121,1289796.49,cohesion_baja;
PER-002786,G065923,OPTIMUM ALTA SEGURIDAD E.I.R.L.,PERU,PER,9,5,0.8453,624,1280703.53,cohesion_baja;
PER-003365,G078099,SERVICIOS EDUCATIVOS CULTURALES LAMAYE E.I.R.L.,PERU,PER,7,5,0.8577,28,1277986.98,cohesion_baja;
TUR-000056,G010579,BILZER DIS TICARET HIZMETLERI LIMITED SIRKETI,TURQUIA,TUR,2,2,0.8562,7,1277317.26,cohesion_baja;
PAN-003759,G067120,PANAMEÑA DE HELADOS SA,PANAMA,PAN,35,19,0.8649,356,1276261.79,grupo_grande;cohesion_baja;
ECU-005263,G070776,PRODUCTOS Y DISTRIBUCIONES MEDICAS ANDINO PRODIMEDA CIA LTDA,ECUADOR,ECU,6,5,0.8649,101,1274743.14,cohesion_baja;
GTM-000121,G003786,ALIMENTOS Y BEBIDAS ATLANTIDA SA,GUATEMALA,GTM,9,7,0.8646,130,1272892.65,cohesion_baja;
ECU-000792,G011185,BLUE AIR TECHNOLOGIES BLUEAIRTECH,ECUADOR,ECU,6,5,0.8612,93,1272461.21,cohesion_baja;
BRA-000218,G008119,"AVANTI INDUSTRIA, COMERCIO, IMPORTA EXPORTACAO LTDA",BRASIL,BRA,5,5,0.8487,14,1264630.0,cohesion_baja;
USA-011608,G056304,MAG AEROSPACE,ESTADOS UNIDOS,USA,3,2,0.8416,4,1255584.0,cohesion_baja;
TGO-000019,G065083,NYAVOR KOFFI N.,TOGO,TGO,3,2,0.8553,17,1252882.68,cohesion_baja;
VEN-002967,G065859,OPERADORES LOGISTICOS SAN CIPRIANO C.A.,VENEZUELA,VEN,5,3,0.8567,12,1252866.8,cohesion_baja;
NLD-000721,G030910,EXO FRESH GmbH,PAISES BAJOS,NLD,3,2,0.8652,40,1245544.36,cohesion_baja;
VEN-002523,G052742,LABORATORIOS LETI S.A.V,VENEZUELA,VEN,8,3,0.8628,87,1245057.65,cohesion_baja;
CAN-000783,G028424,ELITE EXPORTS INTERNATIONAL INC Y/O MEX Y CAN TRADING EAST I,CANADA,CAN,16,11,0.8431,455,1242375.25,cohesion_baja;
USA-017467,G084150,TEXAS LEATHER GOODS,ESTADOS UNIDOS,USA,5,2,0.8506,57,1235510.26,cohesion_baja;
JAM-000019,G006498,ARCHER WILLIAMS HYDER LTD,JAMAICA,JAM,7,5,0.8495,433,1232177.38,cohesion_baja;
ECU-005653,G075344,ROYAL MONTACARGAS ECUADOR COMERCIALRENTAL S.A.,ECUADOR,ECU,4,2,0.8652,228,1229318.47,cohesion_baja;
NLD-000438,G019905,Cool Control B.V / AVOR BV,PAISES BAJOS,NLD,15,11,0.8584,41,1217343.66,cohesion_baja;
ECU-002834,G038007,GOIGEL SOKOL DMYTRO,ECUADOR,ECU,14,12,0.8517,325,1216319.96,cohesion_baja;
CAN-001903,G069955,PRATT & WHITNEY CANADA CORP.,CANADA,CAN,8,8,0.8476,8,1215444.59,cohesion_baja;
ARE-000155,G010200,BERRY MOUNT VEGETABLES AND FRUIT TRADING LLC,EMIRATOS ARABES UNIDOS,ARE,10,5,0.8411,287,1215420.12,cohesion_baja;
CRI-000062,G001053,ACEROS ESPECIALES ACES SA,COSTA RICA,CRI,3,2,0.8479,21,1214483.91,cohesion_baja;
ESP-003312,G085309,TO ORDER OF ING Belgium NV,ESPANA,ESP,5,4,0.8545,9,1212669.25,cohesion_baja;
ECU-000282,G004121,ALMACENES JUAN ELJURI CIA LTDA,ECUADOR,ECU,7,6,0.8507,95,1210621.55,cohesion_baja;
VEN-001803,G039862,GRUPPO TRENTUNO C.A,VENEZUELA,VEN,3,2,0.8661,385,1206216.83,cohesion_baja;
USA-006762,G033371,FLORAL 1 INC,ESTADOS UNIDOS,USA,32,16,0.8542,676,1204839.15,grupo_grande;cohesion_baja;
CRI-002219,G069107,PLANTAS Y FLORES ORNAMENTALES CABH S.A.,COSTA RICA,CRI,21,17,0.8546,252,1203933.6,grupo_grande;cohesion_baja;
TWN-000045,G016341,"CHUANPEN INTERNATIONAL PACKING CO., LTD",TAIWAN,TWN,6,3,0.8536,10,1201969.97,cohesion_baja;
CHL-000667,G018420,Comercializadora San Marino Ltda,CHILE,CHL,7,5,0.8413,309,1193207.8,cohesion_baja;
HND-000175,G012064,BRENNTAG HONDURAS SA,HONDURAS,HND,13,10,0.8508,86,1191995.59,cohesion_baja;
GBR-000458,G034483,FOUFAS MORGAN ASSOCIATES LTD,REINO UNIDO,GBR,15,9,0.8566,460,1191809.61,cohesion_baja;
USA-016532,G079539,SKINNER DELIVERIES LLC,ESTADOS UNIDOS,USA,4,2,0.8673,48,1191102.24,cohesion_baja;
PRI-000770,G050961,KARLA FURNITURE MFG,PUERTO RICO,PRI,6,4,0.8579,54,1190485.67,cohesion_baja;
NIC-000380,G047130,INVERSIONES LOPEZ RIVERA SA,NICARAGUA,NIC,7,4,0.8576,348,1189791.27,cohesion_baja;
USA-011530,G060725,"M & M FARMS, INC",ESTADOS UNIDOS,USA,11,9,0.8548,52,1183477.44,cohesion_baja;
USA-009707,G048600,JASON FLOWERS,ESTADOS UNIDOS,USA,16,6,0.8445,557,1182361.48,cohesion_baja;
ESP-000956,G024595,DISTRIBAR DISTRIBUCION HOSTELERIA SL,ESPANA,ESP,6,5,0.8615,100,1179903.05,cohesion_baja;
ECU-001411,G020139,CORPOMERQUIMIA ECUADOR IMPORTADORA S.A,ECUADOR,ECU,11,8,0.8573,159,1177910.76,cohesion_baja;
DOM-000086,G002461,AGROPECUARIA TAVERAS LOPEZ S.R.L,REPUBLICA DOMINICANA,DOM,15,11,0.8687,68,1176964.91,cohesion_baja;
OMN-000008,G003234,ALBYRQ AL ALY ALMASY LLC,OMAN,OMN,4,3,0.8464,19,1174175.87,cohesion_baja;
NIC-000624,G082307,SUPER DESARROLLO SOCIEDAD ANONIMA.(SUDESA),NICARAGUA,NIC,4,2,0.8633,168,1170295.38,cohesion_baja;
PRI-000742,G049781,JORGE WHOLESALE FLOWERS CORP,PUERTO RICO,PRI,12,7,0.8502,453,1168734.45,cohesion_baja;
CHL-000154,G005509,ANDRES QUINTERO SIERRA,CHILE,CHL,3,2,0.842,63,1168060.0,cohesion_baja;
EGY-000154,G064814,NOVOMET NAP PETROLEUM SERVICES COMPANY S.A.E FREE ZONE,EGIPTO,EGY,2,2,0.8443,28,1167137.74,cohesion_baja;
EGY-000192,G091950,"Zahret El Bon El Brazili Co, (Hassan Fawzy Marzouk and partn",EGIPTO,EGY,7,6,0.8621,9,1165777.72,cohesion_baja;
ECU-003929,G052658,LABORATORIOS BEAUTIK S.A.,ECUADOR,ECU,9,5,0.8524,111,1159061.62,cohesion_baja;
NLD-001143,G042051,HITACHI VANTARA LLC,PAISES BAJOS,NLD,12,8,0.8462,241,1155916.56,cohesion_baja;
ARE-000056,G003061,AL TAYER INSIGNIA LLC FOR OUNASS- UAE,EMIRATOS ARABES UNIDOS,ARE,32,23,0.846,450,1148210.5,grupo_grande;cohesion_baja;
ECU-003266,G044235,IMPORTADORA INDUSTRIAL AGRICOLA DEL MONTE,ECUADOR,ECU,9,7,0.8496,17,1147962.39,cohesion_baja;
VEN-000426,G016449,C.A. CIGARRERA BIGOTT  SUCS,VENEZUELA,VEN,9,4,0.8494,79,1143370.38,cohesion_baja;
SLV-001170,G080295,SOLUCIONES LOGISTICAS DE CENTROAMERICA,EL SALVADOR,SLV,15,15,0.8461,127,1143104.37,grupo_grande;cohesion_baja;
USA-011005,G084655,THE LENNOX INTL,ESTADOS UNIDOS,USA,7,4,0.8652,16,1136233.4,cohesion_baja;
CHL-001536,G044406,IMPORTADORA Y DISTRIB COLOMBIA PUES SPA,CHILE,CHL,2,2,0.8465,360,1127236.46,cohesion_baja;
LVA-000033,G089932,"SIA VOLLERS RIGA,SALASPILS NOVADS LINDES",LETONIA,LVA,5,5,0.8576,9,1122584.45,cohesion_baja;
CAN-001631,G059834,MEXYCAN TRADING EAST INC.,CANADA,CAN,13,7,0.8614,377,1117840.8,cohesion_baja;
CZE-000176,G089985,VOYAGE TIME S.R.O.,CHEQUIA,CZE,13,6,0.8426,333,1115647.24,cohesion_baja;
SLV-000651,G045919,INNOVACION Y TECNOLOGIA S.A DE C.V,EL SALVADOR,SLV,9,7,0.8454,42,1115290.0,cohesion_baja;
KOR-000743,G085295,To order Busan Bank,COREA DEL SUR,KOR,6,5,0.8644,16,1109881.02,cohesion_baja;
ARG-000558,G042209,HOLCIM (ARGENTINA) S.A.,ARGENTINA,ARG,5,4,0.8423,28,1108030.77,cohesion_baja;
CUB-000380,G054387,LIMITLESS BRIGHT INVESTMENT,CUBA,CUB,5,5,0.8429,14,1107354.03,cohesion_baja;
BRA-000968,G035643,FURUKAWA ELECTRIC LATAM S.A,BRASIL,BRA,5,4,0.8531,36,1104868.19,cohesion_baja;
BEL-000630,G066476,OTC Organics B.V. / WORLD FRUIT COMPANY INC,BELGICA,BEL,4,2,0.8561,45,1104390.29,cohesion_baja;
PRI-000507,G032042,"FE-RI CONSTRUCTION, INC",PUERTO RICO,PRI,5,3,0.8509,36,1101552.26,cohesion_baja;
ECU-002960,G040259,GUSTAVO ADOLFO GIRON OCHOA,ECUADOR,ECU,3,2,0.8676,138,1101417.49,cohesion_baja;
MEX-003203,G070597,PRODUCTORES DEL YAQUI SPR DE RL,MEXICO,MEX,4,2,0.8415,30,1101154.68,cohesion_baja;
VEN-000285,G007476,ASOCIACION COOPERATIVA OCCIDENTAL DEL PLASTICO R.L.,VENEZUELA,VEN,7,5,0.8516,41,1100956.96,cohesion_baja;
DOM-001778,G052687,LABORATORIOS DE APLICACIONES MEDICAS S.A.,REPUBLICA DOMINICANA,DOM,6,4,0.8576,191,1096899.31,cohesion_baja;
POL-000180,G038979,Greenslife Sp z o o,POLONIA,POL,14,10,0.865,188,1096847.98,cohesion_baja;
GTM-000921,G032486,"FERRETERÃ¿A EPA, S.A.",GUATEMALA,GTM,2,2,0.8472,77,1094826.76,cohesion_baja;
USA-007207,G035068,FRESH TIME HERBS AND PRODUCE LLC,ESTADOS UNIDOS,USA,14,7,0.8475,701,1091558.28,cohesion_baja;
CRI-002091,G063721,NESTLE NICARAGUA S.A.,COSTA RICA,CRI,14,9,0.8649,89,1091474.57,cohesion_baja;
PRI-000347,G022764,DBR DEVELOPMENT MANAGEMENT LLC,PUERTO RICO,PRI,4,3,0.8648,18,1086631.83,cohesion_baja;
BRA-000812,G029757,EQUIPESCA INDÚSTRIA E COMÉRCIO LTDA.,BRASIL,BRA,4,3,0.8613,22,1084720.47,cohesion_baja;
USA-000333,G000993,ACE BOUQUETS INTERNATIONAL,ESTADOS UNIDOS,USA,35,18,0.8493,988,1082952.37,grupo_grande;cohesion_baja;
IND-000019,G002696,AIM GLOBAL EXPORTS PTE LTD,INDIA,IND,3,3,0.8621,65,1079078.61,cohesion_baja;
HND-000166,G011512,BOMBAS Y MOTORES DE HONDURAS S.A BOMOHSA,HONDURAS,HND,14,12,0.858,84,1077053.33,cohesion_baja;
LCA-000040,G060445,"MINISTRY OF COMMERCE, MANUFACTURING, BUSINESS DEVELOPMENT",SANTA LUCIA,LCA,5,5,0.8432,10,1076009.21,cohesion_baja;
USA-013524,G063921,NEW YORK GARDEN FLOWER WHOLESALE INC,ESTADOS UNIDOS,USA,27,17,0.8537,638,1073508.39,grupo_grande;cohesion_baja;
ECU-001997,G026540,DYVENPRO DISTRIBUCIÓN Y VENTA,ECUADOR,ECU,10,8,0.8432,93,1072858.45,cohesion_baja;
VEN-001127,G024581,DISTR. E INVERSIONES MORA MORA C.A,VENEZUELA,VEN,6,4,0.8549,156,1072635.92,cohesion_baja;
SLV-001012,G069389,"Plycem Construsistemas El Salvador, S.A De C.V.",EL SALVADOR,SLV,7,6,0.8404,170,1069239.6,cohesion_baja;
BHR-000007,G007834,AUGUST TOEPFER ZUCKERHANDELSGESELLSCHAFT MBH & CO.,BAHREIN,BHR,6,5,0.8528,11,1068875.0,cohesion_baja;
USA-013375,G063225,NATIVE CHICAGO,ESTADOS UNIDOS,USA,11,6,0.8445,120,1068100.22,cohesion_baja;
CUB-000189,G029044,EMPRESA GESTION DEL PATRIMONIO SA UEB,CUBA,CUB,7,6,0.8602,21,1064280.65,cohesion_baja;
USA-013456,G063565,NEIMAN MARCUS GROUP,ESTADOS UNIDOS,USA,8,4,0.8644,230,1063517.18,cohesion_baja;
DOM-000640,G019440,CONSORCIO CITRICOS DOMINICANOS SA,REPUBLICA DOMINICANA,DOM,7,6,0.8627,14,1060336.62,cohesion_baja;
BOL-000712,G065123,OA BOLIVIA SRL,BOLIVIA,BOL,8,7,0.8599,197,1057743.91,cohesion_baja;
ECU-004184,G055826,LUNA  MARINO GLADYS,ECUADOR,ECU,10,8,0.8546,102,1053351.55,cohesion_baja;
PER-000573,G015129,"CELLMARK PERU, S.A.C",PERU,PER,5,4,0.8517,25,1048963.87,cohesion_baja;
POL-000228,G049610,JOINCO IMPORTACAO E EXPORTACAO,POLONIA,POL,4,4,0.8643,10,1046156.32,cohesion_baja;
SGP-000195,G071706,QIAN HU FISH FARM TRADING,SINGAPUR,SGP,5,3,0.849,211,1045031.28,cohesion_baja;
USA-002766,G012419,BUDS FLORAL IMPORTERS & DISTRIBUTORS INC D/B/A,ESTADOS UNIDOS,USA,45,29,0.842,516,1040981.4,grupo_grande;cohesion_baja;
CUB-000183,G029052,EMPRESA IMPORTADORA DE PRODUCTOS QUIMICOS,CUBA,CUB,2,2,0.8465,144,1040512.94,cohesion_baja;
DOM-002794,G091583,YAZOO INVESTMENTS SRL,REPUBLICA DOMINICANA,DOM,2,2,0.8448,5,1035420.0,cohesion_baja;
CRI-000880,G023586,DESARROLLOS CULTURALES CO,COSTA RICA,CRI,9,7,0.8442,55,1033758.82,cohesion_baja;
CZE-000000,G033939,FLOWER TRADE COMPANY S.R.O,CHEQUIA,CZE,17,8,0.8411,225,1030127.87,cohesion_baja;
VEN-000625,G018134,COMERCIALIZADORA DI SANTINO C.A,VENEZUELA,VEN,6,4,0.8583,63,1029975.87,cohesion_baja;
VEN-002528,G052818,"LABORATORIOS VALMOR, C.A.",VENEZUELA,VEN,24,10,0.8452,197,1027971.09,cohesion_baja;
USA-003263,G014629,CASCARA 27TH ST.LLC DBA VENETO COFFEE,ESTADOS UNIDOS,USA,9,5,0.864,199,1026234.89,cohesion_baja;
CAN-002079,G077092,SCENIC FLORAL INC,CANADA,CAN,7,4,0.8494,323,1025913.29,cohesion_baja;
CAN-002311,G084558,THE FLOWER MARKET 330088 ALBERTA LTD,CANADA,CAN,7,4,0.863,181,1024112.51,cohesion_baja;
HKG-000185,G035488,FULL MOON GROUP (INTERNATIONAL) CO LTD,HONG KONG,HKG,3,3,0.8564,8,1024104.12,cohesion_baja;
KWT-000110,G052152,"Kuwait Commercial Agency Co., For Halliburton Overseas Ltd.",KUWAIT,KWT,4,3,0.8518,21,1023948.02,cohesion_baja;
ECU-003980,G069091,PLANTA INDUSTRIAL LACEC CIA LTDA,ECUADOR,ECU,5,3,0.8504,162,1023218.65,cohesion_baja;
ECU-003456,G045287,INDUSTRIAS ELECTRICAS RYMEL ECUADOR IERE S.A,ECUADOR,ECU,7,4,0.8632,224,1019895.86,cohesion_baja;
USA-015035,G071791,QUALITY FLOWERS AND GREENS INC,ESTADOS UNIDOS,USA,17,9,0.8409,369,1016039.95,cohesion_baja;
AUS-000151,G022063,DAABON ORGANIC AUSTRALIA PTY LTD.,AUSTRALIA,AUS,8,6,0.853,41,1008790.88,cohesion_baja;
PAN-004441,G022816,SOCIEDAD DE ALIMENTOS DE PRIMERA S.A,PANAMA,PAN,9,3,0.8674,62,1007403.77,cohesion_baja;
PRY-000109,G017571,COOPERATIVA COLONIAS UNIDAS AGROPECUARIA INDUST,PARAGUAY,PRY,4,3,0.8567,80,1005551.31,cohesion_baja;
HKG-000265,G042376,HONGKONG DINGFENG LOGISTICS STORAGE CO. LIMITED,HONG KONG,HKG,8,6,0.8516,48,1003992.21,cohesion_baja;
DEU-000482,G031651,FANTASIA BLUMEN IMPORT AND EXPORT GMBH,ALEMANIA,DEU,22,14,0.8561,604,1002533.86,cohesion_baja;
ECU-003160,G044574,IMRGARD EGGELING TORRES,ECUADOR,ECU,3,2,0.8438,600,1002303.43,cohesion_baja;
CAN-002128,G078933,SIEGES DUCHARME INTERNATIONAL(1991) INC.,CANADA,CAN,4,2,0.8663,22,1002069.39,cohesion_baja;
PER-000770,G019332,CONFITECA DEL PERU S.A.,PERU,PER,10,5,0.8518,79,996588.6,cohesion_baja;
VEN-002094,G045454,INDUSTRIAS SYMUX C.A.,VENEZUELA,VEN,7,3,0.8614,34,995077.79,cohesion_baja;
NLD-000358,G015474,Centrum Supermarket ( Mahaai ),PAISES BAJOS,NLD,3,2,0.8493,193,992701.98,cohesion_baja;
ECU-006135,G081910,SUMMIT AGRO SOUTH AMERICA SPA ( SUCURSAL ECUADOR),ECUADOR,ECU,6,5,0.8598,21,992420.85,cohesion_baja;
CAN-000038,G000278,3856011 CANADA INC. DBA BLOOMSTAR,CANADA,CAN,9,5,0.8646,431,989129.5700000001,cohesion_baja;
CHE-000076,G013475,CANDELARIA FLOWERS GMBH,SUIZA,CHE,8,6,0.8479,186,986632.07,cohesion_baja;
MEX-000926,G059795,COMPAÑIA MEXICANA DE GAS SAPI DE CV,MEXICO,MEX,7,4,0.8693,18,985927.0299999999,cohesion_baja;
HND-000634,G039925,GTM HONDURAS SA DE CV.,HONDURAS,HND,7,6,0.85,58,985886.1300000001,cohesion_baja;
CHN-000622,G056610,MAN CORP PTE LTDA,CHINA,CHN,5,5,0.8559,9,985267.0700000001,cohesion_baja;
USA-017159,G082692,SWG DOMINICANA INC,ESTADOS UNIDOS,USA,4,2,0.8625,36,984152.0,cohesion_baja;
USA-016721,G080645,SOUTHEAST ARCHITECTURAL MILLWORK,ESTADOS UNIDOS,USA,4,2,0.8574,138,981774.0599999999,cohesion_baja;
PAN-004320,G077219,SCHNEIDER ELECTRIC CENTROAMERICA LTDA.,PANAMA,PAN,12,9,0.8404,72,980647.48,cohesion_baja;
ISR-000167,G061519,MOSHE MUSSAFI AND SONS MARKETING FOOD LTD,ISRAEL,ISR,6,6,0.8417,9,980527.86,cohesion_baja;
PER-003464,G080022,SOFTYS PERU SAC,PERU,PER,13,6,0.8609,64,979114.3099999999,cohesion_baja;
CRI-000520,G015279,CENTRAL AZUCARERA TEMPISQUE SA,COSTA RICA,CRI,11,8,0.8635,56,977775.77,cohesion_baja;
SINNOMBRE-000022,SINNOMBRE-000022,0,ESTONIA,EST,1,1,1.0,1,977458.01,sin_nombre_utilizable;
USA-011642,G056431,MAIN WHOLESALE FLORIST..,ESTADOS UNIDOS,USA,17,8,0.8528,303,970713.51,cohesion_baja;
CRI-000587,G017164,CODICAL DOS MIL S.A.,COSTA RICA,CRI,11,8,0.8644,109,969755.1699999999,cohesion_baja;
PER-003373,G078206,SERVICIOS Y FORMULACIONES INDUSTRIALES S.A.- SERFI S.A.,PERU,PER,9,7,0.8412,113,969639.04,cohesion_baja;
CRI-002484,G077219,SCHNEIDER ELECTRIC CENTROAMERICA,COSTA RICA,CRI,9,7,0.8616,107,968196.62,cohesion_baja;
USA-000964,G004573,ALWAYS FOOD SALES AND CONSULTANTS CORP,ESTADOS UNIDOS,USA,6,3,0.8623,32,968171.51,cohesion_baja;
USA-016291,G077831,SEQUOIA WHOLESALE FLORIST INC,ESTADOS UNIDOS,USA,16,10,0.8558,325,968154.81,cohesion_baja;
USA-003353,G015010,"CDM WINDOWS & DOOR, INC.",ESTADOS UNIDOS,USA,10,6,0.8698,57,968098.8200000001,cohesion_baja;
ARE-000111,G007834,AUGUST TOEPFER ZUCKERHANDELSGESELLSCHAFT MBH & CO. KG,EMIRATOS ARABES UNIDOS,ARE,13,9,0.8477,18,965123.0,cohesion_baja;
USA-009289,G046199,INTEGRA COFFEE LLC,ESTADOS UNIDOS,USA,4,2,0.8524,85,958656.29,cohesion_baja;
TTO-000140,G023551,DESALINATION COMPANY OF TRINIDAD & TOBAGO LIMITED,TRINIDAD Y TOBAGO,TTO,5,3,0.8439,113,958455.62,cohesion_baja;
GTM-001256,G044929,"INDUSTRIA DE TRANSFORMADORES ELECTRICOS DE CENTRO AMERICA, S",GUATEMALA,GTM,6,5,0.8457,379,958083.7999999999,cohesion_baja;
USA-018372,G087855,US DHL Bowling Green - OPTI,ESTADOS UNIDOS,USA,7,6,0.8462,24,957007.32,cohesion_baja;
DNK-000013,G010879,B.K.I. KAFFE  A/S,DINAMARCA,DNK,2,2,0.8573,4,956021.72,cohesion_baja;
JAM-000435,G091470,YAMAJA ENGINES LIMITED REGISTRY,JAMAICA,JAM,4,3,0.8538,53,954404.1,cohesion_baja;
DOM-001669,G048550,JARDIN CONSTANZA,REPUBLICA DOMINICANA,DOM,12,5,0.8413,196,954279.53,cohesion_baja;
BRA-001105,G041799,HIDROTAM COMERCIO DE TUBOS E CONEXOES LTDA,BRASIL,BRA,3,2,0.8683,7,951998.0,cohesion_baja;
ECU-001085,G016265,CHRISTIAN CAMILO CEBALLOS VILLARREAL,ECUADOR,ECU,5,3,0.8445,83,947035.1,cohesion_baja;
GBR-000890,G063763,NET -A- PORTER GROUP LTD,REINO UNIDO,GBR,16,9,0.8681,352,946496.58,cohesion_baja;
SLV-001222,G083696,TECSES SAS SUCURSAL EL  SALVADOR,EL SALVADOR,SLV,12,9,0.8641,224,946023.82,cohesion_baja;
PAN-001899,G033763,FLORMARKET INV CORP,PANAMA,PAN,6,4,0.8468,100,941150.19,cohesion_baja;
GTM-002211,G081868,SUMINISTROS PORCINOS S.A.,GUATEMALA,GTM,7,5,0.8679,81,940603.06,cohesion_baja;
USA-000933,G004408,ALTOS DEL TIO CONEJO LLC CLIENTE: 982,ESTADOS UNIDOS,USA,5,3,0.8435,30,940496.12,cohesion_baja;
CAN-001290,G049320,JL FRESH/L,CANADA,CAN,16,8,0.8643,723,939493.74,cohesion_baja;
USA-002747,G012335,BS TRADING,ESTADOS UNIDOS,USA,5,2,0.8582,26,937050.71,cohesion_baja;
ABW-000464,G060929,MOISES DE MARCHENA & SONS,ARUBA,ABW,4,3,0.8467,487,936626.69,cohesion_baja;
PER-000817,G020461,CORPORACION COINSA SAC,PERU,PER,4,2,0.8497,83,934880.49,cohesion_baja;
PAN-002256,G039777,GRUPO SPIEGEL S.A.,PANAMA,PAN,17,9,0.8427,421,932477.02,cohesion_baja;
CUW-000488,G069823,POWER DISTRIBUTIONS NV,CURAZAO,CUW,3,2,0.8478,112,932016.13,cohesion_baja;
CUW-000385,G056666,Mangusa Supermarket Na Rio B.V.,CURAZAO,CUW,4,3,0.8413,102,930422.55,cohesion_baja;
ATG-000014,G015917,CHASE DISTRIBUTORS LIMITED,ANTIGUA Y BARBUDA,ATG,3,2,0.8556,234,924557.84,cohesion_baja;
USA-007272,G035493,FULL POT INTERNATIONAL CORPORATION,ESTADOS UNIDOS,USA,17,8,0.8689,1240,919668.15,cohesion_baja;
IRL-000059,G035710,FYFFES INTERNATIONAL / SOUTH AMERICAN FRUITS SRL,IRLANDA,IRL,3,3,0.8649,59,919268.45,cohesion_baja;
CRI-000560,G022986,CIA. DE SEGURIDAD INDUSTRIAL CRUZ VERDE S.A.,COSTA RICA,CRI,8,6,0.869,55,917561.61,cohesion_baja;
ARE-000610,G085286,TNR FLOWERS TRADING LLC,EMIRATOS ARABES UNIDOS,ARE,6,4,0.8641,198,917351.37,cohesion_baja;
CHL-002737,G081153,STARBUCKS COFFEE CHILE S.A,CHILE,CHL,4,4,0.8443,51,916120.33,cohesion_baja;
BRA-002368,G086864,TURIN TRADING IMPORTACAO E EXPORTAC LTDA,BRASIL,BRA,2,2,0.8699,17,913694.04,cohesion_baja;
USA-010201,G050419,JUDI GEIB  PLUS ALPHA LLC,ESTADOS UNIDOS,USA,2,2,0.854,3,912098.0,cohesion_baja;
ARE-000041,G002988,AL LOKRIT,EMIRATOS ARABES UNIDOS,ARE,19,9,0.8531,232,909723.37,cohesion_baja;
USA-002184,G009955,BENCHMARK GENETICS USA INC,ESTADOS UNIDOS,USA,4,2,0.857,39,909304.49,cohesion_baja;
HND-001209,G077219,SCHNEIDER ELECTRIC CENTROAMERICA LTDA.,HONDURAS,HND,13,9,0.8415,72,907507.12,cohesion_baja;
ECU-006425,G086295,TREJOS MEJIA SCHNEIDER COLTINTAS,ECUADOR,ECU,5,4,0.8654,60,903915.9099999999,cohesion_baja;
USA-012136,G058574,MAYESH WHOLESALE MIAMI..,ESTADOS UNIDOS,USA,17,9,0.852,295,903350.91,cohesion_baja;
USA-005692,G027789,EL DORADO COFFEE ROASTERS LTD,ESTADOS UNIDOS,USA,3,2,0.8467,6,901486.02,cohesion_baja;
GTM-000227,G008233,AVICOLA GUADALUPE S.A,GUATEMALA,GTM,5,3,0.8668,28,897855.62,cohesion_baja;
ECU-001884,G024638,DISTRIBUCIONES ROJAS S.C.C.,ECUADOR,ECU,8,6,0.8475,207,895430.12,cohesion_baja;
NLD-000900,G034501,FOUR SEASONS QUALITY BV,PAISES BAJOS,NLD,18,12,0.8453,110,891727.17,cohesion_baja;
BRB-000054,G026425,DUTY FREE CARIBBEAN,BARBADOS,BRB,4,3,0.8464,126,891058.1299999999,cohesion_baja;
USA-003045,G013388,CAMPO VERDE PACKING INC,ESTADOS UNIDOS,USA,5,2,0.8557,28,890628.87,cohesion_baja;
CUB-000523,G080631,SOUTH ROYAL INVESTMENT,CUBA,CUB,4,4,0.842,12,887093.0700000001,cohesion_baja;
CHL-000764,G020991,COSMETICOS AVON S.A.,CHILE,CHL,10,9,0.8448,91,882213.37,cohesion_baja;
BOL-000799,G074169,RIPE REPUESTOS INDUSTRIALES PETROLEROS Y EQUIPOS,BOLIVIA,BOL,2,2,0.8674,8,880681.5,cohesion_baja;
KOR-000021,G000999,ACE-FT,COREA DEL SUR,KOR,18,11,0.8404,459,879456.9700000001,cohesion_baja;
USA-013461,G063602,NELSON Y MIRIAM LINGERIE,ESTADOS UNIDOS,USA,10,6,0.8518,98,877792.52,cohesion_baja;
CAN-002178,G080732,SPANX INC_POWERHOUSE RETAIL SERV,CANADA,CAN,5,2,0.8659,61,876978.83,cohesion_baja;
TUR-000326,G083181,TARGET LOJISTIK DAN. GIDA VE DIS TICARET A.S.,TURQUIA,TUR,4,4,0.868,5,876759.07,cohesion_baja;
GBR-000504,G037623,Global Intelligent Logistics,REINO UNIDO,GBR,4,4,0.8676,9,873706.95,cohesion_baja;
OMN-000016,G007836,AUGUST TOPFER ZUCKERHANDELSGESELLSCHAFT MBH & CO.,OMAN,OMN,16,11,0.8528,32,867344.25,cohesion_baja;
SLV-001108,G077226,SCHNEIDER ELECTRIC CENTROAMERICA // ESINSA EL SALVADOR SA DE,EL SALVADOR,SLV,8,4,0.8444,56,867121.28,cohesion_baja;
CAN-000421,G013277,CAMBRIAN FLOWER DISTRIBUTION VANCOUVER CANADA,CANADA,CAN,19,10,0.8408,638,866760.5800000001,cohesion_baja;
SAU-000345,G076078,SALEM ABDULLAH BIN MAHFOOZ EST.,ARABIA SAUDITA,SAU,4,4,0.8459,7,866431.5800000001,cohesion_baja;
DEU-000378,G023760,DEXSA MARKETING GMBH,ALEMANIA,DEU,3,2,0.84,61,865162.06,cohesion_baja;
DOM-002428,G076334,SAN PEDRO BIO ENERGY SRL,REPUBLICA DOMINICANA,DOM,6,5,0.8472,12,864827.9500000001,cohesion_baja;
ECU-003245,G044145,IMPORTADORA DENTAL ARBOLEDA ODONTOECUADOR C.A.,ECUADOR,ECU,7,4,0.8528,121,863544.0900000001,cohesion_baja;
ARE-000370,G033468,FLORANOW FLOWERS TRADING LLC,EMIRATOS ARABES UNIDOS,ARE,7,4,0.8592,314,860767.77,cohesion_baja;
PAN-000767,G014522,CASA DE MATERIALES S.A.,PANAMA,PAN,8,4,0.8671,184,859198.16,cohesion_baja;
PAN-001920,G034711,FREE GENERATION SA,PANAMA,PAN,6,4,0.8505,33,857485.14,cohesion_baja;
CRI-000579,G016948,CLOROX DE CENTROAMERICA S.A,COSTA RICA,CRI,6,3,0.8518,64,856137.89,cohesion_baja;
PER-000365,G008802,BAKER HUGHES INT OPER DEL PERU SA,PERU,PER,7,4,0.848,141,855503.5,cohesion_baja;
USA-005271,G025937,DRAMM AND ECHTER,ESTADOS UNIDOS,USA,21,9,0.8406,403,852910.6,cohesion_baja;
USA-011674,G056590,MAMBO EXPORTS S DE RL/AMERICAN FLORIST SUPPLY INC,ESTADOS UNIDOS,USA,10,7,0.8664,54,852394.83,cohesion_baja;
USA-018798,G089640,VISION GLOBAL GROUP LLC,ESTADOS UNIDOS,USA,9,4,0.8448,28,851726.36,cohesion_baja;
GUF-000027,G060114,MIDI CARAIBES GUYANE,GUAYANA FRANCESA,GUF,4,3,0.8607,38,850082.75,cohesion_baja;
CAN-001901,G069915,PRAAT AND WHITNEY ENGINE LEASING,CANADA,CAN,2,2,0.8638,2,849500.0,cohesion_baja;
FRA-000460,G042006,HIRSHOLMEN HANDELS KOMPAGNIET AS HHK AS / AFRIKANISCHE FRUCH,FRANCIA,FRA,4,3,0.8527,34,848379.24,cohesion_baja;
ARE-000014,G000760,ABDULLA HASSAN TRADING ESTABLISHMENT,EMIRATOS ARABES UNIDOS,ARE,6,3,0.8654,409,848095.73,cohesion_baja;
BRA-000379,G008775,BAKER HUGHES DO BRASIL LTDA HI MACAE,BRASIL,BRA,9,6,0.8401,76,847906.85,cohesion_baja;
AUS-000298,G055765,LULULEMON ATHLETICA (AUST) PTY,AUSTRALIA,AUS,5,4,0.8657,66,847539.79,cohesion_baja;
ARE-000443,G038244,GONDWANA GENERAL TRADING LLC,EMIRATOS ARABES UNIDOS,ARE,5,3,0.8691,20,845076.33,cohesion_baja;
BRA-001637,G062394,MULTIPRESENTES PRESENTES E BRINQUEDOS LTDA,BRASIL,BRA,6,5,0.8655,52,843573.34,cohesion_baja;
MTQ-000066,G085514,TOP ALU,MARTINICA,MTQ,3,3,0.8594,17,843138.48,cohesion_baja;
ESP-000048,G001182,"ACRE SOLUCIONES TOPOGRAFICAS ALQUILER Y VENTA, S.L",ESPANA,ESP,5,4,0.8575,11,836790.11,cohesion_baja;
ECU-000675,G009627,BEBIDAS ARCACONTINENTAL ECUADOR ARCADOR SA,ECUADOR,ECU,9,7,0.8602,73,830155.39,cohesion_baja;
ECU-005713,G076140,SALOMON IMPORTADORA Y COMERCIALIZADORA CIA. LTD,ECUADOR,ECU,16,13,0.8424,735,824939.5900000001,cohesion_baja;
JOR-000043,G041670,Hesham Ali Diab Al-Zoubi Y Partners Co,JORDANIA,JOR,4,4,0.8644,9,824595.19,cohesion_baja;
RUS-000621,G070529,"PRODO Commerce, LLC",RUSIA,RUS,3,2,0.856,9,824074.5800000001,cohesion_baja;
PER-002829,G066779,PACKAGING PRODUCTS DEL PERU S.A,PERU,PER,6,4,0.8614,38,823324.2000000001,cohesion_baja;
ECU-005247,G070626,PRODUCTOS AVON ECUADOR S.A.,ECUADOR,ECU,8,8,0.8543,241,822194.4600000001,cohesion_baja;
POL-000212,G046273,INTENDE PAWEL KRZYSZTOF PELCZYK,POLONIA,POL,12,8,0.8697,323,821196.5800000001,cohesion_baja;
VEN-003438,G078283,"SET SUMINISTROS, EFICIENCIA ENERGETICA Y",VENEZUELA,VEN,3,2,0.8436,22,821141.26,cohesion_baja;
VEN-000107,G002449,AGROPECUARIA NIVAR CA,VENEZUELA,VEN,6,5,0.8444,37,821061.5700000001,cohesion_baja;
RUS-000330,G047505,IP ANDRIANOV,RUSIA,RUS,9,6,0.8549,119,820778.5499999999,cohesion_baja;
USA-003730,G016903,CLIFTON WHOLESALE FLORIST,ESTADOS UNIDOS,USA,16,6,0.8598,267,819558.6799999999,cohesion_baja;
JPN-000214,G041744,HIBIYA TRADING CORPORATION,JAPON,JPN,6,3,0.8565,132,818723.75,cohesion_baja;
IND-000605,G089149,VIBRANTZ NUBIOLA INDIA PRIVATE LIMITED,INDIA,IND,5,3,0.8408,44,816496.0,cohesion_baja;
CAN-001515,G056088,MACARTHUR´S QUALITY FLOWERS & PLANTS INC.,CANADA,CAN,26,16,0.8403,390,815028.02,grupo_grande;cohesion_baja;
HND-001067,G067265,PAPELERA CALPULES S.A DE C.V,HONDURAS,HND,6,5,0.84,100,810868.21,cohesion_baja;
PAN-000323,G005752,ANIXTER PANAMA SA,PANAMA,PAN,11,8,0.8402,43,809920.96,cohesion_baja;
USA-003723,G016882,CLEVELAND PLANT AND FLOWER CO,ESTADOS UNIDOS,USA,25,13,0.8537,756,809057.63,cohesion_baja;
MEX-000019,G047669,IRIS CHEMICAL SA DE CV,MEXICO,MEX,4,2,0.8628,29,803228.5,cohesion_baja;
IDN-000088,G071350,PT INDOVETRACO MAKMUR ABADI,INDONESIA,IDN,3,2,0.8565,27,802455.0,cohesion_baja;
DOM-001671,G048556,JARDIN FLORES EXOTICAS DEL ORBE ULLOA SRL,REPUBLICA DOMINICANA,DOM,22,16,0.8517,182,801850.03,grupo_grande;cohesion_baja;
ECU-005500,G073242,REMACHE AIMACANA NORMA MARGOTH,ECUADOR,ECU,4,3,0.861,35,800170.09,cohesion_baja;
ECU-004623,G061530,MOSQUERA MOSQUERA LUIS ALFREDO,ECUADOR,ECU,4,3,0.866,40,799401.2,cohesion_baja;
CRI-000526,G015379,CENTRO DE DISTRIBUCION GRUPO EL LAGAR S.A,COSTA RICA,CRI,5,4,0.8526,41,796316.74,cohesion_baja;
BHS-000034,G014275,CARNIVAL GRAND BAHAMAS INV. LTD,BAHAMAS,BHS,6,4,0.8405,57,794586.19,cohesion_baja;
USA-014501,G068637,PHOENIX PACKAGING OPERATIONS (INDIANAPOLIS CR),ESTADOS UNIDOS,USA,5,3,0.852,30,789105.24,cohesion_baja;
IRL-000145,G091062,WOODLAND GLOBAL,IRLANDA,IRL,2,2,0.8453,6,787898.0,cohesion_baja;
FRA-000457,G041413,"HENRY BLANC S.A., ZA",FRANCIA,FRA,5,4,0.8536,7,785775.94,cohesion_baja;
CHL-001831,G052732,LABORATORIOS KAMPAR S.A,CHILE,CHL,4,3,0.852,10,785767.29,cohesion_baja;
PER-003912,G091139,WORLD FUEL SERVICES COMPANY LLC SUCURSAL COLOMBIA,PERU,PER,4,2,0.8468,61,784961.01,cohesion_baja;
DOM-000785,G023479,DEPALMA ENERGY & OIL SRL,REPUBLICA DOMINICANA,DOM,10,7,0.8698,31,784696.83,cohesion_baja;
USA-006101,G030201,ESSENTIAL S FLOWERS,ESTADOS UNIDOS,USA,51,22,0.8636,639,782782.27,grupo_grande;cohesion_baja;
GTM-000133,G004135,ALMACENES SIMAN S.A.,GUATEMALA,GTM,19,15,0.975,168,781849.9,grupo_grande;
DEU-000494,G032748,Fidelio HealthCare Limburg GmBH,ALEMANIA,DEU,3,3,0.8536,10,779919.9299999999,cohesion_baja;
SAU-000073,G008827,BAKER HUGHES SAUDI ARABIA CO CTL PL,ARABIA SAUDITA,SAU,12,8,0.8495,37,779625.7899999999,cohesion_baja;
GBR-000327,G023221,DEL MONTE INTERNATIONAL GMBH BARBADOS,REINO UNIDO,GBR,3,3,0.8402,18,779333.75,cohesion_baja;
MEX-003389,G073928,RICARDO ABRAHAM MUÑOZ RAMIREZ,MEXICO,MEX,5,3,0.8516,13,776855.0,cohesion_baja;
NIC-000359,G045663,INGENIERIA Y MAQUINARIA SOCIEDAD ANÓNIMA,NICARAGUA,NIC,7,4,0.8614,78,775030.63,cohesion_baja;
ECU-005358,G071781,QUALIPHARM LABORATORIO FARMACEUTICO S.A.,ECUADOR,ECU,10,6,0.8549,67,774002.87,cohesion_baja;
USA-004943,G023333,DELL PRODUCT L.P. C/O DHL SCS,ESTADOS UNIDOS,USA,6,3,0.8585,444,772363.24,cohesion_baja;
CRI-000059,G001031,ACELUB (ACEITES Y LUBRICANTES) S.A / TERFUL SA,COSTA RICA,CRI,5,3,0.8587,35,771550.02,cohesion_baja;
ECU-000662,G009342,BASIC FARM S.A.,ECUADOR,ECU,5,4,0.8639,120,771255.65,cohesion_baja;
VEN-003435,G078258,SERVIQUIM HMJ 2003 CA,VENEZUELA,VEN,6,4,0.8636,47,769009.1,cohesion_baja;
BOL-000498,G045020,"INDUSTRIA, SERVICIO Y COMERCIO DRUSTVO SRL",BOLIVIA,BOL,4,3,0.8697,14,763524.3,cohesion_baja;
USA-002616,G011804,BOULEVARD FLORIST INC DBA FLORAL ACCESS,ESTADOS UNIDOS,USA,22,11,0.8667,1017,763121.64,cohesion_baja;
TUR-000069,G012490,BULUTLAR KURUYEMIS TARIM URN. GIDA INS.,TURQUIA,TUR,6,4,0.8481,6,761914.47,cohesion_baja;
ECU-001724,G022669,DAVILA  EDWIN,ECUADOR,ECU,9,6,0.8595,398,761784.36,cohesion_baja;
ECU-001613,G021229,CREACIONES SUAREZ BAGSANDSHOES CIA LTDA,ECUADOR,ECU,6,5,0.8473,74,760485.34,cohesion_baja;
PAN-003023,G053459,LAVERY PANAMA S.A.,PANAMA,PAN,9,4,0.8571,72,760352.45,cohesion_baja;
BEL-000775,G085037,Tierra de Café Sarl,BELGICA,BEL,7,5,0.8471,14,758744.22,cohesion_baja;
NLD-000974,G035525,FUN - FLOWERS UNITED B.V.,PAISES BAJOS,NLD,28,15,0.8429,362,758462.9,grupo_grande;cohesion_baja;
USA-000319,G000888,ACA TRADING INC,ESTADOS UNIDOS,USA,27,14,0.8433,410,757297.49,cohesion_baja;
PAN-004446,G082329,"SOCIEDAD SUPER SERVICIOS, S.A.",PANAMA,PAN,4,2,0.8442,28,755934.5900000001,cohesion_baja;
ECU-001295,G017859,COMERCIAL JAPONESA AUTOMOTRIZ C.LTDA. (COJAPAN),ECUADOR,ECU,4,2,0.853,169,755778.13,cohesion_baja;
PAN-000003,G009069,"BANDAS Y MUELLES, S.A.",PANAMA,PAN,14,8,0.8413,39,754616.82,cohesion_baja;
CAN-000937,G034443,FORTY CREEK DISTILERY LTD,CANADA,CAN,5,3,0.8592,14,754251.99,cohesion_baja;
PER-001937,G045195,INDUSTRIAS BASA SOCIEDAD ANONIMA CERRADA,PERU,PER,7,6,0.8607,30,752794.1900000001,cohesion_baja;
PER-002620,G061592,MOTORES DIESEL ANDINOS S.A.,PERU,PER,14,8,0.8607,39,752061.57,cohesion_baja;
NLD-002022,G084697,THE NEW LOGISTICS COMPANY,PAISES BAJOS,NLD,3,2,0.8662,39,751915.04,cohesion_baja;
KAZ-000502,G047523,IP ELITE FLORA,KAZAJSTAN,KAZ,10,4,0.8628,180,751905.9,cohesion_baja;
CIV-000016,G031591,FALEX-MPORT,COSTA DE MARFIL,CIV,2,2,0.8587,24,751512.0700000001,cohesion_baja;
BEL-000642,G067667,PAUL DEQUIDT TORREFACTUER,BELGICA,BEL,2,2,0.858,5,750669.54,cohesion_baja;
PER-002428,G056399,MAGUSA GLOBAL CARGO EIRL,PERU,PER,4,3,0.8548,28,748029.7,cohesion_baja;
GBR-000905,G065247,OCF IMPORTS LTD,REINO UNIDO,GBR,6,2,0.8537,123,747995.03,cohesion_baja;
ITA-000688,G059595,MESSAGGI D AMORE DI FRONDA NELLO,ITALIA,ITA,15,11,0.8527,229,746211.74,cohesion_baja;
USA-006220,G030983,EXPO CONVENTION CONTRACTORS INC.,ESTADOS UNIDOS,USA,5,3,0.8435,63,746022.62,cohesion_baja;
BLZ-000009,G009802,BELIZE BREWING COMPANY LIMITED,BELICE,BLZ,7,5,0.8554,23,745408.72,cohesion_baja;
NIC-000318,G042221,HOLCIM NICARAGUA S.A,NICARAGUA,NIC,10,8,0.8423,39,744842.9099999999,cohesion_baja;
IDN-000007,G071309,PT BAKER HUGHES INDONESIA,INDONESIA,IDN,10,7,0.8444,45,744648.73,cohesion_baja;
USA-005270,G025942,DRAMM & ECHTER ING,ESTADOS UNIDOS,USA,22,13,0.844,207,739454.97,cohesion_baja;
USA-002430,G011072,BLOOM & GO LLC,ESTADOS UNIDOS,USA,10,7,0.8496,414,739371.2200000001,cohesion_baja;
USA-006713,G034143,FM GROUP B.V // FLEURAMETZ USA LLC,ESTADOS UNIDOS,USA,18,12,0.866,94,739192.0,cohesion_baja;
ITA-000090,G008502,AZIENDA AGRICOLA PALUMBO DI PALUMBO GIOVANNI,ITALIA,ITA,4,4,0.8651,106,737718.47,cohesion_baja;
PAN-002466,G044171,IMPORTADORA EL VALLE FLORAL S.A.,PANAMA,PAN,11,7,0.8591,246,736251.98,cohesion_baja;
HND-000677,G043198,"IDEA HONDURAS, S. de R. L. de C. V.",HONDURAS,HND,16,16,0.9214,156,735982.14,grupo_grande;
ZAF-000069,G038849,GREEN ENGINEERING SOLUTIONS (PTY) LTD,SUDAFRICA,ZAF,3,3,0.8687,12,734016.81,cohesion_baja;
USA-016610,G079842,So Cal Flower & Supply,ESTADOS UNIDOS,USA,23,13,0.8412,327,733994.54,cohesion_baja;
PRI-000752,G050027,JOSHUA SHIPPING LOGISTICS INC,PUERTO RICO,PRI,4,4,0.8455,40,733615.14,cohesion_baja;
ECU-000947,G013362,CAMISERIA INGLESA CAMINGLESA C LTDA,ECUADOR,ECU,3,3,0.8651,67,730462.73,cohesion_baja;
CHL-001306,G039895,GSK CONSUMER HEALTHCARE CHILE SPA,CHILE,CHL,2,2,0.8643,20,728695.37,cohesion_baja;
TTO-000390,G077189,Schlumberger Trinidad Inc.,TRINIDAD Y TOBAGO,TTO,5,4,0.8604,43,727204.76,cohesion_baja;
ITA-000074,G007021,ARS NOVA SRL,ITALIA,ITA,4,2,0.8571,77,725607.92,cohesion_baja;
BOL-000167,G016242,CHOQUE  JUAN GRAVIEL,BOLIVIA,BOL,8,5,0.8405,52,723911.12,cohesion_baja;
HKG-000490,G078706,SHI HU COMPANY LIMIT,HONG KONG,HKG,2,2,0.8484,3,719638.0,cohesion_baja;
CUB-000015,G001845,AGENCIA IMPORTADORA CARIBE SURL,CUBA,CUB,3,2,0.8512,10,718160.5,cohesion_baja;
USA-000250,G000562,A3 Oceanic Marina and Docks LLC,ESTADOS UNIDOS,USA,4,3,0.8477,14,714884.89,cohesion_baja;
CRI-002151,G066560,OVERSEAS LOGISTICS OPERATION SA,COSTA RICA,CRI,6,4,0.8408,429,714538.21,cohesion_baja;
USA-010487,G051507,KING SPECIALTIES DBA CATANIA NJ,ESTADOS UNIDOS,USA,3,3,0.8655,12,706644.0,cohesion_baja;
CUW-000420,G063014,NARANJO EXPORTACIONES E IMPORTACIONES LTDA CI,CURAZAO,CUW,8,6,0.8698,504,705879.24,cohesion_baja;
VEN-003476,G079823,SNC ENGINEERING & CONSTRUCTION INC,VENEZUELA,VEN,3,2,0.8509,5,705855.4,cohesion_baja;
GBR-000247,G017485,COLOMBIA DIRECT LTD,REINO UNIDO,GBR,14,7,0.8472,897,705719.24,cohesion_baja;
GTM-001389,G048763,JCDECAUX TOP MEDIA GUATEMALA SA,GUATEMALA,GTM,11,9,0.8413,19,705423.7,cohesion_baja;
BRA-002250,G082751,SYMRISE AROMAS E FRAGRANCIAS LTDA,BRASIL,BRA,7,4,0.8637,61,704449.3200000001,cohesion_baja;
DOM-000513,G015351,CENTRO AGROPECUARIO EL GANADERO S.R.L,REPUBLICA DOMINICANA,DOM,8,4,0.8503,251,703920.61,cohesion_baja;
PAN-004103,G073093,REFRI STORE SA,PANAMA,PAN,7,5,0.843,224,703015.3200000001,cohesion_baja;
USA-018287,G087525,UNITED TASTES OF AFRICA INC - Woorah Global.,ESTADOS UNIDOS,USA,5,3,0.8666,25,702530.5599999999,cohesion_baja;
PRY-000403,G089174,VICENTE SCAVONE & CIA SAE,PARAGUAY,PRY,9,5,0.8623,48,702487.91,cohesion_baja;
KAZ-000010,G031863,TOO FART FLORA,KAZAJSTAN,KAZ,7,3,0.8667,124,702367.47,cohesion_baja;
USA-014745,G069988,"PRECISION ENERGY SERVICES, / WEATHERFORD COMPANY",ESTADOS UNIDOS,USA,6,4,0.8448,41,699294.85,cohesion_baja;
TUR-000156,G038684,GRAND FLOWERS GROUP / IFC,TURQUIA,TUR,15,9,0.8616,494,697668.76,cohesion_baja;
VEN-001349,G027205,EDICIONES EL PASILLO 2011 C.A,VENEZUELA,VEN,15,8,0.8492,39,695555.25,cohesion_baja;
CHL-001327,G040643,HALLIBURTON SERVICIOS CHILE LTDA,CHILE,CHL,6,4,0.8423,37,694581.43,cohesion_baja;
USA-006598,G032782,FIFTY FLOWERS,ESTADOS UNIDOS,USA,13,7,0.869,1393,694292.77,cohesion_baja;
DOM-000266,G007438,ASOCIACION CIBAO DE AHORRO Y PRESTAMOS,REPUBLICA DOMINICANA,DOM,4,2,0.8665,18,693367.5599999999,cohesion_baja;
HND-000668,G042339,"HONDURAS VETERINARIA S, DE R.L. HONDUVET",HONDURAS,HND,15,11,0.861,139,692226.02,cohesion_baja;
MEX-002410,G054044,LG ELECTRONICS MEXICO S.A DE CV,MEXICO,MEX,7,5,0.8431,12,691308.36,cohesion_baja;
PER-001246,G029478,ENSAYOS MECANICOS Y SERVICIOS MANTENIMIENTO E.I.R.L,PERU,PER,5,2,0.8656,45,691099.0,cohesion_baja;
KNA-000001,G013882,Carib Brewery (St. Kitts and Nevis) Ltd,SAN CRISTOBAL Y NIEVES,KNA,5,3,0.854,27,690534.97,cohesion_baja;
DOM-000694,G020173,CORPORACION AVICOLA Y GANADERA JARABACOA SAS,REPUBLICA DOMINICANA,DOM,10,7,0.8599,68,690399.78,cohesion_baja;
POL-000135,G032682,FHU B-FLOWERS MARIUSZ BINCZYK,POLONIA,POL,13,9,0.8516,333,689320.87,cohesion_baja;
PAN-002036,G036801,GENESIS PANAMA GROUP S.A,PANAMA,PAN,9,5,0.8568,44,686747.69,cohesion_baja;
CRI-001136,G030485,EUCLID CHEMICAL DE CENTROAMERICA SA,COSTA RICA,CRI,6,5,0.8587,84,684646.0,cohesion_baja;
TTO-000311,G065076,NWT ENTERPRISES LTD,TRINIDAD Y TOBAGO,TTO,5,3,0.8455,866,683955.7899999999,cohesion_baja;
PRI-000207,G013961,CARIBBEAN LUMBER Y HARDWARE INC,PUERTO RICO,PRI,4,3,0.8483,105,683173.5,cohesion_baja;
USA-015485,G074286,RIVIERA FLOWERS INC,ESTADOS UNIDOS,USA,15,6,0.8437,235,680299.29,cohesion_baja;
ECU-005048,G068272,PERSIANAS Y CORTINAS DEL ECUADOR S.A. PERCESA,ECUADOR,ECU,9,9,0.8487,112,679584.6499999999,cohesion_baja;
HKG-000303,G048746,JC TRANS (HK) COMPANY LIMITED,HONG KONG,HKG,2,2,0.8525,12,677320.3400000001,cohesion_baja;
UZB-000004,G008970,BALTSERVICE - Tukhtayev Sardor,UZBEKISTAN,UZB,5,3,0.8608,54,676781.15,cohesion_baja;
POL-000186,G040664,HALY INTERNATIONAL TRADE.,POLONIA,POL,7,5,0.8413,166,676540.23,cohesion_baja;
GTM-002136,G078171,SERVICIOS MERCANTILES DE CENTRO AMERICA S.A.,GUATEMALA,GTM,9,6,0.8573,163,675300.5800000001,cohesion_baja;
GBR-001057,G077789,SENSIBLE GIFTS LIMITED T/A SENSIBLE SEEDS,REINO UNIDO,GBR,6,4,0.8454,50,674816.55,cohesion_baja;
ECU-003513,G045696,INGENIO AZUCARERO DEL NORTE CEM,ECUADOR,ECU,12,8,0.8507,62,674599.98,cohesion_baja;
USA-009946,G049492,JOHANNA ORTIZ ZF LLC,ESTADOS UNIDOS,USA,13,10,0.8637,295,674588.28,cohesion_baja;
DOM-002167,G067490,PARTENERS ENTREPRISES COMPANY,REPUBLICA DOMINICANA,DOM,4,3,0.8674,7,673506.25,cohesion_baja;
HND-001337,G083812,Telefonica Celular S.A. de C.V.,HONDURAS,HND,5,4,0.8668,11,672212.0800000001,cohesion_baja;
DEU-001099,G067938,PELIKAN VERTRIEBSGESELLSCHAFT MBH & CO. KG,ALEMANIA,DEU,2,2,0.8539,91,672035.15,cohesion_baja;
USA-018813,G089668,VISTAFLOR E-COMMERCE USA LLC  /   COLOUR REPUBLIC LLC,ESTADOS UNIDOS,USA,3,3,0.8699,13,669754.87,cohesion_baja;
ECU-002397,G031111,EXRO DEL ECUADOR CIA LTDA,ECUADOR,ECU,6,5,0.8656,126,669252.51,cohesion_baja;
NLD-000771,G031882,FASHION GARDEN SA,PAISES BAJOS,NLD,6,4,0.8586,86,669190.3,cohesion_baja;
CUB-000356,G049402,JOALEXPOR SOCIEDAD LIMITADA // CITRICOS CARIBE SA,CUBA,CUB,5,4,0.8415,16,668979.3,cohesion_baja;
PAN-004812,G088593,VEGARANGO SA ( VA COMPANY),PANAMA,PAN,9,6,0.8615,680,667005.6699999999,cohesion_baja;
USA-016094,G076827,SARA GARDEN INC,ESTADOS UNIDOS,USA,13,7,0.8602,312,666835.48,cohesion_baja;
DOM-001511,G045223,INDUSTRIAS CLAUDETTE SRL,REPUBLICA DOMINICANA,DOM,8,5,0.8692,46,666633.0700000001,cohesion_baja;
SAU-000196,G037581,GLOBAL FLORAL ARABIA TRADING COMPANY,ARABIA SAUDITA,SAU,7,5,0.8483,264,665679.98,cohesion_baja;
CRI-001599,G046173,INTACO CORPORATIVO INCO S.A,COSTA RICA,CRI,7,5,0.8566,151,664589.0,cohesion_baja;
CHL-001608,G045658,INGENIERIA Y CONSTRUCCION MST LTDA,CHILE,CHL,2,2,0.842,10,661175.0,cohesion_baja;
PRT-000292,G086375,TRIBO DALFAZEMA TMN UNIPESSOAL LDA,PORTUGAL,PRT,10,9,0.8582,98,659964.39,cohesion_baja;
GTM-002154,G079082,SIKA GUATEMALA SA,GUATEMALA,GTM,4,3,0.8463,64,656946.02,cohesion_baja;
CHN-000579,G052118,KUNSHAN FEIL STORAGE SERVICE CO LT,CHINA,CHN,2,2,0.8469,39,656363.26,cohesion_baja;
NLD-001596,G063673,NESTE DEMETER BV C/O NESTE OYJ,PAISES BAJOS,NLD,3,3,0.8507,8,656105.51,cohesion_baja;
CHL-001402,G043039,IBARRA BARRIOS ESTERILIZACION LTDA,CHILE,CHL,3,2,0.8438,33,655947.76,cohesion_baja;
ECU-003889,G051985,KRONOS LABORATORIOS C. LTDA,ECUADOR,ECU,8,5,0.8669,55,651076.53,cohesion_baja;
PRY-000067,G013198,CALVO CENDRA SA - CACESA,PARAGUAY,PRY,6,3,0.8545,123,649605.5,cohesion_baja;
BRA-000492,G016726,CLARIANT BRASIL LTDA,BRASIL,BRA,9,6,0.8467,31,648414.9,cohesion_baja;
JAM-000179,G042074,HJB JAMAICA (2022) LIMITED,JAMAICA,JAM,3,2,0.8467,74,647775.35,cohesion_baja;
USA-003028,G013320,CAMILA FLOWERS INC,ESTADOS UNIDOS,USA,11,7,0.8487,338,646947.25,cohesion_baja;
SLV-001195,G082328,SUPER REPUESTOS EL SALVADOR S.A.,EL SALVADOR,SLV,9,5,0.8656,168,646126.05,cohesion_baja;
IND-000241,G044728,INDFRAG BIOSCIENCES PVT. LTD. (100% EOU DIVISION),INDIA,IND,3,2,0.857,3,645180.97,cohesion_baja;
CHL-001430,G043624,IMP. DE REPUESTOS BRASIL LTDA.,CHILE,CHL,3,2,0.8677,98,644684.21,cohesion_baja;
JPN-000541,G084804,THE TREAT FLOWERS,JAPON,JPN,8,4,0.8605,145,644391.88,cohesion_baja;
NLD-001630,G065374,OGL FOOD TRADE,PAISES BAJOS,NLD,2,2,0.848,18,641229.56,cohesion_baja;
VEN-000507,G014536,"CASA DE REPRESENTACION PROMEDICA, C.A.",VENEZUELA,VEN,4,3,0.851,55,640336.5599999999,cohesion_baja;
CAN-000911,G033727,FLORIST SUPPLY FT,CANADA,CAN,15,7,0.8469,427,639961.52,cohesion_baja;
USA-000040,G000030,0000003 LATIN FASHION GROUP CORP. JAIR ARDILA,ESTADOS UNIDOS,USA,6,4,0.8519,40,639259.0,cohesion_baja;
MEX-003943,G085910,TR&RS S DE RL DE C.V,MEXICO,MEX,5,5,0.8685,23,637919.96,cohesion_baja;
LCA-000052,G081047,St. Lucia Electricity Services Limited (LUCELEC),SANTA LUCIA,LCA,4,3,0.8428,22,635616.48,cohesion_baja;
DOM-000351,G010573,BILLSUN BUSINESS CORP SRL,REPUBLICA DOMINICANA,DOM,3,3,0.8655,14,635527.41,cohesion_baja;
USA-008564,G040962,HATS AND HATS LLC // RHE HATCO INC. GARLAND WAREHOUSE C.V,ESTADOS UNIDOS,USA,5,3,0.8442,13,634433.52,cohesion_baja;
GTM-001362,G047949,ITEMS INDUSTRIALES SA,GUATEMALA,GTM,7,5,0.8538,70,632395.39,cohesion_baja;
DOM-001187,G036304,GARCIA Y LLERANDI SAS,REPUBLICA DOMINICANA,DOM,6,4,0.8597,29,632037.13,cohesion_baja;
KOR-000556,G060545,MISARO FLOWER DISTRIBUTION,COREA DEL SUR,KOR,9,4,0.8442,153,631278.69,cohesion_baja;
IND-000179,G033242,FLEXTRONICS TECHNOLOGIES INDIA PRIVATE LIMITED.,INDIA,IND,9,7,0.845,166,631221.77,cohesion_baja;
ECU-003375,G044990,INDUSTRIA NACIONAL DE CALZADO S.A.,ECUADOR,ECU,3,3,0.8415,34,630740.55,cohesion_baja;
TUR-000024,G005219,ANADOLU PARS GIDA SANAYI VE TICARET LTD. STI.,TURQUIA,TUR,3,3,0.8493,5,627266.44,cohesion_baja;
DOM-000223,G006680,ARGOS DOMINICANA S.A.,REPUBLICA DOMINICANA,DOM,15,8,0.8449,63,625203.85,cohesion_baja;
VEN-003843,G088746,"VENEZOLANA DE COBERTURAS, C. A. (VENCOR)",VENEZUELA,VEN,3,2,0.8682,10,624492.8300000001,cohesion_baja;
NLD-001642,G065738,ONESTEEL RECYCLING ROTTERDAM LIMITED,PAISES BAJOS,NLD,3,2,0.8636,8,624194.98,cohesion_baja;
ARE-000030,G002933,AL BAKRAWE GENERAL TRADING LLC,EMIRATOS ARABES UNIDOS,ARE,6,3,0.8663,79,623757.38,cohesion_baja;
GTM-001093,G039772,GRUPO SOLID (GUATEMALA) S.A.,GUATEMALA,GTM,5,4,0.8626,24,623091.81,cohesion_baja;
GTM-000446,G017096,COBERTURA DE LA EXPORTACION E IMPORTACION,GUATEMALA,GTM,5,4,0.8458,95,622637.9,cohesion_baja;
ECU-001621,G021329,CRIOLLO GUTIERREZ VICTOR ENRIQUE,ECUADOR,ECU,19,16,0.8439,179,620038.8200000001,grupo_grande;cohesion_baja;
MLT-000017,G085579,TOPPAN SECURITY MALTA LIMITED,MALTA,MLT,2,2,0.867,18,619967.61,cohesion_baja;
CRI-001960,G058475,MAXI REPUESTOS SRL,COSTA RICA,CRI,7,6,0.8601,101,619675.3,cohesion_baja;
HND-000273,G045088,Compania Industrial del Tropico S.A (COM,HONDURAS,HND,4,3,0.8448,67,619638.41,cohesion_baja;
CZE-000141,G077301,"SCHWAN COSMETICS CR, S.R.O. VAT CZ26036835",CHEQUIA,CZE,7,4,0.8442,130,619477.35,cohesion_baja;
ECU-005952,G079402,Sistema Arquitectonicos Arkilit SA,ECUADOR,ECU,8,5,0.8664,102,616328.35,cohesion_baja;
ESP-000976,G025594,DOLE EXOTICS IBERIA SL,ESPANA,ESP,2,2,0.8676,14,615795.96,cohesion_baja;
USA-001104,G004950,AMERICANA INC,ESTADOS UNIDOS,USA,13,5,0.8486,267,615600.1799999999,cohesion_baja;
TTO-000221,G040703,HAND ARNOLD,TRINIDAD Y TOBAGO,TTO,4,2,0.8623,168,615040.78,cohesion_baja;
ATG-000002,G005886,Antigua Public Utilities Authority,ANTIGUA Y BARBUDA,ATG,3,3,0.8676,3,613526.98,cohesion_baja;
PER-002280,G052798,LABORATORIOS SERVICIO MANUFACTURA Y ACABADO S.A.C,PERU,PER,5,3,0.8514,18,612900.0,cohesion_baja;
CHN-000770,G070209,PRIME FLOWERS LIMITED // FUMEN (SHANGHAI) SUPPLY CHAIN CO LT,CHINA,CHN,18,12,0.8402,127,612180.11,cohesion_baja;
CRI-001860,G054513,LINGERIE DE CENTROAMERICA S.A,COSTA RICA,CRI,4,3,0.846,641,611361.71,cohesion_baja;
PRI-000387,G025898,DR HYDRAULIC CHROME SHOP INC,PUERTO RICO,PRI,5,4,0.8406,77,610736.93,cohesion_baja;
USA-014889,G071011,PRONTO FARMS LLC,ESTADOS UNIDOS,USA,7,4,0.8527,276,607991.31,cohesion_baja;
DOM-001804,G053364,LATITUD O,REPUBLICA DOMINICANA,DOM,26,12,0.8407,626,607963.16,cohesion_baja;
USA-012285,G059276,MELLANO COMPANY LOS ANGELES,ESTADOS UNIDOS,USA,35,20,0.8717,304,606067.01,grupo_grande;
USA-006903,G034048,FLOWERS & PRODUCE BY TERRA LLC,ESTADOS UNIDOS,USA,42,26,0.8418,814,606048.18,grupo_grande;cohesion_baja;
TTO-000386,G076769,SANVISH WHOLESALE ENTERPRISE LTD,TRINIDAD Y TOBAGO,TTO,16,12,0.8455,1159,605718.93,cohesion_baja;
USA-013059,G062122,MRS BLOOMS DIRECT INC,ESTADOS UNIDOS,USA,16,9,0.8566,96,604667.09,cohesion_baja;
TTO-000246,G048592,JASKA TRADING JASON KARAM,TRINIDAD Y TOBAGO,TTO,4,3,0.8586,34,603553.25,cohesion_baja;
TWN-000022,G011159,"BLOSSOM VALLEY INTL. CO., LTD.",TAIWAN,TWN,5,3,0.8663,9,603337.21,cohesion_baja;
CAN-002534,G090940,WINNERS MERCHANTS INTERNATIONAL LP,CANADA,CAN,9,6,0.8465,382,602239.33,cohesion_baja;
ECU-005506,G074254,RIVERA RENEE CECILIA,ECUADOR,ECU,6,5,0.8483,28,599071.25,cohesion_baja;
CRI-001802,G052606,LABORATORIO JARELAB SOCIEDAD ANONIMA,COSTA RICA,CRI,3,2,0.8524,22,596431.69,cohesion_baja;
SUR-000149,G090438,WEATHERFORD TRINIDAD LIMITED,SURINAME,SUR,2,2,0.8633,10,596093.59,cohesion_baja;
MEX-001945,G043096,IBM DE MEXICO S.A,MEXICO,MEX,10,5,0.8437,336,595123.23,cohesion_baja;
ECU-000973,G013688,CAR IMPORTACIONES S.A. IMPOREP,ECUADOR,ECU,6,5,0.8619,98,594977.09,cohesion_baja;
HND-001296,G082508,SUR AGRICOLA DE HONDURAS S.A,HONDURAS,HND,5,5,0.8471,10,594733.86,cohesion_baja;
PER-002780,G065853,OPERADORA PERUANA DE CINES SAC,PERU,PER,4,3,0.8525,17,594151.31,cohesion_baja;
CHL-001100,G031323,FABRICA DE PLASTICOS,CHILE,CHL,7,5,0.8407,23,593488.5,cohesion_baja;
ECU-000907,G013040,CAIZALUISA AREQUIPA EDWIN GEOVANNY.,ECUADOR,ECU,4,3,0.8623,48,591605.46,cohesion_baja;
GRD-000023,G049631,JONAS BROWNE y HUBBARD G DA LTD,GRANADA,GRD,8,7,0.8602,119,590957.49,cohesion_baja;
ECU-004322,G057775,MARQUILLAS Y ACCESORIOS MARQUIACCES S.A.,ECUADOR,ECU,9,8,0.8587,430,588510.02,cohesion_baja;
DOM-001448,G044282,IMPORTADORA & MUELLES DEL CIBAO,REPUBLICA DOMINICANA,DOM,13,6,0.8411,51,587258.26,cohesion_baja;
USA-014052,G066477,OTE DISTRIBUTION LLC,ESTADOS UNIDOS,USA,3,2,0.8402,144,586763.27,cohesion_baja;
DEU-001502,G092269,ZIMPELMANN SELECT FRUIT GMBH&CO.KG,ALEMANIA,DEU,5,4,0.8556,566,585655.5,cohesion_baja;
VEN-002144,G046159,INSUMOS Y ACCESORIOS PARA BLINDAJE C.A.,VENEZUELA,VEN,4,2,0.8698,34,584990.0,cohesion_baja;
USA-012025,G058074,MASAS USA INC,ESTADOS UNIDOS,USA,5,2,0.8528,28,584724.15,cohesion_baja;
USA-014394,G068030,PEOPLE POSITIONING SYSTEMS LLC,ESTADOS UNIDOS,USA,3,2,0.8412,48,584717.12,cohesion_baja;
USA-012308,G059405,MERCADAGRO INTERNATIONAL CORP,ESTADOS UNIDOS,USA,9,5,0.8413,23,583212.68,cohesion_baja;
USA-017429,G083996,terpav international corp,ESTADOS UNIDOS,USA,5,4,0.8412,10,583098.8300000001,cohesion_baja;
JPN-000342,G060307,MILLENNIUM ART CO  LTD,JAPON,JPN,4,3,0.8663,43,580142.02,cohesion_baja;
BRA-001285,G050083,JP INDUSTRIA FARMACEUTICA S.A.,BRASIL,BRA,6,4,0.8543,30,580074.27,cohesion_baja;
PRI-001020,G068044,"PEPSI COLA PR DISTRIBUTING, LLC",PUERTO RICO,PRI,6,4,0.8423,36,575352.04,cohesion_baja;
BRA-000823,G030423,ETERNITY IND E COM DE PLÁSTICOS LTDA,BRASIL,BRA,2,2,0.8672,5,573094.0,cohesion_baja;
PER-003409,G079173,SILVER TECH COMPANY S.A.C.,PERU,PER,7,3,0.8569,31,571568.8200000001,cohesion_baja;
ECU-002989,G066394,OSORIO AVELLANEDA HAROLD JULIAN,ECUADOR,ECU,7,6,0.8445,26,566706.31,cohesion_baja;
ECU-003439,G045129,INDUSTRIAL PESQUERA SANTA PRISCILA S.A.,ECUADOR,ECU,3,2,0.8555,68,565840.1,cohesion_baja;
USA-013298,G064059,NH BLOSSOM DEPOT AND DISTRIBUTORS,ESTADOS UNIDOS,USA,33,16,0.8457,651,564100.41,grupo_grande;cohesion_baja;
CAN-000420,G013274,CAMBRIAN DISTRIBUTION FLORALE,CANADA,CAN,24,11,0.8637,536,563138.83,cohesion_baja;
USA-006202,G030877,EXFLOFLORAL PRODUCTS LLC,ESTADOS UNIDOS,USA,18,8,0.8437,595,562508.99,cohesion_baja;
PAN-001864,G032365,FERNANDO CHONG LOO,PANAMA,PAN,6,4,0.8521,43,561705.41,cohesion_baja;
CRI-002009,G060824,MODA Y ESTILO COLOMBIANO,COSTA RICA,CRI,11,7,0.8455,88,560438.44,cohesion_baja;
MEX-000780,G016722,CLARIANT (MEXICO) S.A. DE C.V.,MEXICO,MEX,7,5,0.8554,24,559750.75,cohesion_baja;
CUW-000174,G021795,CURACAO FOODS TRADE N.V.,CURAZAO,CUW,5,3,0.8671,229,559249.52,cohesion_baja;
NLD-001903,G079924,SOCIÉTÉ INTERNATIONALED´IMPORTATION SAS,PAISES BAJOS,NLD,3,3,0.8404,16,558988.0700000001,cohesion_baja;
BLZ-000062,G071075,PROSSER FERTILIZER & AGROTEC CO. LTD,BELICE,BLZ,5,3,0.8594,9,558216.78,cohesion_baja;
PRT-000195,G058183,"MASTERFRUITS, COMERCIO DE FRUTAS LDA",PORTUGAL,PRT,11,9,0.8599,177,558188.01,cohesion_baja;
ECU-000443,G006367,ARAMENDIZ MARIN ISMAEL MAURICIO,ECUADOR,ECU,11,9,0.8509,173,557915.14,cohesion_baja;
USA-002615,G011803,BOULEVARD FLORIST,ESTADOS UNIDOS,USA,8,4,0.859,620,556212.98,cohesion_baja;
FRA-000811,G033685,SAS FLORIMPEX POBB/FLEURIMPEX,FRANCIA,FRA,8,5,0.8479,160,555226.27,cohesion_baja;
MEX-003488,G075560,RUHRPUMPEN INDUSTRIAL S.A. DE C.V.,MEXICO,MEX,15,8,0.8572,79,554766.73,cohesion_baja;
USA-004726,G022415,DANISA S WHOLESALE FRESH FLOWERS INC,ESTADOS UNIDOS,USA,41,21,0.8562,1160,554435.0,grupo_grande;cohesion_baja;
VEN-000887,G020146,"CORPORACIÓN ACEL, C.A.",VENEZUELA,VEN,3,2,0.8454,3,553235.0700000001,cohesion_baja;
JAM-000062,G013915,CARIBBEAN CREAM LTD (KREMI),JAMAICA,JAM,7,5,0.8478,21,552974.25,cohesion_baja;
CUW-000268,G036970,GERALDINO GROUP CURACAO NV,CURAZAO,CUW,6,5,0.8641,407,552894.4,cohesion_baja;
NIC-000155,G020447,CORPORACION CEFA DE NICARAGUA S.A.,NICARAGUA,NIC,4,3,0.8636,34,551841.27,cohesion_baja;
USA-005866,G028774,EMC WINDOWS & DOOR LLC,ESTADOS UNIDOS,USA,2,2,0.8689,27,550133.4,cohesion_baja;
USA-016710,G080618,SOUTH FLORALS IMPORTS,ESTADOS UNIDOS,USA,30,18,0.859,644,546421.53,grupo_grande;cohesion_baja;
USA-009708,G048602,JASON FLOWERS GROWER AND DISTRIBUTOR,ESTADOS UNIDOS,USA,15,8,0.8433,142,544777.9,cohesion_baja;
ECU-001549,G020524,CORPORACION ECUATORIANA DE ALUMINIO SA CEDAL,ECUADOR,ECU,7,6,0.8453,40,544331.85,cohesion_baja;
USA-000059,G039865,GRV FLOWERS INC,ESTADOS UNIDOS,USA,7,4,0.8512,164,542825.07,cohesion_baja;
GBR-000476,G035059,FRESH SOLUTIONS FLOWERS BV,REINO UNIDO,GBR,3,2,0.8645,19,540512.96,cohesion_baja;
MEX-001436,G031799,FARMAF COMERCIALIZACION Y LOGISTICA SA DE CV,MEXICO,MEX,4,2,0.8415,7,540505.71,cohesion_baja;
USA-013943,G065972,ORANGE COUNTY WHOLESALE FLOWERS,ESTADOS UNIDOS,USA,20,10,0.8694,682,539887.73,cohesion_baja;
ECU-000275,G004116,ALMACENES FIGUEROA SA FIGUESA,ECUADOR,ECU,7,5,0.8511,371,539789.89,cohesion_baja;
ARG-000540,G040283,GUSTAVO JAVIER FRASCAROLI ELEGANT FLOWER,ARGENTINA,ARG,5,3,0.8687,83,539321.84,cohesion_baja;
USA-013811,G065237,OCEANFRONT SWIMSUITS INC,ESTADOS UNIDOS,USA,3,2,0.8515,71,539073.84,cohesion_baja;
CRI-000511,G015154,CEMACO INTERNACIONAL S.A.,COSTA RICA,CRI,8,5,0.854,57,537550.25,cohesion_baja;
PAN-004757,G087881,US PHARMACY SYSTEMS INC,PANAMA,PAN,10,6,0.8538,38,537468.83,cohesion_baja;
RUS-000404,G044773,Individualniy Predprinimatel Zhzhenykh A.L.,RUSIA,RUS,2,2,0.8567,5,537369.56,cohesion_baja;
TUR-000287,G075520,RUDDER GLOBAL LOJSTIK TICARET ANONIM S&#304RKETI,TURQUIA,TUR,2,2,0.8615,4,535500.0,cohesion_baja;
DOM-000079,G002351,AGROINDUSTRIAL PEREZ GUZMAN SRL,REPUBLICA DOMINICANA,DOM,4,2,0.8539,19,534711.7,cohesion_baja;
TTO-000008,G000910,ACADO FOODS,TRINIDAD Y TOBAGO,TTO,3,3,0.8419,64,533367.41,cohesion_baja;
ECU-003512,G045697,INGENIO AZUCARERO DEL NORTE COMPAÑIA DE ECONOMIA,ECUADOR,ECU,10,7,0.8613,23,533135.0700000001,cohesion_baja;
DOM-000130,G003758,ALIMENTOS LIQUIDOS INDUSTRIALES S.A.S (ALINDUS),REPUBLICA DOMINICANA,DOM,9,7,0.8527,96,531990.4,cohesion_baja;
GUY-000066,G016090,CHICKEN N BURGER DELIGHT,GUYANA,GUY,3,2,0.8629,51,530365.59,cohesion_baja;
ECU-003999,G053185,LARRIVA GONZALEZ EDWIN FRANCISCO,ECUADOR,ECU,3,2,0.8525,72,529002.26,cohesion_baja;
PRT-000036,G011153,"BLOSSOM GENETICS, UNIPESSOAL LDA",PORTUGAL,PRT,6,4,0.8632,11,528656.4299999999,cohesion_baja;
PER-000978,G023049,DECAMP ODONTOLOGY AND MEDICAL INSTRUMENT,PERU,PER,4,3,0.8454,13,526467.48,cohesion_baja;
ECU-002430,G031333,FABRICA DE RODILLOS PRM COEC CIA LTDA,ECUADOR,ECU,8,5,0.8522,114,525223.41,cohesion_baja;
PAN-003704,G066966,PALMAS Y DERIVADOS S.A.(PALDESA,PANAMA,PAN,8,6,0.843,28,525006.79,cohesion_baja;
USA-009566,G048111,J AND G SPECIALTY CROPS LLC.,ESTADOS UNIDOS,USA,12,6,0.8628,144,524773.49,cohesion_baja;
ECU-005427,G072305,RAFAEL VASQUEZ RAMIREZ TRANSFORMADORES Y CIA LTDA,ECUADOR,ECU,10,7,0.8531,88,520387.83,cohesion_baja;
HND-000896,G053228,LASSO IBARRA WILLIAM,HONDURAS,HND,3,2,0.851,113,518773.46,cohesion_baja;
CAN-002518,G090645,WESTON PREMIUM WOODS DIV OF RICHELIEU HARDWARE CANADA LTD,CANADA,CAN,15,8,0.8645,131,516943.7,cohesion_baja;
CAN-001553,G057084,MARCHE FLORAL INTER-PROVINCIAL LTEE,CANADA,CAN,26,16,0.8629,671,515313.42,grupo_grande;cohesion_baja;
CHL-002046,G060197,MIGUEL MARITANO IND DE JABONES SA,CHILE,CHL,6,6,0.8466,9,515231.87,cohesion_baja;
MEX-003004,G040961,HATS AND HATS LLC // PACIFIC TRADE COMPANY LZC S DE RL DE C.,MEXICO,MEX,6,4,0.8449,10,515077.7,cohesion_baja;
RUS-000415,G051511,KINGDOM FLOWERS,RUSIA,RUS,5,3,0.8542,125,514670.09,cohesion_baja;
NLD-001856,G077023,SBB GROUP BV,PAISES BAJOS,NLD,2,2,0.8403,28,513692.53,cohesion_baja;
HND-000341,G022292,DANIA ESTHER ESPINOZA,HONDURAS,HND,5,3,0.8641,260,513561.36,cohesion_baja;
PER-001149,G027103,ED & F MAN VOLCAFE PERU SA,PERU,PER,8,7,0.8608,16,511537.26,cohesion_baja;
USA-004009,G018941,COMMERCIAL ZELECTA TRADING GROUP CORP - TRADEWINDS INTERNATI,ESTADOS UNIDOS,USA,6,4,0.8593,112,509567.6,cohesion_baja;
ESP-000228,G005902,ANTISANA FIORI SL,ESPANA,ESP,14,9,0.8554,434,509185.0,cohesion_baja;
SLV-000164,G014462,CARVAJAL EMPAQUES CENTROAMERICA SA DE CV,EL SALVADOR,SLV,7,6,0.8604,26,508970.07,cohesion_baja;
ARE-000205,G014420,CARTEL COFFEE ROASTERS,EMIRATOS ARABES UNIDOS,ARE,5,3,0.844,11,508867.36,cohesion_baja;
MEX-000128,G002330,AGROINDUSTRIA OLEICA DE LA REGION DE LOS RIOS,MEXICO,MEX,5,5,0.8556,5,508545.0,cohesion_baja;
PRI-000168,G011676,BORINQUEN WHOLESALE,PUERTO RICO,PRI,10,6,0.8685,490,506229.69,cohesion_baja;
CHN-001296,G092212,"ZHEJIANG ZHOUSHAN JINTAOINDUSTRIAL CO, LTD",CHINA,CHN,3,3,0.844,7,506200.1,cohesion_baja;
PRI-000007,G056359,MAGNA FOODS INC,PUERTO RICO,PRI,7,5,0.8486,49,504805.04,cohesion_baja;
PAN-001281,G022670,DAVILA FARM LINK INC,PANAMA,PAN,11,5,0.8587,643,504444.1,cohesion_baja;
CAN-002137,G078994,SIERRA FLOWER TRADING SAVOIR FLEUR,CANADA,CAN,7,4,0.8463,92,503944.17,cohesion_baja;
ECU-004901,G066226,ORTEGA  DIAZ WASHINGTON JAVIER,ECUADOR,ECU,9,7,0.8461,23,503825.54,cohesion_baja;
GTM-000372,G015003,CDI SOCIEDAD ANONIMA,GUATEMALA,GTM,3,2,0.8654,291,503733.74,cohesion_baja;
TTO-000382,G076231,SAMBA BREWING AND WINERY,TRINIDAD Y TOBAGO,TTO,3,2,0.841,11,502892.18,cohesion_baja;
GBR-000715,G051450,KIMBERLY CLARK EUROPE LTD OFICINA,REINO UNIDO,GBR,4,2,0.8663,43,502837.45,cohesion_baja;
NGA-000057,G044592,IMW INDUSTRIES LTD. DBA CLEAN ENERGY COMPRESSION,NIGERIA,NGA,2,2,0.8623,6,501438.0,cohesion_baja;
BRA-002324,G085107,TIMLOG LOGISTICA LTDA,BRASIL,BRA,6,4,0.8638,111,501366.36,cohesion_baja;
USA-010421,G051215,KENNY FLOWERS LLC I201403 00129265,ESTADOS UNIDOS,USA,5,5,0.8503,52,501250.63,cohesion_baja;
USA-001599,G007342,ASH GROVE CEMENT COMPANY,ESTADOS UNIDOS,USA,5,3,0.8601,14,500863.67,cohesion_baja;
BOL-000340,G030325,ESTRADA DE ESCALANTE PAMELA EUNICE ANDREA,BOLIVIA,BOL,3,2,0.8651,75,498494.3,cohesion_baja;
ECU-000243,G003648,ALIA ROSES ALIAROSE SA,ECUADOR,ECU,7,5,0.8497,30,497075.45,cohesion_baja;
ECU-000903,G013023,CAICEDO MARTINEZ JEANETTE ALEXANDRA,ECUADOR,ECU,6,4,0.8548,43,495458.84,cohesion_baja;
DOM-000001,G014507,CASA COLOMBIA,REPUBLICA DOMINICANA,DOM,10,5,0.8528,97,494518.9,cohesion_baja;
ECU-000531,G007605,ASTUDILLO MORANTE DIGNA MARLENE,ECUADOR,ECU,3,3,0.8471,52,494475.0,cohesion_baja;
GTM-002137,G078184,SERVICIOS QUIRURGICOS,GUATEMALA,GTM,5,5,0.8594,60,489973.31,cohesion_baja;
USA-017066,G082177,SUNTORY FLOWERS Y/O GALLERIA FARMS,ESTADOS UNIDOS,USA,5,3,0.8558,128,488503.75,cohesion_baja;
MEX-001868,G041366,HENKEL CAPITAL SA DE CV B MX Toluca,MEXICO,MEX,4,4,0.8416,16,487981.88,cohesion_baja;
PRI-000497,G084422,THE FACTORY JJF LLC,PUERTO RICO,PRI,3,2,0.8424,182,487738.92,cohesion_baja;
CRI-000311,G009032,BANCO DAVIVIENDA (COSTA RICA) S.A,COSTA RICA,CRI,4,3,0.8545,87,486252.36,cohesion_baja;
CRI-001048,G027862,EL PORVENIR DEL PRODUCTOR RYM SOCIEDAD ANONIMA,COSTA RICA,CRI,6,3,0.8667,110,485172.5,cohesion_baja;
DOM-000936,G027975,Eléctricos Profesionales srl,REPUBLICA DOMINICANA,DOM,4,4,0.8585,11,484624.11,cohesion_baja;
CRI-001888,G055626,LUIS FERNANDO BENITEZ VALENCIA,COSTA RICA,CRI,5,4,0.8682,92,483545.5,cohesion_baja;
GTM-001652,G059699,METALURGICA INDUSTRIAL Y CONSTRUCCION S.A.,GUATEMALA,GTM,5,3,0.8697,26,482739.3,cohesion_baja;
USA-005663,G027423,EDWARDS LIFESCIENCES LLC,ESTADOS UNIDOS,USA,7,5,0.8496,14,482493.6,cohesion_baja;
BRB-000020,G008591,B-Pak Distributors,BARBADOS,BRB,4,2,0.8675,47,482445.41,cohesion_baja;
USA-006299,G034168,FMI LLC,ESTADOS UNIDOS,USA,20,8,0.8618,903,480842.25,cohesion_baja;
ECU-003691,G048516,JARA PALACIO JOSHUA,ECUADOR,ECU,4,3,0.8554,83,480795.45,cohesion_baja;
ECU-005303,G071092,PROTECCION BLINDADA C.A.,ECUADOR,ECU,4,4,0.8623,83,480244.69,cohesion_baja;
PAN-000123,G001861,AGENCIA NUEVO HUNG SHENG S.A,PANAMA,PAN,6,4,0.8656,22,480019.2,cohesion_baja;
DOM-002149,G066781,PACKAGING SOLUTIONS,REPUBLICA DOMINICANA,DOM,4,2,0.8527,40,479953.68,cohesion_baja;
HND-001154,G073047,REENCAUCHE Y DISTRIBUCION DE LLANTAS S.A. DE CV,HONDURAS,HND,4,2,0.8545,22,479688.34,cohesion_baja;
POL-000376,G083297,TB GROUP S.C.,POLONIA,POL,7,4,0.8516,84,477193.8,cohesion_baja;
CHL-002183,G065683,OMYA CHILE S.A.,CHILE,CHL,4,3,0.8695,51,476474.27,cohesion_baja;
MEX-003885,G084036,TERRAFERTIL MÉXICO SAPI DE CV,MEXICO,MEX,6,3,0.8411,9,476215.23,cohesion_baja;
GTM-000395,G015317,"CENTRAL PRODUCTOS ALIMENTICIOS UNIVERSAL, S.A.",GUATEMALA,GTM,6,4,0.8543,27,474085.8,cohesion_baja;
ECU-006555,G088391,VARCO LP (991200) R.U.C. 1791334744001,ECUADOR,ECU,3,2,0.8564,105,473952.38,cohesion_baja;
USA-002652,G011948,BRANDS UP MARKETING LLC,ESTADOS UNIDOS,USA,5,3,0.8686,26,471785.68,cohesion_baja;
PER-000908,G020990,COSMETICA Y SALUD J & A S.A.C.,PERU,PER,8,5,0.8443,13,470679.38,cohesion_baja;
USA-008770,G042015,HISPANIC BUSINESS SOLUTIONS,ESTADOS UNIDOS,USA,8,3,0.8525,58,469842.13,cohesion_baja;
DMA-000018,G040879,HARRIS PAINTS DOMINICA LIMITED,DOMINICA,DMA,3,2,0.8611,42,469068.34,cohesion_baja;
FRA-000210,G016270,CHRISTIAN DIOR COUTURE SA,FRANCIA,FRA,6,5,0.8435,22,468644.66,cohesion_baja;
BRA-000468,G015823,CHAMPION TECHNOLOGIES DO BRASIL,BRASIL,BRA,4,3,0.8466,18,468452.29,cohesion_baja;
BRA-002241,G082487,SUPREMA DISTRIBUIDORA LTDA,BRASIL,BRA,5,3,0.8538,20,466263.65,cohesion_baja;
CRI-000733,G062859,COOPERATIVA NACIONAL DE PRODUCTORESDE SAL R L,COSTA RICA,CRI,3,2,0.843,16,465888.49,cohesion_baja;
USA-014880,G070863,PROGRESS FLOWERS CORPORATION,ESTADOS UNIDOS,USA,7,3,0.8406,282,464900.49,cohesion_baja;
USA-005742,G028541,ELITE EXPORTS INC S A Y/O MEX Y CAN TRADING USA WHOLESALE,ESTADOS UNIDOS,USA,3,2,0.8629,155,462691.87,cohesion_baja;
JPN-000431,G066115,ORIGIN COFFEE TRADERS JAPAN LTD,JAPON,JPN,3,2,0.8664,11,461567.9,cohesion_baja;
LTU-000002,G011289,B & M SUGAR PRODUCTS LTD,LITUANIA,LTU,4,3,0.8456,15,460995.4,cohesion_baja;
IND-000036,G004752,AMCOL MINERALS AND MATERIALS INDIA PRIVATE LIMITED,INDIA,IND,5,4,0.8425,28,460890.51,cohesion_baja;
SAU-000256,G051728,KOFFIQA EST,ARABIA SAUDITA,SAU,3,3,0.8415,9,458624.08,cohesion_baja;
CUB-000233,G029164,EMPSERPET (EMPRESA DE SERVICIOS PETROLEROS),CUBA,CUB,4,4,0.8558,54,456577.15,cohesion_baja;
HND-000527,G031204,"FA  COSMETICS, S DE R.L",HONDURAS,HND,6,6,0.8554,65,456483.97,cohesion_baja;
ESP-002332,G058183,MASTERFRUITS COMERCIO DE FRUTAS LDA,ESPANA,ESP,9,7,0.8424,368,455583.53,cohesion_baja;
ITA-000244,G019254,CONDOR SOCIETA COOPERATIVA,ITALIA,ITA,10,8,0.8442,137,455456.84,cohesion_baja;
PRI-000176,G012066,BRENNTAG LATIN AMERICA INC.,PUERTO RICO,PRI,5,4,0.8456,12,455039.84,cohesion_baja;
RUS-000410,G019086,JSC COMPANY¿PRODUCT-SERVIC,RUSIA,RUS,4,3,0.8687,4,451553.88,cohesion_baja;
ESP-003201,G081125,STAR DEFENCE LOGISTICS & ENGINEERING S.L. - SDLE,ESPANA,ESP,5,5,0.8632,31,449513.14,cohesion_baja;
PAN-003176,G056589,MAMBO EXPORTS S DE RL,PANAMA,PAN,8,6,0.8699,215,447829.5,cohesion_baja;
USA-007702,G036747,GENERAL IMPACT GLASS HURRICANE SHUTTER PARTS,ESTADOS UNIDOS,USA,4,4,0.8411,14,447422.74,cohesion_baja;
CRI-002610,G081383,STEVENS AGUILAR PEREZ,COSTA RICA,CRI,2,2,0.8561,66,445267.3,cohesion_baja;
FRA-000468,G042971,HYTECK AROMA-ZONE,FRANCIA,FRA,4,3,0.8698,11,444711.14,cohesion_baja;
PRI-000807,G054130,LIBRERIA CATOLICA ANAWIM,PUERTO RICO,PRI,6,5,0.8443,57,444702.41,cohesion_baja;
ECU-003541,G045969,INNOVEX DOWNHOLE SOLUTIONS INC. (ECUADOR),ECUADOR,ECU,5,5,0.867,62,443326.28,cohesion_baja;
PER-002747,G065202,OCCIDENTAL BUSINESS S.A.C,PERU,PER,7,4,0.8437,15,441503.65,cohesion_baja;
USA-010731,G052366,LA FLEUR  BOUQUETS,ESTADOS UNIDOS,USA,8,4,0.8431,61,441072.34,cohesion_baja;
ECU-005876,G078193,SERVICIOS TECNICOS INDUSTRIALES S.A.,ECUADOR,ECU,3,2,0.8593,35,440669.85,cohesion_baja;
ESP-001527,G038592,GRADY FLOR ESPAÑA SA,ESPANA,ESP,8,6,0.8574,130,438518.55,cohesion_baja;
ESP-001053,G027783,EL CORTE INGLES S.A,ESPANA,ESP,11,8,0.8619,127,438482.9,cohesion_baja;
USA-002413,G011218,BLUE ROOF BRANDS LLC,ESTADOS UNIDOS,USA,4,3,0.8568,24,436102.48,cohesion_baja;
USA-002653,G037530,GLOBAL BRANDS TRADING CORP.,ESTADOS UNIDOS,USA,2,2,0.8475,12,436032.07,cohesion_baja;
MEX-001418,G032687,F.I. AVOCADO S. DE RL. DE CV.,MEXICO,MEX,4,4,0.8495,7,435741.1,cohesion_baja;
PRI-000684,G044604,IN HOUSE CONSTRUCTION LLC,PUERTO RICO,PRI,2,2,0.8604,25,435491.24,cohesion_baja;
GTM-000779,G027120,EDDY ELEAZAR HERNANDEZ LEON,GUATEMALA,GTM,5,3,0.8461,332,434223.9,cohesion_baja;
BOL-000845,G077180,"SCHLUMBERGER SURENCO, S.A",BOLIVIA,BOL,7,7,0.8582,20,434013.81,cohesion_baja;
DEU-000202,G011263,BLUME 2000 SE / X-ACT PRODUCTS INC,ALEMANIA,DEU,3,3,0.846,166,429366.55,cohesion_baja;
USA-007257,G035402,FST WHOLOESALE,ESTADOS UNIDOS,USA,10,6,0.8535,306,428962.52,cohesion_baja;
MEX-002170,G048004,ITX MERKEN B.V / TIENDA ZARA CC OASIS,MEXICO,MEX,7,7,0.8436,290,428432.96,cohesion_baja;
URY-000116,G022412,DANILO MACHADO FEDULLO,URUGUAY,URY,3,2,0.8545,182,428367.47,cohesion_baja;
SLV-001055,G073589,RESAL REPUESTOS SALVADOREÃ¿OS S.A. DE C.V.,EL SALVADOR,SLV,4,4,0.8579,15,427670.37,cohesion_baja;
ESP-003288,G084007,TERRA EXPORTS LLC,ESPANA,ESP,4,3,0.8403,9,427317.77,cohesion_baja;
BLR-000000,G033688,FLORIS GRAND LLC,BELARUS,BLR,10,4,0.864,148,426636.6,cohesion_baja;
ECU-003842,G069728,PORTILLA ALVAREZ KARLA ELIANA,ECUADOR,ECU,5,3,0.8637,72,425418.78,cohesion_baja;
BOL-000610,G076468,SANDOVAL QUINTANA LILIANA,BOLIVIA,BOL,3,3,0.8513,160,424655.99,cohesion_baja;
ECU-001088,G015045,CECILIA CORNEJO RUC 0101053361001,ECUADOR,ECU,4,3,0.8628,24,420548.85,cohesion_baja;
CUW-000591,G084531,THE FASHION EMPIRE NV,CURAZAO,CUW,6,5,0.8561,303,419308.52,cohesion_baja;
ECU-001542,G020460,CORPORACION CODAN CIA. LTDA,ECUADOR,ECU,8,6,0.8456,53,418749.0,cohesion_baja;
USA-005713,G027983,ELECTRO BATTERY WAREHOUSE,ESTADOS UNIDOS,USA,3,2,0.8608,35,418542.66,cohesion_baja;
VEN-003118,G070405,PROCESADORA AGROINDUSTRIAL DE VENEZUELA C.A. (PRAVENCA),VENEZUELA,VEN,4,4,0.8538,23,418435.29,cohesion_baja;
DEU-000115,G007833,AUGUST TOEPFER ZUCKERHANDELSGESELL SCHAFT MBH & CO.,ALEMANIA,DEU,2,2,0.8673,4,418425.0,cohesion_baja;
RUS-000471,G083327,LLC TC PARTNER,RUSIA,RUS,3,2,0.8536,6,417771.85,cohesion_baja;
USA-018788,G089579,VIRGIN FARMS,ESTADOS UNIDOS,USA,12,6,0.8495,177,417396.48,cohesion_baja;
PAN-001689,G029530,"ENVASADORA COMERCIAL, S.A",PANAMA,PAN,14,7,0.8413,137,416876.39,cohesion_baja;
USA-006897,G033820,Flourish and grace LLC,ESTADOS UNIDOS,USA,17,11,0.8438,624,416096.32,cohesion_baja;
ECU-002503,G032532,FERRETERIA TABLEROS HERRAJES Y AFINES,ECUADOR,ECU,8,6,0.8494,116,415312.72,cohesion_baja;
GTM-002046,G073564,"REPUESTOS PS, SOCIEDAD ANONIMA",GUATEMALA,GTM,5,3,0.8477,70,414646.27,cohesion_baja;
CRI-000269,G007956,AUTO REPUESTOS AV. # 10 S.A,COSTA RICA,CRI,8,5,0.8428,87,414402.95,cohesion_baja;
CAN-000928,G084552,THE FLOWER FACTORY EDMONTON,CANADA,CAN,8,3,0.8543,252,413283.84,cohesion_baja;
CAN-000047,G000421,7031980 CANADA INC,CANADA,CAN,8,6,0.8475,32,412716.2,cohesion_baja;
THA-000222,G084290,THAI SUN SEA TRADING LIMITED PARTNERSHIP,TAILANDIA,THA,5,4,0.8517,95,412571.67,cohesion_baja;
PAN-003550,G063836,NEVADA ZONA LIBRE S.A,PANAMA,PAN,3,2,0.8424,23,412459.39,cohesion_baja;
GTM-002132,G078141,SERVICIOS INNOVADORES DE COMUNICACION Y ENTRETENEMIENTO S.A.,GUATEMALA,GTM,2,2,0.8656,3,412377.02,cohesion_baja;
GRC-000165,G087380,UNION OF COFFEE ROASTERS B. KATSANTAS S.A.,GRECIA,GRC,2,2,0.8502,4,410982.53,cohesion_baja;
ARE-000553,G050842,KANARA GREENS AND FLOWERS TRADING FZ LLC,EMIRATOS ARABES UNIDOS,ARE,14,11,0.8573,186,410564.72,cohesion_baja;
MEX-000114,G001953,AGP AZTECA SRL CV,MEXICO,MEX,22,15,0.8486,108,410336.25,grupo_grande;cohesion_baja;
BRA-001592,G060382,MINERACAO CARAIBA S/A (TUCUMA),BRASIL,BRA,2,2,0.86,3,409595.0,cohesion_baja;
BEL-000451,G047888,ISUZU MOTORS EUROPE,BELGICA,BEL,3,2,0.8428,3,409305.68,cohesion_baja;
USA-005298,G025999,DREISBACH WHOLESALE FLORISTS INC - LOUIS,ESTADOS UNIDOS,USA,11,6,0.8524,76,408491.79,cohesion_baja;
HND-000171,G011640,BOQUITAS FIESTAS S DE R.L.,HONDURAS,HND,6,5,0.8539,13,408203.02,cohesion_baja;
CHN-000930,G078505,"SHANGHAI LINKSTAR IMPORT & EXPORT CO., LTD",CHINA,CHN,9,6,0.8491,18,408176.27,cohesion_baja;
MYS-000051,G020908,CORTEVA AGRISCIENCE (M) SDN BHD,MALASIA,MYS,2,2,0.8487,7,407738.6,cohesion_baja;
NIC-000401,G049537,JOHN MAY Y COMPAÑIA MAQUINARIAS S.A,NICARAGUA,NIC,4,4,0.8667,6,406315.0,cohesion_baja;
SUR-000000,G077724,SEMC HARDWARE N.V.,SURINAME,SUR,7,5,0.8528,12,404558.19,cohesion_baja;
USA-015049,G071866,QUE RIKURAS PRODUCT,ESTADOS UNIDOS,USA,8,4,0.855,37,404512.59,cohesion_baja;
USA-010483,G051508,KING WHOLESALE FLOWERS,ESTADOS UNIDOS,USA,15,9,0.8574,214,403647.1,cohesion_baja;
EGY-000034,G003866,ALKHORAYEF PETROLEUM CO,EGIPTO,EGY,7,6,0.8643,15,402183.16,cohesion_baja;
FRA-000651,G061326,MOR & CHARPENTIER SAS,FRANCIA,FRA,2,2,0.8609,9,400738.0,cohesion_baja;
MEX-003495,G077019,S&B SEGURIDAD & BALISTICA SA DE C.V,MEXICO,MEX,6,4,0.8537,23,400503.0,cohesion_baja;
CRI-000788,G020756,CORPORACIÓN S&S DE TIBAS SA,COSTA RICA,CRI,5,3,0.8425,435,399971.32,cohesion_baja;
VEN-002870,G062493,"MUNDO DISTRIBUCIONES EXPRESS, C.A.",VENEZUELA,VEN,6,6,0.8453,9,399478.88,cohesion_baja;
SLV-001253,G086955,TYAZHMASH S A SUCURSAL EL SALVADOR,EL SALVADOR,SLV,11,10,0.8443,42,398967.51,cohesion_baja;
CRI-001065,G028061,ELECTROQUIMICA COSTARRICENSE (E.Q.C),COSTA RICA,CRI,6,5,0.8563,21,398507.04,cohesion_baja;
HKG-000010,G060476,"MIP INTERNATIONAL TRADING CO, LTD // ABI FI CORP",HONG KONG,HKG,2,2,0.8688,5,397500.0,cohesion_baja;
USA-000001,G008850,#BAKER OIL TOOLS¿ Baker Hughes,ESTADOS UNIDOS,USA,2,2,0.8541,2,396294.33,cohesion_baja;
USA-002767,G033396,Floral Importers & Dist. INC. D-B-A Buds Floral,ESTADOS UNIDOS,USA,22,12,0.8445,518,395114.69,cohesion_baja;
ITA-000876,G079165,SILVER GREEN DI ESPOSITO PASQUALE,ITALIA,ITA,9,6,0.8544,125,395074.73,cohesion_baja;
PAN-001574,G027275,"EDITORA NOVO ART, S.A.",PANAMA,PAN,5,3,0.8597,53,394856.52,cohesion_baja;
KOR-000761,G086976,TYPICA KOREA Inc,COREA DEL SUR,KOR,4,3,0.8481,8,394619.53,cohesion_baja;
USA-000963,G004574,ALWAYS FOOD SALES & CONSULTANT CORP,ESTADOS UNIDOS,USA,4,3,0.8522,42,394261.59,cohesion_baja;
USA-014534,G068761,PIKES PEAK OF TEXAS INC,ESTADOS UNIDOS,USA,7,5,0.8472,51,394097.85,cohesion_baja;
MEX-002015,G044562,IMPULSORA AZUCARERA DEL TROPICO,MEXICO,MEX,3,2,0.8472,12,393410.46,cohesion_baja;
HRV-000014,G036990,GERBERA OBRT-VL ZELJKO MLADINIC,CROACIA,HRV,5,3,0.8437,80,392534.75,cohesion_baja;
KEN-000008,G023370,DELTA HEALTHCARE SUPPLIES (K) LTD,KENIA,KEN,2,2,0.8428,24,392361.6,cohesion_baja;
MEX-000283,G006518,"ARCHROMA MEXICO, S DE RL DE CV",MEXICO,MEX,9,6,0.847,60,390801.4,cohesion_baja;
BRA-001803,G068202,PERFORMANCE SPECIALTY PRODUCTS DO BRASIL SERV. E COM. DE PRO,BRASIL,BRA,4,3,0.8462,22,390773.14,cohesion_baja;
CAN-001690,G062193,MT. NEWTON FLORAL INC,CANADA,CAN,16,10,0.8407,399,390362.44,cohesion_baja;
MEX-003193,G070689,PRODUCTOS FLIPPER S.A. DE CV,MEXICO,MEX,8,7,0.8675,11,390102.69,cohesion_baja;
ECU-001137,G015640,CESAR AUGUSTO LOPEZ CINFUENTES,ECUADOR,ECU,2,2,0.864,19,389852.5,cohesion_baja;
ECU-004345,G058144,MASTER BUILDERS SOLUTIONS ECUADOR S.A.,ECUADOR,ECU,5,5,0.846,132,388620.91,cohesion_baja;
VEN-002925,G064670,"NOUMA TRADING & LOGISTICS, C.A",VENEZUELA,VEN,6,4,0.8665,11,388564.45,cohesion_baja;
TTO-000093,G013966,CARIBBEAN NATURAL JUICE MANUFACTURERS,TRINIDAD Y TOBAGO,TTO,6,4,0.8564,30,386822.0,cohesion_baja;
SGP-000170,G063733,NESTLE SINGAPORE (Pte) LTD,SINGAPUR,SGP,2,2,0.8595,24,386542.06,cohesion_baja;
BOL-000345,G030737,EVEREST IMPORT EXPORT,BOLIVIA,BOL,4,3,0.8465,44,386519.18,cohesion_baja;
MEX-003149,G069539,POLIOLES S.A. DE C.V.R.F.C. POL811214834,MEXICO,MEX,2,2,0.8625,10,386120.0,cohesion_baja;
CZE-000120,G067017,PAMELA S FLOWERS S.R.O.,CHEQUIA,CZE,26,15,0.867,271,385477.85,grupo_grande;cohesion_baja;
VEN-002787,G059696,"METALURGICA CARABOBO, S.A. (METALCAR)",VENEZUELA,VEN,4,4,0.8532,26,384885.83,cohesion_baja;
USA-002062,G009407,BATTERY WAREHOUSE,ESTADOS UNIDOS,USA,5,4,0.8531,68,384648.72,cohesion_baja;
VEN-001007,G021112,COVENCAUCHO INDUSTRIAS S.A,VENEZUELA,VEN,11,8,0.8594,31,384578.56,cohesion_baja;
NLD-002036,G085185,TITBIT S.R.O.,PAISES BAJOS,NLD,6,3,0.8419,156,384477.02,cohesion_baja;
DOM-001050,G031454,FAGUAFLOWERS INTL LLC//JARDIN FLORES EXOTICAS DEL ORBE ULLOA,REPUBLICA DOMINICANA,DOM,30,20,0.8407,206,382511.0,grupo_grande;cohesion_baja;
CAN-002136,G078997,SIERRA FLOWER TRADING LTD Y/O WALNUT RIDGE TRADING CORP,CANADA,CAN,10,6,0.8652,120,380789.72,cohesion_baja;
VEN-001479,G031297,FABRICA DE CALZADOS MEGA C.A,VENEZUELA,VEN,9,5,0.8622,60,379502.86,cohesion_baja;
NLD-001890,G079495,SJAAK VAN DER VIJVER BV,PAISES BAJOS,NLD,12,7,0.864,161,379205.14,cohesion_baja;
CAN-000879,G033169,FLEURAMETZ CANADA LTD,CANADA,CAN,45,27,0.8559,352,379080.77,grupo_grande;cohesion_baja;
GTM-001619,G058301,MATHIESEN GUATEMALA Y COMPAÃ¿IA LIMITADA,GUATEMALA,GTM,10,7,0.8529,47,379013.83,cohesion_baja;
HND-001347,G085019,TIENDAS MARESTY S D RL,HONDURAS,HND,7,5,0.8618,146,377864.27,cohesion_baja;
USA-008644,G041419,HENRY C ALDERS,ESTADOS UNIDOS,USA,8,5,0.8406,75,376328.56,cohesion_baja;
USA-005589,G027005,ECUADOR´S ORIGIN PRODUCTS,ESTADOS UNIDOS,USA,7,4,0.863,73,376122.99,cohesion_baja;
USA-006289,G033096,F & L ALUMINUM PARTS INC,ESTADOS UNIDOS,USA,3,3,0.8516,7,375749.87,cohesion_baja;
BRA-002057,G076278,SAMSUNG ELECTRONICA DA AMAZONIA,BRASIL,BRA,5,3,0.8528,45,375260.24,cohesion_baja;
DOM-001148,G034770,"FRENOS Y SERVICIOS MIL,SRL",REPUBLICA DOMINICANA,DOM,7,4,0.8537,46,375224.64,cohesion_baja;
ESP-000766,G018732,COMMERCIAL ZELECTA TRADING GROUP CORP - FLORA MARKET ANASTAS,ESPANA,ESP,4,3,0.8525,34,374742.75,cohesion_baja;
ECU-002589,G034014,FLOWERS COLOR FLORES DE COLOR S.A,ECUADOR,ECU,5,4,0.8431,50,374535.3,cohesion_baja;
PRI-000459,G028881,EMOTION BEAUTY DISTRIBUTOR INC,PUERTO RICO,PRI,4,2,0.8469,8,374419.96,cohesion_baja;
ECU-001496,G019808,CONTINENTAL FRICTION LUBE - LESTER FUENTES,ECUADOR,ECU,3,2,0.8438,45,372821.41,cohesion_baja;
VEN-000866,G019886,CONVERTIDORA CHAPIOLI 2010 C.A.,VENEZUELA,VEN,9,6,0.8604,26,372654.94,cohesion_baja;
BLZ-000017,G011837,BOWEN AND BOWEN LIMITED,BELICE,BLZ,9,6,0.8466,46,371387.59,cohesion_baja;
ISR-000087,G030087,ESMAT MOHD. ADEL TAHER SHAHROURI,ISRAEL,ISR,2,2,0.867,4,370897.0,cohesion_baja;
CRI-002279,G070881,PROING TECNOLOGIA LIMITADA SOCIEDAD DE RESPONSABILIDAD LIMIT,COSTA RICA,CRI,4,3,0.863,78,370639.47,cohesion_baja;
MEX-001501,G034099,FLOWSERVE S. DE R.L. DE C.V. (CLP_E_MEX,MEXICO,MEX,4,4,0.8427,7,370257.58,cohesion_baja;
KAZ-000004,G083914,TENGRY PAY,KAZAJSTAN,KAZ,9,3,0.8536,154,369348.56,cohesion_baja;
PAN-003706,G066992,PALO ALTO AGROINDUSTRIAL SA,PANAMA,PAN,7,3,0.8665,57,369031.48,cohesion_baja;
CHN-000292,G035518,FUMEN SHANGHAI SUPPLY CHAIN CO LTD,CHINA,CHN,14,10,0.8446,119,367732.68,cohesion_baja;
USA-019132,G090912,WINDOW & DOOR DESIGN CENTER,ESTADOS UNIDOS,USA,4,2,0.8659,37,366458.44,cohesion_baja;
CHL-001976,G057102,MARCO ANTONIO LEFIMIL MUÑOZ,CHILE,CHL,3,2,0.8606,19,366327.72,cohesion_baja;
ARE-000067,G003638,ALI GHOLAMI VEGETABLES AND FRUIT LLC.,EMIRATOS ARABES UNIDOS,ARE,9,6,0.8638,142,365587.42,cohesion_baja;
NOR-000001,G000711,ABBOTT DIAGNOSTICS TECHNOLOGIES AS,NORUEGA,NOR,3,2,0.8572,7,363615.68,cohesion_baja;
GLP-000038,G048816,JEAN LOUIS ALBERT-S.A.R.L EL DORADO,GUADALUPE,GLP,4,3,0.842,28,363009.71,cohesion_baja;
ECU-002297,G029769,EQUIPO PETROLERO SA EQUIPETROL,ECUADOR,ECU,4,4,0.8459,9,362209.86,cohesion_baja;
VEN-001603,G035145,FRIGORIFICO NATTI (FRINATTI). C.A.,VENEZUELA,VEN,2,2,0.8572,11,362176.09,cohesion_baja;
USA-013092,G062348,MULTIFLORA CORPORATION PREMIUM FLOWERS,ESTADOS UNIDOS,USA,8,4,0.847,259,361702.74,cohesion_baja;
USA-000987,G004688,AMAZON COM INC,ESTADOS UNIDOS,USA,6,4,0.866,41,361599.93,cohesion_baja;
ESP-002081,G054576,LISAN FLOWERS COLOMBIA SL,ESPANA,ESP,16,14,0.8484,146,359953.34,cohesion_baja;
DOM-000241,G006951,ARQ RANDY NUÑEZ D OLEO & ASOCIADOS SRL,REPUBLICA DOMINICANA,DOM,4,3,0.8611,10,359117.53,cohesion_baja;
PER-001614,G039104,GROMAR IMPORT S.A.C.,PERU,PER,3,2,0.8522,39,358053.6,cohesion_baja;
PAN-001133,G022999,COOPERATIVA DE S/M DE PRODUCTORES DE LECHE DE P,PANAMA,PAN,10,7,0.8483,31,357098.1,cohesion_baja;
QAT-000006,G003000,AL MAI TRADING EST,QATAR,QAT,3,2,0.8692,175,356755.77,cohesion_baja;
PAN-001073,G019468,CONSORCIO INDUSTRIAL DE LAS AMERICAS,PANAMA,PAN,8,6,0.8435,33,356452.07,cohesion_baja;
USA-006346,G031444,FAGUAFLOWERS INT LLC,ESTADOS UNIDOS,USA,9,4,0.8437,256,356031.86,cohesion_baja;
VEN-000265,G006917,AROMATICS FLAVORS & FRAGRANCES 5000,VENEZUELA,VEN,14,10,0.8658,327,355760.9,cohesion_baja;
PAN-000338,G006086,APLICACIONES QUIMICAS SA,PANAMA,PAN,9,5,0.8699,27,354879.91,cohesion_baja;
GLP-000067,G079899,SOCIETE D ÉXPLOITATION DE BERGEVIN,GUADALUPE,GLP,3,3,0.8455,26,354689.28,cohesion_baja;
MEX-000949,G019485,CONSORCIO MEXI GAS,MEXICO,MEX,5,2,0.868,9,354268.76,cohesion_baja;
DOM-001796,G053051,"LANA Y ESPONJA DE ACERO, S. R. L.",REPUBLICA DOMINICANA,DOM,3,2,0.8604,5,352000.0,cohesion_baja;
GBR-000636,G048159,J VAN VLIET S.A. EORI GB,REINO UNIDO,GBR,23,15,0.848,179,350376.73,grupo_grande;cohesion_baja;
DOM-001068,G031786,FARMACO QUIMICA NACIONAL SA,REPUBLICA DOMINICANA,DOM,7,5,0.8527,68,350220.59,cohesion_baja;
HKG-000025,G004777,AMER SPORTS HK DC,HONG KONG,HKG,3,2,0.8427,31,349887.2,cohesion_baja;
MEX-002527,G056835,MANUFACTURA Y LOGÍSTICA DE GRASAS Y LUBRICANTES SA DE CV,MEXICO,MEX,4,3,0.8612,31,349470.0,cohesion_baja;
BRA-002522,G091463,YAMADA BRASIL FABRICACAO DE ARTEFATOS DE MATERIAL PLASTICO L,BRASIL,BRA,3,2,0.8676,19,348000.4,cohesion_baja;
ARE-000771,G073524,REPUBLIC OF COLOMBIA PAVILION - EXPO 2020,EMIRATOS ARABES UNIDOS,ARE,4,4,0.8474,36,347488.74,cohesion_baja;
LCA-000021,G023484,"Department of commerce, international trade, investment, ent",SANTA LUCIA,LCA,2,2,0.868,2,346970.33,cohesion_baja;
NLD-000496,G021929,CWT COMMODITIES LTD,PAISES BAJOS,NLD,2,2,0.8596,2,346572.42,cohesion_baja;
ECU-005933,G079201,SILVIA PATRICIA BENAVIDES Y O COMERCIAL CARCHI,ECUADOR,ECU,4,3,0.8597,22,345773.09,cohesion_baja;
USA-013385,G063231,NATIVE FLORAL GROUP Y/O WALNUT RIDGE TRADING CORP,ESTADOS UNIDOS,USA,8,5,0.8647,184,343429.59,cohesion_baja;
USA-010986,G053715,"LEHMAN PIPE AND PLUMBING SUPPLY, INC.",ESTADOS UNIDOS,USA,4,3,0.8693,23,343261.46,cohesion_baja;
SAU-000224,G043027,IAS MOHAMED AL-TUWAIJRI COMMERCIAL,ARABIA SAUDITA,SAU,2,2,0.8689,5,342994.15,cohesion_baja;
VEN-001492,G031347,FABRICA DE VELAS Y VELONES LA ESTRELLA C.A,VENEZUELA,VEN,4,3,0.8458,11,342560.02,cohesion_baja;
ECU-000450,G006467,ARCADIO VARGAS POLANIA,ECUADOR,ECU,8,5,0.842,121,342210.54,cohesion_baja;
KWT-000073,G034445,FORTY EIGHT EAST FOODSTUFF CO,KUWAIT,KWT,2,2,0.8431,5,341187.29,cohesion_baja;
USA-004811,G022744,DBA GLOBAL PARTS DISTRIBUTIONS,ESTADOS UNIDOS,USA,3,2,0.8674,9,340299.73,cohesion_baja;
ECU-005220,G070438,PROCESADORA POSORJA PROPOSORJA S.A.,ECUADOR,ECU,3,2,0.8483,27,339997.17,cohesion_baja;
BRA-000458,G015442,CENTRO OESTE ASFALTO S/A,BRASIL,BRA,2,2,0.8527,12,338300.12,cohesion_baja;
CRI-000146,G003589,ALG SOLUCIONES SOCIEDAD DE RESPONSABILID,COSTA RICA,CRI,3,2,0.8443,24,336231.65,cohesion_baja;
GTM-000047,G001842,Agencia de Vehiculos Kenworth de cen,GUATEMALA,GTM,5,5,0.8534,16,335564.32,cohesion_baja;
NLD-001402,G053964,LEVANT UG haftungsbeschrnkt,PAISES BAJOS,NLD,3,3,0.8565,16,334248.46,cohesion_baja;
USA-015731,G075374,ROYER¿S WHOLESALE FLORIST,ESTADOS UNIDOS,USA,8,3,0.857,218,333772.67,cohesion_baja;
USA-011843,G057454,MARIA RIVEROS/MQE,ESTADOS UNIDOS,USA,11,8,0.8421,30,333429.52,cohesion_baja;
PER-000449,G011632,BOOSTER GROUP PERU SAC,PERU,PER,6,4,0.8549,33,332991.61,cohesion_baja;
VEN-001521,G032401,FEROM INTERNACIONAL LLC,VENEZUELA,VEN,2,2,0.8495,5,332795.66,cohesion_baja;
PAN-002029,G036716,GENERADORA SOLAR AUSTRAL S.A.,PANAMA,PAN,4,4,0.8471,4,332498.1,cohesion_baja;
PER-000591,G015439,CENTRO NACIONAL DE ABASTECIMIENTODE RECURSOS ESTRATÉGICOS EN,PERU,PER,2,2,0.8557,4,330452.39,cohesion_baja;
PAN-001735,G030114,ESPECIALIDADES AGRICOLAS SA,PANAMA,PAN,7,4,0.862,27,330298.8,cohesion_baja;
ECU-005131,G069232,PLASTICOS PANAMERICANOS PLAPASA SA,ECUADOR,ECU,6,4,0.8611,63,329135.08,cohesion_baja;
JPN-000355,G060635,"MITSUI BUSSAN AGRO-BUSINESS CO., LTD.",JAPON,JPN,8,4,0.8605,34,328188.0,cohesion_baja;
USA-000706,G003223,ALBRECHT & DILL TRADING Gmbh,ESTADOS UNIDOS,USA,4,2,0.8401,4,327837.5,cohesion_baja;
POL-000140,G033390,FLORAL IMPACT MIKOLAJ MUSIALOWICZ,POLONIA,POL,4,2,0.8491,31,327737.05,cohesion_baja;
USA-016317,G077915,Series Seating,ESTADOS UNIDOS,USA,4,3,0.8677,20,326668.67,cohesion_baja;
USA-000668,G002918,AKZONOBEL COATINGS INC,ESTADOS UNIDOS,USA,4,2,0.8547,12,326642.02,cohesion_baja;
BRA-001179,G044703,INDCAPS INDUSTRIA E COMERCIO DE PRODUTOS ALIMENTICIOS LTDA,BRASIL,BRA,4,4,0.8501,10,326040.0,cohesion_baja;
SUR-000001,G040625,HALLIBURTON INTERNATIONAL GMBH SURINAME,SURINAME,SUR,6,4,0.8674,29,325806.9,cohesion_baja;
JAM-000307,G065851,OPERADORA PALACE RESORTS (JAM) LTD,JAMAICA,JAM,5,3,0.8412,49,325048.97,cohesion_baja;
PRI-000995,G069909,P.R FLORAL MARKETING,PUERTO RICO,PRI,15,9,0.8448,567,324940.62,cohesion_baja;
POL-000343,G075076,ROSA NOVA MATEUSZ MUSIALOWICZ,POLONIA,POL,10,7,0.8638,204,324574.53,cohesion_baja;
ARE-000356,G031884,FASHION GARDEN S.A./ ANDAS ENERGY  / POLARSTAR LOGISTIC,EMIRATOS ARABES UNIDOS,ARE,3,2,0.8539,23,324261.0,cohesion_baja;
USA-006712,G033174,FLEURAMETZ USA LLC,ESTADOS UNIDOS,USA,11,6,0.8439,256,324110.28,cohesion_baja;
BRA-000012,G014928,CAXIENSE FRUTTI N BOX COMERCIO E IMPORTACAO LTDA,BRASIL,BRA,11,8,0.8491,98,322283.61,cohesion_baja;
MEX-003593,G077721,SEMBRADIOS DE PALMA AFRICANA S.A. DE C.V,MEXICO,MEX,8,5,0.8631,19,322171.53,cohesion_baja;
VNM-000127,G076287,SAMSUNG ELECTRONICS VIETNAM CO LTD,VIET NAM,VNM,2,2,0.8479,16,322070.78,cohesion_baja;
USA-014665,G069693,POR TI FOODS LLC,ESTADOS UNIDOS,USA,6,3,0.8571,215,321818.61,cohesion_baja;
ECU-004427,G059315,MENA FUENTES  JHON  ENRIQUE,ECUADOR,ECU,8,6,0.8467,178,321130.35,cohesion_baja;
KAZ-000109,G008110,AVANGARD LIMITED - CORETA,KAZAJSTAN,KAZ,12,5,0.8526,178,320304.67,cohesion_baja;
CAN-001780,G064642,Northwest Wholesale Florist Ltd,CANADA,CAN,8,5,0.8613,287,317846.3,cohesion_baja;
USA-002768,G012418,BUDS FLORAL IMPORTERS & DISTRIB INC D/B/A/B,ESTADOS UNIDOS,USA,9,7,0.8511,43,317743.48,cohesion_baja;
HTI-000071,G039132,GROUP SEHSA,HAITI,HTI,6,2,0.8555,98,317610.33,cohesion_baja;
CRI-000317,G009238,BARRANTES JIMENEZ MARIO ALBERTO,COSTA RICA,CRI,8,5,0.8557,121,317066.11,cohesion_baja;
USA-002248,G010240,BESPOKE FLOWERS INC,ESTADOS UNIDOS,USA,21,10,0.8487,685,316286.37,cohesion_baja;
CRI-000992,G025974,DREAMS WORLD JYV CORPORATION S.A,COSTA RICA,CRI,3,3,0.8642,25,316118.66,cohesion_baja;
VEN-000508,G014537,CASA DE REPRESENTACION SUNVIT FARMACEUTICA C.A,VENEZUELA,VEN,3,3,0.8555,66,315932.77,cohesion_baja;
USA-008430,G038446,Gordian Energy,ESTADOS UNIDOS,USA,2,2,0.8409,5,314322.77,cohesion_baja;
USA-009564,G048112,J AND L WHOLESALE INC,ESTADOS UNIDOS,USA,9,3,0.8641,229,313461.1,cohesion_baja;
KWT-000075,G035012,FRESH FLOWERS FOR FLOWERS AND PLANTS,KUWAIT,KWT,8,6,0.8474,324,313134.12,cohesion_baja;
PRI-000340,G022673,DAVILA FARM LINK INC Y/O MMXII FLOWERS EXPRESS LLC,PUERTO RICO,PRI,8,5,0.8532,125,313113.14,cohesion_baja;
USA-015982,G076283,SAMSUNG ELECTRONICS LATINOAMERICA,ESTADOS UNIDOS,USA,3,3,0.8635,12,312308.08,cohesion_baja;
DOM-001600,G046947,INVERSIONES CORPORATIVAS LAMPHUN,REPUBLICA DOMINICANA,DOM,8,4,0.8401,282,310979.97,cohesion_baja;
NLD-000281,G011738,BOSTON SCIENTIFIC Intl B.V,PAISES BAJOS,NLD,4,3,0.8423,7,310317.1,cohesion_baja;
ARG-000241,G016725,CLARIANT ARGENTINA S.A,ARGENTINA,ARG,4,3,0.8476,8,310259.69,cohesion_baja;
DEU-000613,G040511,HACIENDA SAN NICOLAS GMBH,ALEMANIA,DEU,3,3,0.8546,7,310214.71,cohesion_baja;
CHN-000106,G014876,CATHAY BLOOM INTERNATIONAL TRADE CO LTD,CHINA,CHN,17,15,0.8536,184,309539.82,grupo_grande;cohesion_baja;
ECU-003461,G045326,INDUSTRIAS IEPESA ECUATORIANA DE PRODUCTOS ELECTRONICOS SA,ECUADOR,ECU,9,7,0.8467,86,309355.63,cohesion_baja;
KGZ-000003,G000758,ABDU MALIK GRUP,KIRGUISTAN,KGZ,8,6,0.8508,61,308338.0,cohesion_baja;
USA-004575,G016590,Cisco Meraki Returns C/O DCL Logistics,ESTADOS UNIDOS,USA,5,4,0.8573,11,307317.88,cohesion_baja;
CHN-000856,G078446,"SHANGDONG ENERGY (BINZHOU) INTELLIGENT INVESTMENT CO.,LTD",CHINA,CHN,2,2,0.8488,4,306868.74,cohesion_baja;
USA-017436,G084015,TERRA FLOWERS GIFTS AND SERVICES INC DBA,ESTADOS UNIDOS,USA,15,9,0.847,222,306273.6,cohesion_baja;
DEU-000188,G010525,BIGI BLUMEN VERTRIEBS GMBH,ALEMANIA,DEU,3,2,0.8606,133,306262.5,cohesion_baja;
BEL-000782,G085285,TNLC The New Logistic Company,BELGICA,BEL,3,2,0.8607,68,305920.88,cohesion_baja;
PRI-000629,G040188,GULBRANDSEN PUERTO RICO INC. D.B.A. G2O TECHNOLOGIES,PUERTO RICO,PRI,3,2,0.8487,8,305895.47,cohesion_baja;
USA-003788,G017183,COEUR SPORTS,ESTADOS UNIDOS,USA,53,51,0.9081,316,305791.76,grupo_grande;
USA-001118,G004985,AMERILINK FLORATRADER,ESTADOS UNIDOS,USA,9,5,0.8549,171,305661.19,cohesion_baja;
ECU-005238,G070570,PRODUCTORA CARTONERA S.A,ECUADOR,ECU,3,3,0.8693,12,305281.96,cohesion_baja;
VEN-000475,G014134,CARLOS DANIEL RAMÍREZ MORA. DISLOANVE FP,VENEZUELA,VEN,2,2,0.8533,13,304792.44,cohesion_baja;
USA-016936,G081507,STRATEGIC BUSINESS GROUP D/B/A REFLEXI,ESTADOS UNIDOS,USA,4,2,0.8567,24,303856.08,cohesion_baja;
DOM-001062,G031580,FALCONBRIDGE DOMINICANA S.A.,REPUBLICA DOMINICANA,DOM,4,3,0.8615,4,302680.33,cohesion_baja;
GEO-000002,G003806,ALIOT GROUP,GEORGIA,GEO,4,2,0.8511,82,302158.88,cohesion_baja;
MEX-004198,G092145,ZERMAT INTERNACIONAL S.A DE C.V,MEXICO,MEX,8,4,0.8417,55,301998.4,cohesion_baja;
ECU-006184,G086332,TRG AUTOPARTES -TA IMPOEXPO S.A.S,ECUADOR,ECU,7,5,0.86,273,301653.73,cohesion_baja;
USA-017605,G084685,THE NATIONAL TILE DISTRIBUDOR CORP.,ESTADOS UNIDOS,USA,4,2,0.8578,225,301584.59,cohesion_baja;
MEX-003197,G070573,PRODUCTORA DE ALIMENTOS LA ATANASIA SPR DE RL,MEXICO,MEX,2,2,0.8667,2,301118.0,cohesion_baja;
KAZ-000317,G031890,FASHION GARDEN SA // GREEN DEAL24 SA,KAZAJSTAN,KAZ,3,2,0.8474,32,300802.5,cohesion_baja;
ABW-000276,G035376,FRUVER ARUBA,ARUBA,ABW,4,4,0.8407,850,300404.45,cohesion_baja;
ECU-000214,G003123,ALAS SECURITY CL LTDA,ECUADOR,ECU,5,5,0.8449,37,299799.02,cohesion_baja;
PAN-004810,G088594,VEGARANGO ( VA COMPANY INC),PANAMA,PAN,5,4,0.8579,219,296334.57,cohesion_baja;
BOL-000706,G064216,NILDA CAMARGO,BOLIVIA,BOL,5,3,0.8548,142,295602.21,cohesion_baja;
KAZ-000435,G041415,HENRY BONNAR,KAZAJSTAN,KAZ,9,6,0.8419,198,294413.24,cohesion_baja;
ARE-000195,G013293,CAMELIA FLOWERS LLC,EMIRATOS ARABES UNIDOS,ARE,6,4,0.8532,202,294317.64,cohesion_baja;
USA-015043,G071819,QUALITY PRODUCTS LLC,ESTADOS UNIDOS,USA,6,3,0.8615,25,294123.8,cohesion_baja;
SLV-000567,G041558,HERNANDEZ FLORES JONATHAN ALBERTO,EL SALVADOR,SLV,4,3,0.8431,148,293881.46,cohesion_baja;
MEX-004145,G090171,WALDO'S DÓLAR MART DEMEXICOS.DER.L. DE C.V,MEXICO,MEX,5,4,0.8626,33,293875.18,cohesion_baja;
USA-004426,G021488,CROSSCUT ENTERPRISEES LLC,ESTADOS UNIDOS,USA,3,2,0.8535,17,293725.76,cohesion_baja;
GTM-002115,G077231,SCHNEIDER ELECTRIC CENTROAMERICA // NET DEPOT GUATEMALA SA,GUATEMALA,GTM,3,2,0.8691,15,293461.67,cohesion_baja;
PER-001859,G043964,IMPORTACIONES RALLYS MOTORS SRL,PERU,PER,7,5,0.8443,371,292944.21,cohesion_baja;
CHL-001361,G042009,HIRSHOLMEN HANDESLKOMPAGNI A/S,CHILE,CHL,4,3,0.8497,7,291307.28,cohesion_baja;
USA-016996,G081954,"SUN COUNTRY, INC. DBA SUN CONTRY AIRILINES",ESTADOS UNIDOS,USA,2,2,0.8405,3,291117.06,cohesion_baja;
VEN-001050,G022547,DATA POWER DEAR CA,VENEZUELA,VEN,5,4,0.8516,15,290947.66,cohesion_baja;
JPN-000151,G031681,"FAR EAST ENTERPRISES,INC",JAPON,JPN,14,9,0.8436,153,290634.38,cohesion_baja;
ECU-001459,G019471,CONSORCIO INTERANDINO INTERCONSORCIO S.A.,ECUADOR,ECU,5,4,0.8582,13,290369.16,cohesion_baja;
USA-000531,G001981,AGP WORLDWIDE OPERATIONS GmbH // CSI ARMORING INC.,ESTADOS UNIDOS,USA,12,8,0.8433,96,290205.91,cohesion_baja;
DOM-001569,G046470,INTERNACIONAL VETERINARIA Y SERVICIOS AGROPECUARIOS SRL,REPUBLICA DOMINICANA,DOM,4,3,0.8451,25,288920.9,cohesion_baja;
MEX-003013,G066956,PALMAS DE COLMILLAS S.A.P.I. DE C.V.,MEXICO,MEX,3,2,0.8476,4,288839.1,cohesion_baja;
ECU-004990,G067283,PAPELES ABSORBENTES LA REFORMA,ECUADOR,ECU,4,3,0.8543,7,287488.99,cohesion_baja;
CAN-002212,G081324,STELLAS CORSET CORPORARTION,CANADA,CAN,6,3,0.8412,35,287312.68,cohesion_baja;
DOM-000326,G009588,BEATO ABASTECIMIENTO FERRETERO SA,REPUBLICA DOMINICANA,DOM,9,6,0.8595,80,286208.1,cohesion_baja;
MEX-002654,G059624,METAFLASH SA DE CV,MEXICO,MEX,2,2,0.8572,15,285779.75,cohesion_baja;
CHL-002666,G022855,SOCIEDAD DE COMERCIO EXTERIOR MEMO PUNTA ARENAS SPA,CHILE,CHL,4,4,0.8505,7,284762.01,cohesion_baja;
CRI-002601,G080896,SPORT RETAIL CR S.A,COSTA RICA,CRI,9,8,0.8454,123,284297.89,cohesion_baja;
USA-016131,G077008,SAYIDA GROUP LLC,ESTADOS UNIDOS,USA,4,2,0.8437,14,284080.22,cohesion_baja;
DOM-000004,G019671,CONSTRUCTORA SCHEKER & DOMINGUEZ SRL,REPUBLICA DOMINICANA,DOM,4,3,0.859,12,283966.52,cohesion_baja;
CAN-000903,G033642,FLORIAD MONTREAL INC,CANADA,CAN,15,6,0.8644,486,283633.75,cohesion_baja;
USA-004223,G020397,CORPORACIÓN BELEKO S.A - SOUTH FLOWERS LLC,ESTADOS UNIDOS,USA,7,5,0.8402,30,282993.2,cohesion_baja;
VEN-000271,G007086,ARTESANIA DE VELAS LARENSES CA (ARTEVELAR),VENEZUELA,VEN,4,3,0.8661,11,282680.0,cohesion_baja;
ECU-006190,G083010,TAJIK FLOWERS,ECUADOR,ECU,3,2,0.8596,60,282675.53,cohesion_baja;
ECU-005314,G071150,PROVEEDORA ECUATORIANA S.A. PROESA,ECUADOR,ECU,2,2,0.8622,5,282562.55,cohesion_baja;
VEN-001515,G032073,FEDERACION INTERNACIONAL DE SOCIEDADES DE LA CRUZ ROJA Y DE,VENEZUELA,VEN,5,3,0.8525,39,282531.0,cohesion_baja;
USA-002944,G012874,CAELIS GARDEN INC,ESTADOS UNIDOS,USA,3,3,0.8418,43,282053.1,cohesion_baja;
CUW-000236,G030919,Exor Management N.V.,CURAZAO,CUW,3,3,0.8603,28,282048.87,cohesion_baja;
ABW-000550,G075278,ROVIK ARUBA REAL ESTATE,ARUBA,ABW,4,3,0.8646,7,281742.02,cohesion_baja;
SAU-000240,G048696,JAZAN ENERGY & DEVELOPMENT (JAZADCO),ARABIA SAUDITA,SAU,3,3,0.8638,34,281532.0,cohesion_baja;
PER-003609,G083603,TECNOLOGIA DE MATERIALES S.A.,PERU,PER,5,5,0.8497,6,281476.0,cohesion_baja;
SLV-000183,G015271,CENTRAL AMERICA TRADE CORP,EL SALVADOR,SLV,5,5,0.8682,69,281467.83,cohesion_baja;
GTM-000687,G024565,DIST. Y FERRETERIA ASTURIAS,GUATEMALA,GTM,3,2,0.8451,92,280730.6,cohesion_baja;
RUS-000744,G088224,VALS EXPORT,RUSIA,RUS,10,6,0.8482,154,280391.74,cohesion_baja;
ECU-003231,G044080,IMPORTADORA CALDAS INCALMODA CIA LTDA,ECUADOR,ECU,8,5,0.8623,25,279291.18,cohesion_baja;
UZB-000018,G034717,FREEDOM 2020,UZBEKISTAN,UZB,8,5,0.8565,139,279142.49,cohesion_baja;
FRA-000398,G039885,G.S.A.A JEEP VILLAGE/GARENNE SURPLUS AUTOMOBILE,FRANCIA,FRA,4,4,0.857,5,277803.0,cohesion_baja;
USA-000170,G053192,LARSEN S LEAVES LLC,ESTADOS UNIDOS,USA,26,14,0.8633,265,276470.7,cohesion_baja;
CUW-000529,G076249,SAMIRA MATRASSEN FABRIEK N.V,CURAZAO,CUW,8,7,0.8452,15,275767.77,cohesion_baja;
USA-003393,G015283,Central Baptist Church,ESTADOS UNIDOS,USA,4,3,0.844,13,274791.09,cohesion_baja;
ECU-003938,G052615,LABORATORIO NEO FARMACO DEL ECUADOR NEOFARMACO CIA. LTDA,ECUADOR,ECU,6,4,0.8401,39,273600.83,cohesion_baja;
DOM-001051,G031436,FAGUA FLOWERS INTL LLC // JARDIN FLORES EXOTICAS DEL ORBE UL,REPUBLICA DOMINICANA,DOM,14,12,0.8406,83,272983.74,cohesion_baja;
KAZ-000851,G084478,THE FARM DIRECT COMPANY INC //  TOO I FLORA,KAZAJSTAN,KAZ,14,10,0.8438,68,272683.29,cohesion_baja;
CHN-000351,G039987,"GUANGZHOU DEHE AQUATIC TECHNOLOGY CO., LTD",CHINA,CHN,10,6,0.848,35,272587.63,cohesion_baja;
TUR-000222,G053254,LATAM RECYCLING METAL TRADERS LLC,TURQUIA,TUR,2,2,0.8416,6,272485.88,cohesion_baja;
GRD-000005,G013885,CARIB BREWERY GRENADA LIMITED,GRANADA,GRD,4,4,0.8614,10,272476.99,cohesion_baja;
CUB-000315,G072036,QUIMIMPORT IMPORTADORA DE PRODUCTOS QUIMICOS,CUBA,CUB,2,2,0.8501,6,272308.0,cohesion_baja;
USA-009557,G049329,J&L PAPERS AND IMPORTA,ESTADOS UNIDOS,USA,4,2,0.8468,14,271790.88,cohesion_baja;
USA-016177,G077318,SCHWEITZER ENGINEERING LABORATORIES INC,ESTADOS UNIDOS,USA,19,12,0.8417,62,271639.28,cohesion_baja;
PRY-000209,G044804,INDUFAR COMERCIAL E INDUSTRIAL SA INDUFAR CISA,PARAGUAY,PRY,5,3,0.842,14,271604.99,cohesion_baja;
BRA-000158,G006066,APEX TOOL GROUP INDUSTRIA E COMERCIO DE FERRAMENTAS LTDA,BRASIL,BRA,5,4,0.8422,206,270689.36,cohesion_baja;
USA-006914,G084551,THE FLOWER EXPLOSION CORP,ESTADOS UNIDOS,USA,8,5,0.8698,93,270570.9,cohesion_baja;
ARG-000383,G029021,EMPRESA DISTRIBUIDORA SUR S.A.,ARGENTINA,ARG,2,2,0.8615,7,270524.62,cohesion_baja;
BRB-000007,G003924,ALL ROUND CLEANING SOLUTION LTD,BARBADOS,BRB,2,2,0.847,115,270231.3,cohesion_baja;
CUW-000574,G082067,SUNNY TRADING CO INC,CURAZAO,CUW,8,7,0.8509,65,269346.33,cohesion_baja;
ECU-006698,G090214,"WALTER,FORTUNATO NAVARRETE,TORRES",ECUADOR,ECU,3,3,0.8423,15,268904.15,cohesion_baja;
USA-004356,G021162,CR CLS LAR SD,ESTADOS UNIDOS,USA,4,2,0.8531,43,268371.32,cohesion_baja;
BOL-000810,G074707,RODRIGUEZ ROCCO,BOLIVIA,BOL,3,3,0.8544,18,268182.81,cohesion_baja;
SAU-000010,G002656,"AHMED A.R. BIN AFIFI TRADING CO., LTD.",ARABIA SAUDITA,SAU,2,2,0.8639,2,267318.22,cohesion_baja;
VEN-002972,G065996,"ORBITA MARKETYNG,C.A",VENEZUELA,VEN,9,5,0.8428,39,267311.72,cohesion_baja;
MEX-003196,G070733,PRODUCTOS PENNSYLVANIA S. A DE C.V,MEXICO,MEX,7,4,0.858,15,266589.67,cohesion_baja;
QAT-000181,G089550,VIOLA FLORA TRADING & SWEETS,QATAR,QAT,9,6,0.8459,208,266428.89,cohesion_baja;
HND-001099,G069644,PONCE SORIANO CRISTHIAN JOHELA,HONDURAS,HND,6,4,0.8626,167,265795.73,cohesion_baja;
PAN-004908,G091139,WORLD FUEL SERVICES COMPANY LLC SUCURSAL COLOMBIA,PANAMA,PAN,4,2,0.8468,159,265505.92,cohesion_baja;
USA-018267,G087479,UNITED FLORAL EXCHANGE (USA BQT LLC),ESTADOS UNIDOS,USA,6,3,0.8458,44,265018.2,cohesion_baja;
USA-012763,G061733,MQE LLC,ESTADOS UNIDOS,USA,6,5,0.8559,45,264347.4,cohesion_baja;
HND-000480,G029002,EMPRESA DE INDUSTRIAS ACEITERAS DEL CARIBE DE HONDURAS -HOND,HONDURAS,HND,4,3,0.8591,7,263933.1,cohesion_baja;
PER-001218,G028989,EMPRESA DE CONFECCIONES TEXTILES DEL PERU SAC,PERU,PER,5,2,0.8518,24,262390.67,cohesion_baja;
ECU-004320,G057733,MARLON EUGENIO MENDOZA ALAVA,ECUADOR,ECU,5,3,0.8608,65,262376.26,cohesion_baja;
PAN-003053,G054132,LIBRERIA CATOLICA ARQUIDIOCESANA,PANAMA,PAN,5,3,0.8527,82,262148.49,cohesion_baja;
SLV-001261,G087056,Ufinet El Salvador S.A. C.V.,EL SALVADOR,SLV,3,2,0.842,15,261749.98,cohesion_baja;
GTM-001220,G044472,IMPORTADORA Y EXPORTADORA SANTA RITA S.A,GUATEMALA,GTM,10,9,0.864,22,260860.77,cohesion_baja;
ECU-005971,G079649,SMA SISTEMAS MODULARES AURON SA,ECUADOR,ECU,6,4,0.8642,40,260063.27,cohesion_baja;
GBR-000925,G065449,"Olam Americas, LLC",REINO UNIDO,GBR,2,2,0.8593,3,259470.82,cohesion_baja;
CUB-000194,G029012,EMPRESA DE SERVICIOS PETROLEROS (EMSERPET),CUBA,CUB,4,4,0.8548,22,259458.35,cohesion_baja;
GBR-001001,G071818,Quality produce international B.V. C/O B & H Shipping Limite,REINO UNIDO,GBR,3,2,0.8573,5,258242.07,cohesion_baja;
DEU-000623,G040712,HANDELSGESELLSCHAFT FUR NATURPRODUKTE MBH GUT ROSENKRANTZ,ALEMANIA,DEU,4,4,0.8576,10,257530.5,cohesion_baja;
ARE-000616,G056480,MAJID AL FUTTAIM LIFESTYLE LLC,EMIRATOS ARABES UNIDOS,ARE,7,5,0.8422,95,257429.07,cohesion_baja;
KWT-000065,G033323,FLORA NATIONAL GEN. TRAD CO.,KUWAIT,KWT,10,7,0.8651,105,256571.61,cohesion_baja;
CUW-000019,G003167,ALBATROS INTERNATIONAL FORWARDING,CURAZAO,CUW,7,6,0.8433,224,256054.29,cohesion_baja;
KAZ-000906,G088224,VALS EXPORT LTDA,KAZAJSTAN,KAZ,15,6,0.8482,172,255514.17,cohesion_baja;
ECU-002035,G026985,ECUA-EMVASE IMPORTADORA ECUIM CIA. LTDA,ECUADOR,ECU,7,5,0.8632,23,254920.6,cohesion_baja;
ESP-000762,G018666,"COMMERCIAL ZELECTA TRADING GROUP CORP - COFLORES, S.L.U. (CO",ESPANA,ESP,4,3,0.8596,82,254915.05,cohesion_baja;
ECU-000375,G005331,ANDES CABLES TRADING S.A. ACTRASA,ECUADOR,ECU,3,2,0.8593,7,254801.84,cohesion_baja;
DOM-000996,G029799,EQUIPOS Y MATERIALES SG S.R.L.,REPUBLICA DOMINICANA,DOM,8,5,0.8431,27,254148.71,cohesion_baja;
USA-011675,G004843,AMERICAN FLORIST SUPPLY - MAMBO S DE RL,ESTADOS UNIDOS,USA,4,3,0.8434,24,254035.35,cohesion_baja;
ESP-003497,G088934,VERNATURA LEVANTE SL,ESPANA,ESP,2,2,0.8605,42,253753.97,cohesion_baja;
DOM-001290,G039418,GRUPO EMPRESARIAL EXITO COLOMBIA G&Z S.R.L,REPUBLICA DOMINICANA,DOM,9,6,0.8545,52,251852.87,cohesion_baja;
DEU-000150,G008803,BAKER HUGHES INTEQ GMBH,ALEMANIA,DEU,7,5,0.8504,13,251491.06,cohesion_baja;
BOL-000447,G042648,HUALCO FERNANDEZ ISMAEL,BOLIVIA,BOL,4,3,0.8646,43,251443.24,cohesion_baja;
PAN-000288,G004799,AMERICA SUPPLY LOGISTICS PRIME S.A,PANAMA,PAN,7,4,0.8496,220,250789.3,cohesion_baja;
ABW-000187,G023648,DESING LINES REPRESENTATIVE NV,ARUBA,ABW,12,10,0.8567,368,250472.62,cohesion_baja;
NIC-000079,G011502,"BOMBAS DE NICARAGUA, SOCIEDAD ANONIMA",NICARAGUA,NIC,9,8,0.8604,64,250302.53,cohesion_baja;
KOR-000758,G086667,TRUMET INT L INC,COREA DEL SUR,KOR,2,2,0.8433,7,249979.23,cohesion_baja;
TUR-000101,G025467,DMA FOODS LOJISTIK GIDA DEPOLAMA NAK/ SOUTH AMERICAN FRUITS,TURQUIA,TUR,2,2,0.8404,3,249956.47,cohesion_baja;
USA-017573,G084602,THE GREENS AND FLOWERS CONNECTION LLC,ESTADOS UNIDOS,USA,16,7,0.8471,476,249708.8,cohesion_baja;
PER-000859,G020673,CORPORACION M&K BUSINESS S.A.C,PERU,PER,4,4,0.8574,24,249211.48,cohesion_baja;
GTM-000451,G017310,COFIÑO STAHL Y COMPAÑÍA SOCIEDAD ANOMIMA,GUATEMALA,GTM,2,2,0.8529,5,249153.96,cohesion_baja;
CHL-002023,G059142,MEGALUX (CHILE) S.P.A.,CHILE,CHL,3,3,0.8571,22,249065.14,cohesion_baja;
DOM-000610,G025652,COMPANIA DOMINICANA DE MONTAJE SA,REPUBLICA DOMINICANA,DOM,7,5,0.8404,12,248908.05,cohesion_baja;
ESP-000314,G007877,AURORA FLOWERS BV Y/O AURORA FLOWERS B.V.,ESPANA,ESP,11,7,0.8504,141,248830.2,cohesion_baja;
ECU-003419,G045032,INDUSTRIA TEXTIL LA VIE EN ROSE LAVIENROSE CIA LTDA,ECUADOR,ECU,7,6,0.841,49,248509.57,cohesion_baja;
GTM-001265,G045183,INDUSTRIAS ALIMENTICIAS KERN S Y CIA S.C.A,GUATEMALA,GTM,3,2,0.8427,17,248507.91,cohesion_baja;
POL-000165,G035015,FRESH FLOWERS HURTOWNIA KWIATOW,POLONIA,POL,5,3,0.8443,89,248355.4,cohesion_baja;
PAN-000964,G018669,"COMMERCIAL ZELECTA TRADING GROUP, CORP - COMERCIALIZADORA IN",PANAMA,PAN,6,4,0.8483,73,247739.43,cohesion_baja;
DOM-000059,G001877,AGENCIAS INTERNACIONALES S.A.,REPUBLICA DOMINICANA,DOM,10,8,0.866,45,246588.04,cohesion_baja;
CHN-000193,G022235,"DAMIN FOODSTUFF (ZHANGZHOU) CO.,LTD.",CHINA,CHN,2,2,0.8543,3,246374.0,cohesion_baja;
BHR-000050,G060911,MOHAMED ALI ZAINAL ABDULLA B.S.C. MAZA,BAHREIN,BHR,3,3,0.8697,28,246316.1,cohesion_baja;
HKG-000308,G049067,JEWELLERY SHOW HONG KONG INTERNATIONAL BOOT 10K31,HONG KONG,HKG,3,3,0.866,4,246000.0,cohesion_baja;
USA-017003,G081973,SUN MIAMI FARM CORP,ESTADOS UNIDOS,USA,3,2,0.8403,7,245895.0,cohesion_baja;
PER-000128,G002736,AIR PRODUCTS PERU SA,PERU,PER,7,5,0.8402,23,245839.18,cohesion_baja;
TTO-000004,G007217,A S BRYDEN AND SONS TDAD,TRINIDAD Y TOBAGO,TTO,2,2,0.8681,3,244080.34,cohesion_baja;
ESP-001265,G033318,FLORA MARKET ANASTASIA SL,ESPANA,ESP,15,12,0.8619,255,243945.83,cohesion_baja;
USA-015239,G072799,"Ready Window Sales & Service, Corp",ESTADOS UNIDOS,USA,7,5,0.8409,14,242826.89,cohesion_baja;
PAN-002463,G043982,IMPORTACIONES UNO A S.A,PANAMA,PAN,3,2,0.8682,24,241820.97,cohesion_baja;
CAN-001837,G066769,PACIN ENTERPRISES,CANADA,CAN,6,4,0.8485,25,241803.02,cohesion_baja;
GTM-002263,G083696,TECSES SAS SUCURSAL EL SALVADOR,GUATEMALA,GTM,5,5,0.8603,49,241646.19,cohesion_baja;
USA-014946,G071589,PURE LIFE ORGANIC FOODS LTD,ESTADOS UNIDOS,USA,4,3,0.8615,5,241581.23,cohesion_baja;
BRA-001840,G069231,PLASTICOS ORIENTE INDUSTRIA COMERCIO IMPORTACAO E EXPORTACAO,BRASIL,BRA,2,2,0.8656,8,241570.0,cohesion_baja;
CRI-001624,G046828,INVERSIONES AGROPECUARIAS INVERAGRO CRDO SOCIEDAD DE,COSTA RICA,CRI,4,4,0.8678,9,241203.2,cohesion_baja;
TWN-000148,G051493,"KING CAR FOOD INDUSTRIAL CO., LTD. TAXI D 05007903",TAIWAN,TWN,2,2,0.8506,2,241196.72,cohesion_baja;
POL-000193,G042152,HOBBYSTA BARTLOMIEJ ZLOBINSKI,POLONIA,POL,4,2,0.8412,38,240767.3,cohesion_baja;
TTO-000024,G004759,AMCOR RIGID PLASTICS CARIBBEAN LIMITED,TRINIDAD Y TOBAGO,TTO,4,3,0.8689,5,240712.59,cohesion_baja;
SAU-000268,G055908,LUXURY ROSES TRADING COMPANY,ARABIA SAUDITA,SAU,11,7,0.8447,141,240399.01,cohesion_baja;
ECU-001999,G074709,RODRIGUEZ RODRIGUEZ DIEGO,ECUADOR,ECU,4,3,0.8444,71,240220.25,cohesion_baja;
ECU-005727,G076379,SANCHEZ DEFAZ LUIS FERNANDO,ECUADOR,ECU,5,4,0.844,17,240181.55,cohesion_baja;
CAN-001457,G054452,LINCOLN ELECTRIC COMPANY OF CANADA LP,CANADA,CAN,2,2,0.8559,3,239954.13,cohesion_baja;
GTM-002182,G080229,SOLUCIONES AGRICOLAS COMERCIALES SA,GUATEMALA,GTM,2,2,0.8611,7,239671.38,cohesion_baja;
ECU-000365,G005156,ANA LUCIA NAJERA SANTELI,ECUADOR,ECU,3,2,0.8447,14,238856.52,cohesion_baja;
BRB-000012,G006420,ARAWAK CEMENT COMPANY LIMITED,BARBADOS,BRB,5,4,0.8647,22,238567.6,cohesion_baja;
HND-001386,G088301,VAN HEUSEN DE CENTROAMERICA S DE R.L,HONDURAS,HND,3,3,0.8545,10,238143.25,cohesion_baja;
ECU-004160,G055854,LUQUE MIRANDA LUIS EDUARDO,ECUADOR,ECU,3,2,0.8564,24,237594.39,cohesion_baja;
FRA-000733,G071843,QUANTEL MEDICAL,FRANCIA,FRA,3,2,0.8593,8,237318.56,cohesion_baja;
AZE-000037,G043458,ILKIN ASKEROV GALATEA,AZERBAIYAN,AZE,7,5,0.859,64,237243.09,cohesion_baja;
CRI-001456,G042210,HOLCIM (COSTA RICA) SA,COSTA RICA,CRI,5,4,0.8433,50,236258.73,cohesion_baja;
ARG-000647,G049991,JOSE TOMAS SOJO,ARGENTINA,ARG,2,2,0.8595,5,236183.99,cohesion_baja;
USA-001061,G004864,AMERICAN GLASS PRODUCTS COMPANY // CSI ARMORING INC.,ESTADOS UNIDOS,USA,4,3,0.8407,17,235447.65,cohesion_baja;
NLD-000554,G025346,DIVA FLOWERS,PAISES BAJOS,NLD,10,5,0.8507,147,235385.48,cohesion_baja;
HND-001321,G083522,TECNICA UNIVERSAL HONDURAS S. A. C. V.,HONDURAS,HND,3,2,0.8549,60,235156.7,cohesion_baja;
GTM-001408,G049799,JOSE ALBERTO LOPEZ CONTRERAS,GUATEMALA,GTM,5,4,0.8489,67,234812.62,cohesion_baja;
USA-016179,G077337,"SCOTBILT HOMES, INC",ESTADOS UNIDOS,USA,5,3,0.8537,28,234286.34,cohesion_baja;
DOM-000519,G015415,CENTRO DOMINICANO DE TECNOLOGIA CIENTIFICA,REPUBLICA DOMINICANA,DOM,6,5,0.8428,11,233983.11,cohesion_baja;
DOM-002329,G071884,QUELARIS DOMINICANA S.R.L,REPUBLICA DOMINICANA,DOM,3,3,0.8663,5,233384.88,cohesion_baja;
CUB-000269,G037113,G&G MAYORISTAS SURL,CUBA,CUB,2,2,0.8637,2,232946.04,cohesion_baja;
USA-016300,G077861,SERENDIPITY FLORAL,ESTADOS UNIDOS,USA,14,8,0.8456,248,231813.42,cohesion_baja;
CHN-000873,G078483,"SHANGHAI J GREEN INDUTRIAL CO, LTD",CHINA,CHN,21,16,0.8403,119,230380.03,grupo_grande;cohesion_baja;
VNM-000150,G084301,"THANH DAT TRADING SERVICE IMPORT-EXPOT CO., LTDA",VIET NAM,VNM,2,2,0.8438,2,229963.5,cohesion_baja;
DEU-001245,G077636,SEITENBACHER KG NATURKOST,ALEMANIA,DEU,6,5,0.864,7,229769.06,cohesion_baja;
CHN-001133,G087347,"UNION CHEMICAL IND.(SHANGHAI)CO.,LTD.",CHINA,CHN,4,2,0.8439,5,229457.0,cohesion_baja;
PRI-000174,G012007,BRAVO PROMOTION MEDIA LLC,PUERTO RICO,PRI,3,2,0.8687,34,228470.15,cohesion_baja;
ECU-001929,G025271,DISTRIBUIDORES DE INDUSTRIAS NACIONALES CIA LTDA,ECUADOR,ECU,12,10,0.8456,43,227960.73,cohesion_baja;
PAN-004475,G080312,SOLUCIONES QUIMICAS Y ARQUITECTONICAS S.A,PANAMA,PAN,4,3,0.8472,39,227687.72,cohesion_baja;
RUS-000148,G022170,DAKAR FLORA LTD.,RUSIA,RUS,5,4,0.8444,54,227683.0,cohesion_baja;
USA-019472,G092355,ZOOM BLOOM LLC,ESTADOS UNIDOS,USA,29,15,0.8493,526,227609.59,grupo_grande;cohesion_baja;
USA-007154,G034821,FRESH CUT FLOWERS DISTRIBUTION INC,ESTADOS UNIDOS,USA,14,5,0.8646,371,227581.91,cohesion_baja;
GTM-000848,G029880,ERICK NOE CALDERON,GUATEMALA,GTM,4,3,0.866,77,226999.75,cohesion_baja;
PER-000742,G027982,COMPAÑÍA ELECTRO ANDINA S A C,PERU,PER,4,3,0.8684,8,226645.68,cohesion_baja;
PRI-000310,G021161,"CR Advertising Specialties, Inc.",PUERTO RICO,PRI,8,6,0.8609,13,225835.5,cohesion_baja;
IND-000304,G052161,KV GLOBAL TRADING LLC,INDIA,IND,2,2,0.8647,14,225146.87,cohesion_baja;
USA-018574,G088377,VANTEC HITACHI TRANSPORT // C/o Cotia (USA) Ltd,ESTADOS UNIDOS,USA,2,2,0.8609,18,224815.73,cohesion_baja;
USA-007361,G037383,G&J FLOWER DISTRIBUTORS INC,ESTADOS UNIDOS,USA,6,4,0.8558,124,224011.77,cohesion_baja;
ESP-000708,G017317,"COFLORES, S.L.U. (COMERCIALIZADORA DE FLORES DE COLOMBIA)",ESPANA,ESP,8,5,0.8471,108,223903.48,cohesion_baja;
KAZ-000102,G007576,ASTORIA EXPORT SA.,KAZAJSTAN,KAZ,19,10,0.8534,248,223855.54,cohesion_baja;
CHL-001931,G055870,LUX DISTRIBUTION CHILE SPA,CHILE,CHL,3,3,0.8445,15,223848.58,cohesion_baja;
PAN-002786,G048306,JAGI ZONA LIBRE S.A.,PANAMA,PAN,7,5,0.8445,46,223831.57,cohesion_baja;
CAN-002306,G084553,THE FLOWER FACTORY EDMONTON Y/O WALNUT RIDGE TRADING CORP,CANADA,CAN,6,2,0.8433,81,223652.32,cohesion_baja;
CRI-000797,G020854,CORREAS AMERICANAS JJ  S.A,COSTA RICA,CRI,10,9,0.8501,29,223106.84,cohesion_baja;
USA-016724,G080649,SOUTHEASTERN GLASS SYSTEM,ESTADOS UNIDOS,USA,6,4,0.8433,54,222994.95,cohesion_baja;
DOM-000254,G007211,ARZOBISPADO DE SANTO DOMINGO LIBRERIA PAULINAS,REPUBLICA DOMINICANA,DOM,8,4,0.8455,227,222865.53,cohesion_baja;
BRA-001153,G043533,IMCD BRASIL COM.E IND. DE PDTOS QUIMICOS,BRASIL,BRA,2,2,0.8481,4,221723.0,cohesion_baja;
PAN-003163,G056368,MAGNETO DIESEL DE NICARAGUA,PANAMA,PAN,3,3,0.8682,155,220475.45,cohesion_baja;
ARE-000456,G040202,GULF FLOWERFZCO Y/O FLORAL MART S.A,EMIRATOS ARABES UNIDOS,ARE,3,2,0.8566,52,220337.73,cohesion_baja;
IND-000344,G060747,MMC NON FERROUS TRADING LLC,INDIA,IND,3,3,0.8591,5,219861.49,cohesion_baja;
ECU-002706,G035959,GALLARDO ROMERO ALEXANDRA,ECUADOR,ECU,6,3,0.8513,38,219851.6,cohesion_baja;
ARG-000734,G057074,MARCELO  PLOU,ARGENTINA,ARG,7,4,0.8436,64,219001.69,cohesion_baja;
ARE-000528,G048296,JAFIX GENERAL TRADING LLC,EMIRATOS ARABES UNIDOS,ARE,7,4,0.8521,58,217719.61,cohesion_baja;
CUB-000198,G029027,EMPRESA EJECUTORA DE DONATIVOS (EMED),CUBA,CUB,2,2,0.8534,3,217177.8,cohesion_baja;
USA-007328,G032980,First Christian Church,ESTADOS UNIDOS,USA,2,2,0.8579,9,216909.42,cohesion_baja;
CHL-000021,G000677,ABASTECEDORA DEL COMERCIO LTDA-ADELCO,CHILE,CHL,4,4,0.8475,6,216833.58,cohesion_baja;
HND-001201,G076293,SAMUEL EDGARDO LAZO LAINEZ (INVERSIONES LAZO),HONDURAS,HND,3,3,0.8627,10,215973.81,cohesion_baja;
QAT-000016,G003046,AL SHAHABI TRADING CO W.L.L,QATAR,QAT,11,8,0.8585,151,215230.45,cohesion_baja;
ECU-005745,G076517,SANDRA PATRICIA ANDRADE QUIMBAILA,ECUADOR,ECU,3,2,0.8666,44,215050.2,cohesion_baja;
ITA-000034,G003434,ALESSANDRO COLOMBO AND EXPORT IMPORT CORP,ITALIA,ITA,5,5,0.8542,105,214957.49,cohesion_baja;
USA-019188,G091186,WORLDWIDE LAEL PRODUCE,ESTADOS UNIDOS,USA,3,2,0.8461,13,214211.4,cohesion_baja;
VEN-000451,G013132,CALIER FARMACEUTICA S.A,VENEZUELA,VEN,5,3,0.8423,14,214059.6,cohesion_baja;
CRI-000922,G024687,DISTRIBUIDORA AQUAMOR FDM SRL,COSTA RICA,CRI,7,5,0.8659,451,213781.34,cohesion_baja;
USA-006109,G030276,ESTEE LAUDER INTERNATIONAL INC,ESTADOS UNIDOS,USA,3,2,0.843,8,213648.71,cohesion_baja;
IND-000167,G062139,M/S ESSITY OPERATIONS GOA LIMITED,INDIA,IND,2,2,0.8616,4,213561.79,cohesion_baja;
USA-005916,G029233,Encore,ESTADOS UNIDOS,USA,6,4,0.8513,17,213456.3,cohesion_baja;
PER-002700,G064021,NEXUS TECHNOLOGY SAC,PERU,PER,3,3,0.8436,9,213349.3,cohesion_baja;
PER-000219,G005434,ANDREAS STIHL S.R.L,PERU,PER,3,3,0.8565,6,212368.0,cohesion_baja;
GBR-000386,G028798,EMERALD SUPPLIES,REINO UNIDO,GBR,14,7,0.8504,228,209929.14,cohesion_baja;
VEN-000544,G015263,CENTIGON VENEZUELA C.A.,VENEZUELA,VEN,7,4,0.8485,80,209342.07,cohesion_baja;
ECU-001417,G027079,COMPAÑIA ECUATORIANA DEL TE,ECUADOR,ECU,4,3,0.8648,16,208775.79,cohesion_baja;
RUS-000388,G047550,IP LEGENKAYA YANA SERGEEVNA,RUSIA,RUS,5,3,0.8468,95,208161.4,cohesion_baja;
HND-000565,G033580,FLORES Y FLORES INGENIERIA S.A.,HONDURAS,HND,5,5,0.847,15,207930.25,cohesion_baja;
USA-008038,G038276,GONZALEZ AND NIETOS LLC,ESTADOS UNIDOS,USA,3,2,0.8481,15,207205.77,cohesion_baja;
USA-004454,G021588,CS INTERNATIONAL SRL,ESTADOS UNIDOS,USA,3,3,0.8592,24,206550.69,cohesion_baja;
ECU-003681,G010127,BERNAL CONTRERAS JAIRO ANTONIO,ECUADOR,ECU,6,4,0.85,54,206198.81,cohesion_baja;
GTM-000677,G024356,DIONICIO CASTAÑEDA RAFAEL / JAFERPA GUATEMALA,GUATEMALA,GTM,9,6,0.8412,125,205806.72,cohesion_baja;
USA-006464,G053292,LATIN FASHION GROUP CORP,ESTADOS UNIDOS,USA,7,5,0.8441,23,205636.81,cohesion_baja;
ITA-000858,G077157,SCHLUMBERGER ITALIANA S.P.A.,ITALIA,ITA,4,3,0.8402,10,205298.08,cohesion_baja;
VEN-003744,G086115,TRANS GROUP C.A.,VENEZUELA,VEN,5,4,0.8686,39,205045.51,cohesion_baja;
BOL-000422,G039587,GRUPO MAFLO INT. S.R.L.,BOLIVIA,BOL,2,2,0.8641,4,204438.0,cohesion_baja;
NIC-000273,G036788,GENERICOS CENTROAMERICANOS S.A.,NICARAGUA,NIC,2,2,0.8602,18,204397.82,cohesion_baja;
NLD-001194,G043663,IMPERIAL TOBACCO JOURE,PAISES BAJOS,NLD,3,2,0.8469,3,204204.0,cohesion_baja;
BOL-000483,G044695,IND.PAPELERA Y DE SERVICIOS DIVINO NINO SA,BOLIVIA,BOL,2,2,0.8577,16,204130.0,cohesion_baja;
ECU-003124,G044076,IMPORTADORA BRAVO NEGOCIOS IBRANEG S.A,ECUADOR,ECU,4,3,0.8414,20,203693.34,cohesion_baja;
USA-000621,G002703,AION GROUP USA LLC,ESTADOS UNIDOS,USA,4,2,0.8465,14,203496.21,cohesion_baja;
HND-001291,G082433,SUPLIDORA DE PRODUCTOS Y SERVICIOS DENTALES S DE RL DE CV,HONDURAS,HND,9,7,0.8597,16,203279.06,cohesion_baja;
ECU-004606,G061431,MORENO SALAZAR JAIRO HERNANDO,ECUADOR,ECU,4,4,0.8655,15,202764.29,cohesion_baja;
USA-015097,G074315,RJ CARBONE CO,ESTADOS UNIDOS,USA,7,4,0.8414,77,202250.11,cohesion_baja;
BRA-000677,G022952,DE MILLUS S.A. INDUSTRIA E COMERCIO-CNPJ331158170021-08,BRASIL,BRA,3,3,0.8658,4,201930.79,cohesion_baja;
OMN-000022,G008752,BAKER HUGHES LLC (PP PRODUCT LINE),OMAN,OMN,5,5,0.8527,10,201319.93,cohesion_baja;
ESP-000560,G014082,CARLOS ALBERTO PARRA ECHEVERRI,ESPANA,ESP,6,4,0.869,123,201147.44,cohesion_baja;
MEX-003911,G085046,TIERRAGROS.ADEC.V.,MEXICO,MEX,3,3,0.8401,32,200985.65,cohesion_baja;
JAM-000182,G042348,HONEY BUN LIMITED,JAMAICA,JAM,4,4,0.8465,8,200820.13,cohesion_baja;
VEN-001833,G041002,HAYDEE ESMIR MORA MORA,VENEZUELA,VEN,4,2,0.8582,31,200777.79,cohesion_baja;
DEU-001258,G078944,SIEMENS AG,ALEMANIA,DEU,4,3,0.8532,42,200733.4,cohesion_baja;
ECU-006739,G091139,WORLD FUEL SERVICES COMPANY LLC SUCURSAL COLOMBIA,ECUADOR,ECU,3,2,0.8468,77,200510.32,cohesion_baja;
CAN-000567,G018659,COMMERCIAL ZELECTA TRADING GROUP CORP - CAMBRIAN VANCUVER,CANADA,CAN,10,4,0.8641,188,200489.57,cohesion_baja;
CRI-000153,G003751,Alimentos Kamuk Internacional,COSTA RICA,CRI,5,4,0.84,11,200411.13,cohesion_baja;
DEU-001257,G078947,Siemens AG   EM DG PRO MF,ALEMANIA,DEU,6,5,0.8507,147,200233.29,cohesion_baja;
USA-016805,G080940,SPRINGFIELD FLORISTS SUPPLY INC,ESTADOS UNIDOS,USA,5,2,0.8475,72,199774.41,cohesion_baja;
CHL-000074,G001896,AGFA GEVAERT LTDA.,CHILE,CHL,7,5,0.8465,28,199592.16,cohesion_baja;
VEN-000048,G001533,ADRIAN JOSE SANCHEZ MARTINEZ,VENEZUELA,VEN,3,2,0.8599,9,199500.0,cohesion_baja;
PRI-001076,G071472,PUERTO RICO ENERGY LLC,PUERTO RICO,PRI,8,6,0.8461,212,199475.37,cohesion_baja;
KWT-000188,G086916,TWARRAD COMPANY FOR FLOWERS AND PLANTS,KUWAIT,KWT,8,7,0.8659,112,199395.63,cohesion_baja;
HND-000901,G053624,LECHE Y DERIVADOS SA-LEYDE,HONDURAS,HND,6,5,0.8458,54,197822.06,cohesion_baja;
PAN-000874,G039566,CI GRUPO LA MARQUETA,PANAMA,PAN,18,9,0.8436,108,197068.03,cohesion_baja;
BRA-002139,G078703,SHERWIN WILLIAMS DO BRASIL INDUSTRIA E COMERCIO,BRASIL,BRA,4,4,0.8556,8,196756.07,cohesion_baja;
NLD-001246,G047532,IP HANDLERS BV,PAISES BAJOS,NLD,7,5,0.8413,73,195827.98,cohesion_baja;
CHN-000276,G034476,"FOSHAN YUEHAI TRADING CO., LTD",CHINA,CHN,4,2,0.8595,7,195745.85,cohesion_baja;
USA-016404,G078782,SHLOMO DANIELLI,ESTADOS UNIDOS,USA,8,3,0.8563,142,195408.91,cohesion_baja;
CHL-001988,G057851,MARTHA LUCIA VELASQUEZ CAHUASQUI,CHILE,CHL,3,2,0.853,40,195279.91,cohesion_baja;
KAZ-000719,G072710,RAY CVETOV - RAMIZ,KAZAJSTAN,KAZ,2,2,0.8543,32,194722.74,cohesion_baja;
DOM-001668,G048551,JARDIN CONSTANZA Y/O JARDIN JUNA,REPUBLICA DOMINICANA,DOM,7,5,0.8583,18,194631.0,cohesion_baja;
USA-001052,G004856,AMERICAN GLASS PRODUCTS COMPANY,ESTADOS UNIDOS,USA,5,3,0.8421,19,194156.19,cohesion_baja;
USA-016705,G080613,SOUTH COAST WHOLESALE FLOWERS LLC,ESTADOS UNIDOS,USA,11,4,0.8404,131,193702.3,cohesion_baja;
SLV-000713,G048070,"IX COMERCIO, SOCIEDAD ANONIMA DE CAPITAL VARIABLE",EL SALVADOR,SLV,2,2,0.8501,21,193587.4,cohesion_baja;
RUS-000384,G047543,IP KOLIMO LIMITED,RUSIA,RUS,4,2,0.8454,36,193200.32,cohesion_baja;
IRL-000147,G091611,YEM YOM VENTURES LIMITED,IRLANDA,IRL,2,2,0.8467,10,193200.12,cohesion_baja;
FIN-000017,G028398,ELITE EXPORTS INTERNATIONAL INC Y/O HELSINGIN KUKKATOIMITUS,FINLANDIA,FIN,3,2,0.8562,100,193178.48,cohesion_baja;
ARE-000763,G072702,RAWAYIE ALMADINA FOR DATES,EMIRATOS ARABES UNIDOS,ARE,2,2,0.8605,2,193020.78,cohesion_baja;
GTM-001378,G048263,JACQUELINE GABRIELA OSORIO,GUATEMALA,GTM,6,3,0.8606,84,192779.07,cohesion_baja;
DEU-000439,G027641,EFS - PARTNER DES ZOOFACHHANDELS,ALEMANIA,DEU,6,5,0.8642,44,192504.18,cohesion_baja;
RUS-000298,G036146,GAMMA FLORA / IFC,RUSIA,RUS,7,5,0.8619,73,192023.36,cohesion_baja;
NLD-002146,G088296,VAN DYVENVOORDEIMPORT B.V. (VDV IMPORT),PAISES BAJOS,NLD,5,3,0.8423,46,191395.33,cohesion_baja;
CRI-001870,G054906,LOGISTICS BUSINESS SERVICE SRL,COSTA RICA,CRI,3,3,0.8694,7,191232.71,cohesion_baja;
SLV-000514,G036948,"GEOTECNICA,CIMENTACIONES Y TECNICAS ESPECIALES ,S.A. DE C.V",EL SALVADOR,SLV,3,3,0.8421,3,191097.3,cohesion_baja;
NLD-000938,G035126,FRIEDHATS COFFEE,PAISES BAJOS,NLD,6,4,0.8414,22,191046.21,cohesion_baja;
CRI-002416,G074632,RODRIGUEZ ARIAS SOCIEDAD ANONIMA,COSTA RICA,CRI,6,4,0.8592,59,190777.93,cohesion_baja;
USA-000171,G053193,LARSENS LEAVES LLC,ESTADOS UNIDOS,USA,12,7,0.8625,248,190754.44,cohesion_baja;
BEL-000326,G030924,EXOTIC CITY SPRL,BELGICA,BEL,4,2,0.8589,11,190369.45,cohesion_baja;
CRI-002345,G072705,RAXOVA DE SAN JOSE,COSTA RICA,CRI,5,5,0.862,22,190245.49,cohesion_baja;
KOR-000029,G001964,AGP WORLDWIDE OPERATIONS GMBH,COREA DEL SUR,KOR,4,3,0.8448,8,190206.3,cohesion_baja;
USA-004531,G012773,Cabot Corpotarion,ESTADOS UNIDOS,USA,3,2,0.8652,6,190103.71,cohesion_baja;
PRI-001223,G081955,SUN DISTRIBUITORS INC,PUERTO RICO,PRI,2,2,0.8462,6,190058.97,cohesion_baja;
HND-000855,G048952,JESSICA ALEJANDRA RAMOS MORALES,HONDURAS,HND,6,4,0.8413,27,190023.88,cohesion_baja;
CAN-001836,G066736,PACIFIC AMERICAN FISH CO INC,CANADA,CAN,4,3,0.8663,14,189947.47,cohesion_baja;
PAN-003269,G073795,REYES MAZARIEGOS ALEX UBALDINO,PANAMA,PAN,11,7,0.8528,40,189851.58,cohesion_baja;
USA-017340,G083285,TAYLOR WHOLESALE FLORIST,ESTADOS UNIDOS,USA,6,2,0.853,332,189648.77,cohesion_baja;
USA-016113,G034271,SAS FOOD ENTERPRISE INC,ESTADOS UNIDOS,USA,5,3,0.8656,26,189171.23,cohesion_baja;
IND-000374,G063873,NEW HORIZONS PVT LTD,INDIA,IND,4,4,0.8413,9,188786.42,cohesion_baja;
HND-000165,G011511,BOMBAS Y EQUIPOS S.A. (BOMBESA),HONDURAS,HND,4,3,0.8424,35,188481.7,cohesion_baja;
THA-000071,G030665,EUROTEC NUTRITION (THAILAND) CO LTD.,TAILANDIA,THA,4,3,0.8614,28,187155.0,cohesion_baja;
BOL-000898,G011473,SOCIEDAD BOLIVIANA DE CEMENTO S.A,BOLIVIA,BOL,5,4,0.8606,9,186873.82,cohesion_baja;
KOR-000141,G018754,COMMERCIAL ZELECTA TRADING GROUP CORP - FLOWER  FARM,COREA DEL SUR,KOR,12,8,0.8413,80,186748.34,cohesion_baja;
PAN-000408,G007160,ARTURO ARAUZ S.A.,PANAMA,PAN,3,3,0.8498,15,186741.0,cohesion_baja;
POL-000156,G034846,FRESH FLOWER MARKETING LLP/ IMPORT-EXPORT WLODZIMIERZ GRAJEK,POLONIA,POL,5,5,0.8438,101,186513.54,cohesion_baja;
TWN-000095,G035691,"FWU SHENG YUAN YIH CO., LTD",TAIWAN,TWN,8,4,0.8679,86,186460.67,cohesion_baja;
GTM-001955,G070763,PRODUCTOS TECNICOS DE GUATEMALA,GUATEMALA,GTM,3,2,0.8474,7,186273.25,cohesion_baja;
ECU-005763,G080543,SOTO CAJAS SANTIAGO FERNANDO,ECUADOR,ECU,3,2,0.8618,210,186139.91,cohesion_baja;
SWE-000091,G062456,MULTRIGROSS I MALM AB,SUECIA,SWE,3,2,0.8468,12,185296.48,cohesion_baja;
CAN-002564,G092118,ZENAN CUSTOM CRESTIN,CANADA,CAN,2,2,0.8578,7,185197.03,cohesion_baja;
USA-014306,G067660,PATTON ENTERPRISES LLC,ESTADOS UNIDOS,USA,3,2,0.8478,10,184751.5,cohesion_baja;
USA-008919,G042771,HUNTER TOOLS CORPORATION,ESTADOS UNIDOS,USA,4,2,0.8548,10,184061.97,cohesion_baja;
USA-011677,G056594,MAMBO FLORAL EXPORT S DE RL,ESTADOS UNIDOS,USA,4,3,0.8699,31,183951.41,cohesion_baja;
USA-002602,G011760,BOTANICA WHOLESALE FLORIST.// FARM DIRECT BOTANICA DALLAS.,ESTADOS UNIDOS,USA,8,6,0.857,159,183438.82,cohesion_baja;
GTM-000911,G032368,FERNANDO ESTUARDO BOCHE HERNANDEZ DISTRIBUIDORA LA MORENITA,GUATEMALA,GTM,4,3,0.8623,24,183356.95,cohesion_baja;
MEX-000373,G008328,AVON COMESTIC MANUFACTURING S DE RL DE CV,MEXICO,MEX,4,2,0.8565,25,183333.68,cohesion_baja;
SINNOMBRE-000040,SINNOMBRE-000040,0,PARAGUAY,PRY,1,1,1.0,2,183097.99,sin_nombre_utilizable;
DOM-000962,G029003,EMPRESA DE INGENIERIA SAS,REPUBLICA DOMINICANA,DOM,10,4,0.8536,27,183087.65,cohesion_baja;
QAT-000018,G003052,AL SIDRA TRADING CONTRACTING,QATAR,QAT,5,4,0.8444,244,183011.16,cohesion_baja;
DEU-000817,G052051,KUEHNE + NAGEL (AG & CO.) KG,ALEMANIA,DEU,4,4,0.8573,21,182459.39,cohesion_baja;
USA-016085,G076765,SANVEC LL C,ESTADOS UNIDOS,USA,4,3,0.8421,63,181974.88,cohesion_baja;
VEN-001579,G034091,"FLOWSERVE DE VENEZUELA, C.C.A. (RED_E_VENF)",VENEZUELA,VEN,3,2,0.8577,3,181290.0,cohesion_baja;
ECU-006350,G085195,TIW DE VENEZUELA SUCURSAL ECUADOR,ECUADOR,ECU,3,3,0.8541,4,180915.96,cohesion_baja;
USA-014683,G069781,POSH PICKLE CLOTHING LLC,ESTADOS UNIDOS,USA,4,3,0.8607,114,180598.27,cohesion_baja;
GBR-001010,G073137,REGENCY SHIPPING LTD,REINO UNIDO,GBR,8,5,0.8429,16,179860.5,cohesion_baja;
JPN-000013,G002011,AGP WORLDWIDE OPERATIONS GmbH // NORTH GLASS CORPORATION,JAPON,JPN,3,2,0.8648,11,179231.0,cohesion_baja;
ECU-002310,G030004,ESCOBAR BORJA KLEVER IVAN,ECUADOR,ECU,6,4,0.8659,26,179173.93,cohesion_baja;
ZAF-000016,G004625,AMALGAMATED FLOWERS (Pty) Ltd,SUDAFRICA,ZAF,7,4,0.8473,39,179089.48,cohesion_baja;
COG-000001,G003867,ALKHORAYEF PETROLEUM COMPANY CONGO BRANCH,CONGO,COG,3,2,0.8486,3,178949.88,cohesion_baja;
DOM-000302,G029786,B V EQUIPOS INDUSTRIALES SANTO DOMINGO,REPUBLICA DOMINICANA,DOM,3,3,0.8697,11,178767.24,cohesion_baja;
ARE-000939,G086819,TULPAR GENERL TRADING L.L.C,EMIRATOS ARABES UNIDOS,ARE,2,2,0.8519,5,178618.19,cohesion_baja;
NOR-000017,G010442,BHI TANANGER A DIV OF BH NORGE AS,NORUEGA,NOR,3,2,0.8472,9,178526.74,cohesion_baja;
ABW-000179,G023085,DECOCI HUNTER DOUGLAS,ARUBA,ABW,4,2,0.8663,93,178158.62,cohesion_baja;
BOL-000088,G008801,BAKER HUGHES INT'L BRANCHES LLC SUCURSAL BOLIVIA,BOLIVIA,BOL,10,9,0.8469,26,177207.71,cohesion_baja;
DEU-000248,G013485,CANDELARIA FLOWERS GMBH Y/O CANDELARIA BLUMEN GMBH,ALEMANIA,DEU,9,6,0.8526,52,177182.36,cohesion_baja;
ECU-004073,G054247,LIFE FOOD PRODUCT ECUADOR LIFPRODEC SA,ECUADOR,ECU,3,3,0.8553,8,177100.0,cohesion_baja;
ROU-000055,G038591,GRADINA URBANA CONCEPT,RUMANIA,ROU,4,3,0.8698,82,176696.09,cohesion_baja;
GBR-001152,G084570,THE FRENCH FLORIST LTD,REINO UNIDO,GBR,4,2,0.8456,29,176177.56,cohesion_baja;
ABW-000237,G028656,ELSAS FLOWERS,ARUBA,ABW,5,4,0.8653,403,175937.72,cohesion_baja;
VEN-002172,G046778,"INVERISONES GLOBAL EXPRESS 2022, C.A.",VENEZUELA,VEN,2,2,0.8643,17,175243.33,cohesion_baja;
USA-006659,G032998,FIRST CORP INTERNATIONAL INC.,ESTADOS UNIDOS,USA,5,3,0.8499,5,174638.99,cohesion_baja;
VEN-002859,G062411,MULTISERVICIO ANCAR DE CARLOSS ALBERTO CASTILLO GONZALEZ,VENEZUELA,VEN,3,3,0.8444,5,174598.85,cohesion_baja;
PRI-000984,G065533,OLIMPIA ACTIVE WEAR CORP,PUERTO RICO,PRI,3,2,0.8476,36,174398.94,cohesion_baja;
USA-004157,G019950,COPA AIRLINES,ESTADOS UNIDOS,USA,4,2,0.8469,612,174315.72,cohesion_baja;
ECU-001308,G018288,COMERCIALIZADORA KADA CIA LTDA,ECUADOR,ECU,9,6,0.8578,64,174209.76,cohesion_baja;
GBR-000826,G059400,MERCA EXPRESS LATINO LTD,REINO UNIDO,GBR,3,3,0.8499,65,174147.4,cohesion_baja;
CAN-002043,G079637,S.M. HEWITT (SARNIA) LTD,CANADA,CAN,2,2,0.8471,6,173775.19,cohesion_baja;
USA-016520,G079481,SIW IMPACT WINDOWS AND DOORS,ESTADOS UNIDOS,USA,3,3,0.8642,29,173667.84,cohesion_baja;
ECU-002964,G040329,GUTIERREZ ROJAS JOHANA,ECUADOR,ECU,7,6,0.8416,28,173659.35,cohesion_baja;
MEX-001765,G039521,"GRUPO INDUSTRIAL DE TABASCO, S.A",MEXICO,MEX,2,2,0.8498,10,172571.35,cohesion_baja;
ECU-005233,G070534,PRODUCAR/ HENRY AQUILINO ZAMORA ARROBA,ECUADOR,ECU,3,3,0.8554,20,172341.05,cohesion_baja;
PER-003500,G080757,SPECIAL BOOK SERVICES S.A.,PERU,PER,7,4,0.851,17,171923.42,cohesion_baja;
USA-004794,G022695,DAVIS WHOLESALE FLORIST,ESTADOS UNIDOS,USA,15,8,0.8537,207,171845.65,cohesion_baja;
MEX-002295,G050853,KANGAROO INTERNATIONAL PROJECTS SA DE CV.,MEXICO,MEX,2,2,0.8564,25,171756.51,cohesion_baja;
DOM-001518,G045370,"INDUSTRIAS METALICAS CARIBE, S.A.S",REPUBLICA DOMINICANA,DOM,7,4,0.853,16,171683.75,cohesion_baja;
DOM-001961,G059445,MERCANTIL FARMACEUTICA MEFASA S.A.,REPUBLICA DOMINICANA,DOM,5,2,0.8687,90,171665.35,cohesion_baja;
HKG-000091,G016640,CITY SUPER LTD / VALLEYFRESHNORTHAMERICA LLC,HONG KONG,HKG,4,3,0.8401,195,171380.06,cohesion_baja;
CAN-000726,G078991,SIERRA FLOWER TRADING INC / DISTRIBUTION FLORALE SIERRA INC,CANADA,CAN,6,6,0.8417,150,171344.72,cohesion_baja;
GRC-000033,G021345,CRISTAL HELLENIC PC,GRECIA,GRC,2,2,0.8419,3,171240.0,cohesion_baja;
PAN-001137,G019952,COPA AIRLINES - EDITORA DEL CARIBE S.A,PANAMA,PAN,4,3,0.8497,11,170874.35,cohesion_baja;
USA-011685,G056616,MANA COLOMBIAN IMPORTERS LLC,ESTADOS UNIDOS,USA,3,2,0.849,9,170767.76,cohesion_baja;
USA-001547,G006991,ARRIS SOLUTIONS INC,ESTADOS UNIDOS,USA,3,2,0.8653,4,170555.0,cohesion_baja;
PRI-000064,G004109,ALMACENES DIPINO DE PONDE INC,PUERTO RICO,PRI,3,2,0.862,54,170182.7,cohesion_baja;
CHL-001043,G029797,EQUIPOS Y MAQUINARIAS MECSUELO LTDA,CHILE,CHL,3,2,0.8627,58,169697.24,cohesion_baja;
ECU-004608,G061446,MORETA TRAJANO VITERVO,ECUADOR,ECU,3,3,0.8545,50,169629.37,cohesion_baja;
USA-014250,G067430,"PARK STREET IMPORTS, LLC,",ESTADOS UNIDOS,USA,5,5,0.8457,6,168702.64,cohesion_baja;
THA-000124,G051462,KIMBERLY-CLARK THAILAND LIMITED,TAILANDIA,THA,4,3,0.8694,35,168158.65,cohesion_baja;
USA-011587,G056185,MACUNDO FLOWERS AND GREENS,ESTADOS UNIDOS,USA,10,6,0.8436,295,167968.06,cohesion_baja;
LCA-000026,G038422,GOODWILL FISHERMENS CO-OPERATIVE SOCIETY L,SANTA LUCIA,LCA,2,2,0.8506,2,167329.66,cohesion_baja;
USA-008079,G038403,GOODNES GARDEN INC,ESTADOS UNIDOS,USA,5,3,0.841,82,166893.01,cohesion_baja;
KAZ-000031,G000287,3D FLOWERS KZ,KAZAJSTAN,KAZ,5,3,0.849,116,166024.27,cohesion_baja;
NLD-002209,G090157,WAIMARIE B.V. / VIVAX FLOWERS LLC,PAISES BAJOS,NLD,5,3,0.8654,74,165497.5,cohesion_baja;
USA-002794,G012510,BUNZL INTERNATIONAL SERVICES,ESTADOS UNIDOS,USA,3,3,0.8405,10,165398.38,cohesion_baja;
USA-004537,G013197,Calvary Christian Church,ESTADOS UNIDOS,USA,2,2,0.8402,12,164506.08,cohesion_baja;
CRI-000530,G015431,CENTRO INTERNACIONAL DE INVERSIONES S.A,COSTA RICA,CRI,4,4,0.8499,57,164468.78,cohesion_baja;
IRQ-000051,G090431,WEATHERFORD OIL TOOLS MIDDLE EAST LTD,IRAQ,IRQ,10,4,0.852,17,164390.05,cohesion_baja;
USA-010667,G052221,L EQUINOCCIAL FLOWERS // SO CAL FLOWERS & SUPPLY,ESTADOS UNIDOS,USA,4,3,0.8619,43,164221.51,cohesion_baja;
USA-010808,G053000,Lalos Wholesale Flowers Inc,ESTADOS UNIDOS,USA,10,6,0.8538,122,163301.7,cohesion_baja;
KAZ-000072,G005295,ANDAS ENERGY Y/O 3D FLOWERS.KZ Y/O FLORAL MART S.A,KAZAJSTAN,KAZ,3,3,0.8431,11,163233.81,cohesion_baja;
POL-000157,G034935,FRESH FLOWER MARKETING LLP Y/O IMPORT-EXPORT WLODZIMIERZ GRA,POLONIA,POL,4,4,0.8548,113,161569.95,cohesion_baja;
CHL-000232,G001881,Agencias Universales S.A (AGUNSA),CHILE,CHL,3,3,0.86,8,161550.89,cohesion_baja;
ECU-006659,G089438,VILLAREAL MONTALVO SANDRA ELIZABETH,ECUADOR,ECU,4,3,0.8508,24,160954.9,cohesion_baja;
CUW-000290,G040709,HANDELMAATSCHAPPIJ A.D. JONCKHEER N.V.,CURAZAO,CUW,3,3,0.8586,10,160593.57,cohesion_baja;
RUS-000611,G068874,PINROYAL LLC GL25 - SIRIUS - ALHELI,RUSIA,RUS,3,2,0.8687,27,160525.61,cohesion_baja;
PAN-001096,G019636,CONSTRUCTORA GRUPO V SA,PANAMA,PAN,4,3,0.8426,11,160402.36,cohesion_baja;
ITA-000492,G039602,GRUPO MASTROTTO,ITALIA,ITA,3,3,0.8652,4,160220.74,cohesion_baja;
DOM-000791,G023769,DEYA BY DEWI PENA SRL,REPUBLICA DOMINICANA,DOM,4,3,0.8653,16,160077.0,cohesion_baja;
ESP-000772,G018954,COMMERCIAL ZELECTA TRADING GROUP CORP - VERDNATURA LEVANTE S,ESPANA,ESP,4,3,0.8613,15,159861.5,cohesion_baja;
USA-010109,G050109,JR FLOWERS DISTRIBUTOR,ESTADOS UNIDOS,USA,9,4,0.8595,247,159656.19,cohesion_baja;
BRA-000962,G035514,FULSTANDIG SHOWS E EVENTOS MC LTDA,BRASIL,BRA,4,4,0.8466,15,159396.05,cohesion_baja;
DOM-000615,G062853,COMPAÑIA NACIONAL DE DISTRIBUCION PACC SRL,REPUBLICA DOMINICANA,DOM,4,2,0.8464,74,159252.96,cohesion_baja;
GTM-000583,G020478,CORPORACION DE COSMETICOS Y FARMACEUTICOS BAMELI,GUATEMALA,GTM,5,5,0.8511,22,159129.79,cohesion_baja;
USA-004059,G019098,COMPETITIVE EDGE DISTRIBUTING,ESTADOS UNIDOS,USA,3,2,0.8444,13,158508.38,cohesion_baja;
ITA-000214,G017001,CM FOOD MARKET SRL,ITALIA,ITA,2,2,0.8402,37,158452.85,cohesion_baja;
NIC-000360,G045672,INGENIERIA Y SERVICIOS S.A,NICARAGUA,NIC,4,4,0.8564,19,157163.14,cohesion_baja;
GTM-001372,G048797,J&E FRUIT AND VEGETABLE,GUATEMALA,GTM,2,2,0.8435,4,156682.1,cohesion_baja;
ECU-005251,G070669,PRODUCTOS ECUATORIANOS FARMACEUTICOS S.A PRODE-FARM,ECUADOR,ECU,4,3,0.8648,6,156408.38,cohesion_baja;
USA-014778,G070083,PREMIUM PRODUCTS INTERNATIONAL LLC,ESTADOS UNIDOS,USA,5,4,0.8563,47,156407.4,cohesion_baja;
ESP-001182,G031124,EXTILOSO LUXURY FASHION SL,ESPANA,ESP,3,2,0.858,38,156326.6,cohesion_baja;
DEU-000651,G041430,HENRY LAMOTTE FOOD GmbH,ALEMANIA,DEU,2,2,0.8628,6,156221.0,cohesion_baja;
USA-005952,G029466,ENRIQUEZ AND SONS GARGO INC,ESTADOS UNIDOS,USA,6,4,0.8551,9,155896.61,cohesion_baja;
MEX-001469,G032669,FGI GESTION MEX SA DE CV / TIENDA ZARA HOME CC LA PERLA,MEXICO,MEX,6,6,0.846,158,155250.23,cohesion_baja;
TTO-000442,G085179,TITANIC PARTY RENTAL,TRINIDAD Y TOBAGO,TTO,4,3,0.8664,319,155221.38,cohesion_baja;
ECU-002574,G033566,FLORES NOBOA JAIRA MARIANELA,ECUADOR,ECU,3,2,0.8693,23,154269.2,cohesion_baja;
USA-018298,G087574,UNIVERSAL FLOWERS IMPORT LLC,ESTADOS UNIDOS,USA,4,3,0.8514,56,153834.96,cohesion_baja;
ITA-000366,G030173,ESPOSITO PASQUEALE (SILVERGREEN) IMPORT EXPORT,ITALIA,ITA,4,3,0.867,46,153643.67,cohesion_baja;
PAN-001433,G025071,DISTRIBUIDORA MARIANA FASHION Y/O D.M.F. SA,PANAMA,PAN,6,4,0.8473,14,153619.55,cohesion_baja;
SLV-000228,G018583,COMISION EJECUTIVA HIDROELECTRICA DEL RIO LEMPA,EL SALVADOR,SLV,4,4,0.868,8,153119.93,cohesion_baja;
NLD-000159,G007586,ASTRA FUND HOLLAND BV,PAISES BAJOS,NLD,6,4,0.8453,99,153000.46,cohesion_baja;
ECU-003503,G045649,INGENIERIA SERVICIOS Y COMERCIO ISC SOCIEDAD CIVIL,ECUADOR,ECU,5,4,0.8606,137,152704.04,cohesion_baja;
USA-014909,G071181,PROVIDENCE MISSIONARY BAPTIST CHURCH,ESTADOS UNIDOS,USA,2,2,0.8465,5,152585.94,cohesion_baja;
IND-000396,G065401,OIL FIELD WAREHOUSE & SERVICES,INDIA,IND,6,6,0.8405,28,152474.89,cohesion_baja;
GRD-000008,G019217,CONCORD DISTRIBUITORS LTD,GRANADA,GRD,3,2,0.8667,17,152358.37,cohesion_baja;
PRI-000691,G045911,INNOVA TRAIDING CORP.,PUERTO RICO,PRI,4,4,0.8474,10,152011.2,cohesion_baja;
ECU-001179,G016157,CHIQUITA BANANA ECUADOR CBBRANDS SA,ECUADOR,ECU,5,4,0.8483,31,151735.01,cohesion_baja;
PRI-000333,G022098,DADE PAPER Y BAG CO,PUERTO RICO,PRI,2,2,0.854,31,151633.44,cohesion_baja;
ECU-002977,G040428,GYRODATA ECUADOR LLC,ECUADOR,ECU,2,2,0.8533,15,151481.0,cohesion_baja;
CAN-002234,G082275,SUNTORY FLOWERS Y/O UNITED FLORAL DISTRIBUTORS,CANADA,CAN,14,6,0.8592,201,151474.63,cohesion_baja;
USA-006530,G032237,FENDENTAL,ESTADOS UNIDOS,USA,6,3,0.8434,34,151427.68,cohesion_baja;
ECU-000051,G001066,ACEROS Y MATERIALES PARA LA CONSTRUCCION ACIMCO ECUADOR CIA,ECUADOR,ECU,7,6,0.8467,15,151079.24,cohesion_baja;
ECU-000914,G013082,CALDAS MAURAD WILSON URPIANO,ECUADOR,ECU,3,3,0.8507,13,150991.99,cohesion_baja;
ABW-000098,G011621,BOOLCHAD PESSOOMAL (ARUBA) N.V,ARUBA,ABW,2,2,0.8672,8,150853.92,cohesion_baja;
ECU-003170,G043690,IMPEX FLOWERS - ALCOMIN CIA LTDA CST271,ECUADOR,ECU,4,2,0.8687,72,150375.89,cohesion_baja;
USA-002761,G012400,BUCKLEY WINDOW CORP,ESTADOS UNIDOS,USA,4,2,0.8403,8,150310.63,cohesion_baja;
HTI-000034,G016466,CIMENTERIE NATIONALE.S.E.M.,HAITI,HTI,5,5,0.8619,12,149911.65,cohesion_baja;
CHE-000367,G082707,SWISS HORTICULTURAL  INNOVATION SA,SUIZA,CHE,3,2,0.8511,4,149355.24,cohesion_baja;
JAM-000041,G011943,BRANDRAM HENDERSON (WI) LIMITED,JAMAICA,JAM,2,2,0.8595,17,149346.32,cohesion_baja;
CUB-000172,G028962,EMPRESA COMERCIALIZADORA DE ARTICULOS EN GENERAL (CONSUMIMPO,CUBA,CUB,3,2,0.8602,23,148863.34,cohesion_baja;
PAN-001400,G024842,DISTRIBUIDORA DE PRODUCTOS EXTRANJEROS Y NACIONALES,PANAMA,PAN,6,3,0.8503,21,148726.12,cohesion_baja;
PAN-004720,G086117,TRANS OCEAN NETWORK CORP,PANAMA,PAN,5,3,0.8596,10,148032.25,cohesion_baja;
ECU-002361,G030588,EUROFARMA S.A. ECUADOR,ECUADOR,ECU,3,3,0.847,17,147884.98,cohesion_baja;
ARG-000003,G062361,Multilabel Argentina S.A,ARGENTINA,ARG,2,2,0.8438,33,147813.81,cohesion_baja;
USA-014630,G069451,POCHIS SWEET DESIGNS,ESTADOS UNIDOS,USA,5,3,0.869,42,147795.86,cohesion_baja;
VEN-001350,G027228,EDILIA CONSOLACION SANCHEZ BUSTAMANTE,VENEZUELA,VEN,3,2,0.8426,11,147500.51,cohesion_baja;
SLV-000092,G007466,ASOCIACION INSTITUCION SALESIANA,EL SALVADOR,SLV,5,3,0.8609,24,147347.98,cohesion_baja;
USA-013282,G061647,Mountain View Community Church,ESTADOS UNIDOS,USA,2,2,0.8687,4,146754.08,cohesion_baja;
ECU-006655,G089436,VILLAREAL  HERRERA OSWALDO,ECUADOR,ECU,3,3,0.8616,9,146647.86,cohesion_baja;
CAN-001735,G063747,NESTOR & CATHIE´S SOMBREROS,CANADA,CAN,4,2,0.8528,37,146323.56,cohesion_baja;
USA-004145,G019899,COOK BROTHERS,ESTADOS UNIDOS,USA,2,2,0.8588,9,146223.26,cohesion_baja;
PAN-001749,G030368,ESTRUCTURAS Y PISOS PANAMA SA,PANAMA,PAN,7,5,0.8603,19,145629.64,cohesion_baja;
USA-014119,G066710,Pacha Flowers Inc,ESTADOS UNIDOS,USA,18,9,0.8681,366,144933.69,cohesion_baja;
USA-015126,G072308,RAFAS WHOLESALE / SARA GARDEN INC,ESTADOS UNIDOS,USA,23,14,0.8507,87,144753.8,cohesion_baja;
CAN-002359,G085640,TORONTO FLOWER COMPANY,CANADA,CAN,8,6,0.8621,276,144722.39,cohesion_baja;
ECU-003692,G048520,JARAMILLO ARGANDOÑA JAVIER ENRIQUE,ECUADOR,ECU,4,3,0.8452,12,143900.77,cohesion_baja;
KOR-000746,G085341,TO THE ORDER OF KEB HANA BANK,COREA DEL SUR,KOR,2,2,0.8664,7,143756.74,cohesion_baja;
USA-005406,G026413,DUTCHESS BOUQUETS LLC Y/O WALNUT RIDGE TRADING CORP,ESTADOS UNIDOS,USA,5,4,0.8436,17,143734.0,cohesion_baja;
BEL-000669,G071817,QUALITY PRODUCE INTERNATIONAL B.V (QPI B.V.),BELGICA,BEL,2,2,0.8672,3,143576.72,cohesion_baja;
PAN-000632,G011509,BOMBAS Y BALINERAS SA,PANAMA,PAN,8,5,0.8613,24,143398.52,cohesion_baja;
AUS-000182,G028311,ELITE EXPORTS INTERNATIONAL INC Y/O BLOOMEX AUSTRALIA,AUSTRALIA,AUS,2,2,0.8593,108,142908.87,cohesion_baja;
CAN-000477,G014322,CAROLYN DESIGN,CANADA,CAN,3,2,0.8415,10,142273.64,cohesion_baja;
ECU-006449,G086823,TUMBACO BUENAÑO MONICA PATRICIA,ECUADOR,ECU,6,4,0.8431,40,142257.01,cohesion_baja;
PAN-004284,G076283,SAMSUNG ELECTRONICS LATINOAMERICA,PANAMA,PAN,7,3,0.8663,196,141763.46,cohesion_baja;
GBR-000467,G034816,FRESH CHOICE INTERNATIONAL LTD,REINO UNIDO,GBR,8,5,0.8419,19,141678.7,cohesion_baja;
NIC-000137,G008522,COMPAÑIA AZUCARERA DEL SUR SA,NICARAGUA,NIC,7,6,0.8602,19,141553.78,cohesion_baja;
SLV-000814,G054877,"LOGISTIC SOLUTIONS, S.A. DE C.V. - KIMBERLY-CLARK DE CENTRO",EL SALVADOR,SLV,5,5,0.868,15,141511.2,cohesion_baja;
USA-006889,G033716,FLORISOL& CO FLOWER TRADING LLC DBA MARVEL,ESTADOS UNIDOS,USA,11,8,0.8539,64,141439.62,cohesion_baja;
NLD-001992,G083310,TBGROUP S.C TOMASZ BRZOWSKI,PAISES BAJOS,NLD,6,3,0.8605,22,141385.61,cohesion_baja;
MEX-002358,G052761,LABORATORIOS NORVET SA DE CV,MEXICO,MEX,5,3,0.8404,6,141190.0,cohesion_baja;
CIV-000021,G037627,GLOBAL INVESTISSEMENT CORPORATION (GIC),COSTA DE MARFIL,CIV,4,3,0.8447,5,140870.48,cohesion_baja;
HKG-000103,G018884,COMMERCIAL ZELECTA TRADING GROUP CORP - PRIME FLOWERS,HONG KONG,HKG,16,15,0.8803,269,140532.91,grupo_grande;
MEX-001507,G034233,FONDO DE CULTURA ECONÓMICA,MEXICO,MEX,4,2,0.8577,7,140283.4,cohesion_baja;
KAZ-000103,G007579,ASTORIA EXPORT S ARUC/PROWAY TRADING LLC,KAZAJSTAN,KAZ,2,2,0.8461,32,140073.7,cohesion_baja;
RUS-000340,G043703,IMPEX GROUP,RUSIA,RUS,10,6,0.8417,97,139940.77,cohesion_baja;
VEN-002046,G045240,INDUSTRIAS DE AISLANTES Y ACERO L.A.A. C.A,VENEZUELA,VEN,3,2,0.8597,7,139521.96,cohesion_baja;
CHL-000014,G037957,GO FOODS SPA,CHILE,CHL,3,3,0.8601,3,139504.85,cohesion_baja;
MYS-000021,G008750,BAKER HUGHES (MALAYSIA) SDN. BHD.,MALASIA,MYS,5,4,0.8632,6,139474.45,cohesion_baja;
ESP-003097,G077516,SECORE FLORAL EXPORT LLC,ESPANA,ESP,4,3,0.857,57,139445.32,cohesion_baja;
PRI-000891,G059405,MERCADAGRO INTERNATIONAL CORPORATION,PUERTO RICO,PRI,3,3,0.8413,8,139202.27,cohesion_baja;
USA-010236,G050559,JULIO RODRIGUEZ,ESTADOS UNIDOS,USA,3,2,0.848,19,139197.36,cohesion_baja;
HND-000102,G058611,MAYRA CELENIA APLICANO VALLADARES,HONDURAS,HND,5,3,0.8462,49,139028.45,cohesion_baja;
PAN-000815,G015275,CENTRAL AZUCARERA DE ALANJE S.A.,PANAMA,PAN,4,3,0.8458,6,138932.0,cohesion_baja;
RUS-000319,G038683,GRAND FLOWERS GROUP,RUSIA,RUS,8,4,0.8616,128,138784.1,cohesion_baja;
AUS-000402,G074509,ROCDAM INTERNATIONAL PTY LTD - MESTIZOS,AUSTRALIA,AUS,3,3,0.86,67,138524.07,cohesion_baja;
NLD-001284,G048459,JAN STAP BV,PAISES BAJOS,NLD,4,3,0.8599,17,137893.68,cohesion_baja;
THA-000009,G001964,AGP WORLDWIDE OPERATIONS GMBH,TAILANDIA,THA,3,3,0.856,13,137822.71,cohesion_baja;
BHS-000152,G084706,"The Ocean Club, A Four Seasons",BAHAMAS,BHS,5,5,0.8635,49,136963.67,cohesion_baja;
CUB-000119,G019761,CONSUMIMPORT (EMPRESA COMERCIALIZADORA DE ARTÍCULOS EN GENER,CUBA,CUB,3,3,0.8695,3,136925.0,cohesion_baja;
USA-006763,G091710,YM FLORAL DISTRIBUTORS CORP..,ESTADOS UNIDOS,USA,10,5,0.8643,103,136909.15,cohesion_baja;
VEN-003414,G078083,SERVICIOS DE INGENIERIA INDUSTRIAL CA (SICA),VENEZUELA,VEN,8,8,0.8404,14,136860.0,cohesion_baja;
USA-001352,G005832,"ANSA McAL TRADING, INC",ESTADOS UNIDOS,USA,3,3,0.867,6,136704.44,cohesion_baja;
CAN-001129,G041737,HI FRESH INTERNATIONAL,CANADA,CAN,5,3,0.8595,14,136627.64,cohesion_baja;
ESP-000888,G022928,DE LA TORRE S L,ESPANA,ESP,3,2,0.8461,5,136076.8,cohesion_baja;
SINNOMBRE-000046,SINNOMBRE-000046,0,PARAGUAY,PRY,1,1,1.0,1,135222.08,sin_nombre_utilizable;
PAN-001251,G026493,DYD PANAMA CORP,PANAMA,PAN,4,2,0.8587,23,135127.33,cohesion_baja;
CHN-000352,G040027,"Guangzhou Yixin Aquatic Technology Co., Ltd",CHINA,CHN,5,3,0.8542,23,135075.04,cohesion_baja;
ARE-000050,G003030,AL QUTBAY TRADING FZ LLC,EMIRATOS ARABES UNIDOS,ARE,7,4,0.8406,54,135072.84,cohesion_baja;
VEN-003911,G091139,WORLD FUEL SERVICES COMPANY LLC SUCURSAL COLOMBIA,VENEZUELA,VEN,4,2,0.8468,54,134956.75,cohesion_baja;
ECU-001770,G023454,DENTAL PEREZ AVILES CIA LTDA,ECUADOR,ECU,5,4,0.8443,56,134875.58,cohesion_baja;
CHN-000271,G034471,"FOSHAN JILONG IMPORT AND EXPORT TRADING CO., LTD.",CHINA,CHN,7,7,0.8451,28,134496.46,cohesion_baja;
MEX-000022,G008450,"A Y G ADVANCE TECHNOLOGIES DE MEXICO, SA DE CV",MEXICO,MEX,8,6,0.8578,23,134403.17,cohesion_baja;
ECU-000673,G009594,BEATRIZ DEL CARMEN SILVA PEÑA,ECUADOR,ECU,3,2,0.8425,10,133770.46,cohesion_baja;
GTM-001049,G039323,GRUPO CENTEX GUATEMALA S.A.,GUATEMALA,GTM,3,3,0.8486,22,133730.06,cohesion_baja;
GUY-000122,G037390,GK FOODS AND SERVICIES LIMITED,GUYANA,GUY,3,2,0.8667,36,133694.91,cohesion_baja;
POL-000022,G005707,ANIA JOLANTA KIELAK / FLORMARKET INV CORP,POLONIA,POL,6,4,0.8478,127,133677.25,cohesion_baja;
USA-005760,G028300,ELITE EXPORTS INTERNATIONAL INC Y/O ARIZONA FAMILY FLORIST,ESTADOS UNIDOS,USA,2,2,0.8645,153,133536.96,cohesion_baja;
USA-010401,G051194,KENNETH L FARIA SOLE PROP DBA FARIA FLOWERS,ESTADOS UNIDOS,USA,5,3,0.8467,145,133460.83,cohesion_baja;
UKR-000069,G062173,MSD GLOBAL FLOWERS FZE/ IFC SAS LLC Y/O FLORAL MART S.A,UCRANIA,UKR,4,3,0.8553,59,133442.99,cohesion_baja;
CRI-000950,G025007,DISTRIBUIDORA INTERNACIONAL DE PRODUCTOS ALIMENTICIOS DIPASA,COSTA RICA,CRI,5,4,0.8659,27,132330.94,cohesion_baja;
MEX-001100,G040959,HATS AND HATS LLC // DELDHY WESTERN PRODUCTS BLVD,MEXICO,MEX,4,4,0.8574,5,132280.9,cohesion_baja;
CHN-000678,G064257,NINGBO GUANJIA ELECTRICAL CO. LTD,CHINA,CHN,4,4,0.8603,6,132134.36,cohesion_baja;
NIC-000076,G011222,BLUE STONE GOLD INC,NICARAGUA,NIC,2,2,0.8666,8,131970.04,cohesion_baja;
USA-013446,G063468,NDM BUSINESS CORP,ESTADOS UNIDOS,USA,11,7,0.8478,82,131952.72,cohesion_baja;
CRI-001638,G046963,INVERSIONES DE ALTURA INTERNACIONAL S. A,COSTA RICA,CRI,6,6,0.8563,21,131768.43,cohesion_baja;
DJI-000006,G022261,DANAK AGRICULTURAL MACHINE AND COFFEE PROCESSING EQUIPMENT A,DJIBOUTI,DJI,2,2,0.8698,5,131487.0,cohesion_baja;
VEN-003823,G088598,VEHICULOS AUTOMOTRICES Y MAQUINARIA ASIA CA,VENEZUELA,VEN,2,2,0.8549,4,131277.87,cohesion_baja;
PAN-001430,G025052,DISTRIBUIDORA LEWIS S.A,PANAMA,PAN,9,5,0.8458,47,131111.4,cohesion_baja;
PAN-003844,G068437,PETROTERMINAL DE PANAMA SA,PANAMA,PAN,7,6,0.8441,10,130958.27,cohesion_baja;
PAN-001165,G020219,CORPORACION BELEKO S.A. COMERCIALIZADORA INTERNACIONAL GRUPO,PANAMA,PAN,6,4,0.8532,61,130944.75,cohesion_baja;
SAU-000412,G090397,WEATHERFORD (SAUDI ARABIA) LTD,ARABIA SAUDITA,SAU,4,3,0.8426,15,130787.41,cohesion_baja;
USA-018935,G090185,WALKER WHOLESALE,ESTADOS UNIDOS,USA,5,2,0.851,60,130488.79,cohesion_baja;
CAN-001630,G059832,MEXYCAN TRADING (1992) INC Y/O FLORALMART S.A,CANADA,CAN,6,3,0.8526,199,129798.29,cohesion_baja;
USA-008625,G041321,"HEMISPHERE TRADING OF NY, LLC -  99 Cents Only Stores",ESTADOS UNIDOS,USA,3,2,0.8413,10,129609.23,cohesion_baja;
KAZ-000623,G060329,MILLION ROSES LLC,KAZAJSTAN,KAZ,5,3,0.8412,45,129584.53,cohesion_baja;
USA-010540,G051803,KONKRETUS DESIGN LLC,ESTADOS UNIDOS,USA,5,2,0.8434,58,128966.52,cohesion_baja;
ECU-003211,G044005,IMPORTACIONES Y REPRESENTANCIONES AGROILECOM,ECUADOR,ECU,3,2,0.8612,10,128623.34,cohesion_baja;
VEN-002441,G049221,JIMENEZ  LARA BEATRIZ  ESTEFANIA,VENEZUELA,VEN,3,3,0.8656,9,128516.59,cohesion_baja;
NLD-001275,G049347,J.M LEVARHT & ZN. B.V,PAISES BAJOS,NLD,3,3,0.8512,24,128502.4,cohesion_baja;
ECU-004523,G060552,MISNAZA CAMPAÑA ELSI GUADALUPE,ECUADOR,ECU,2,2,0.8548,25,128279.65,cohesion_baja;
CHL-000698,G068323,COMPAÑIA PET DE CHILE COPEC S.A,CHILE,CHL,2,2,0.8671,2,128275.84,cohesion_baja;
USA-011092,G054269,LIGHT N UP INC / BEACH LIGHTING,ESTADOS UNIDOS,USA,8,4,0.8532,15,127990.32,cohesion_baja;
USA-010298,G084808,THE UNIVERSAL GROUP,ESTADOS UNIDOS,USA,4,3,0.8608,6,127856.27,cohesion_baja;
KOR-000263,G028456,ELITE EXPORTS INTERNATIONAL INC Y/O SNOWFOX BRANDING COMPANY,COREA DEL SUR,KOR,7,3,0.8419,249,127663.34,cohesion_baja;
SUR-000033,G027355,EDSO BUILDING MATERIALS,SURINAME,SUR,4,3,0.8436,19,127595.53,cohesion_baja;
CRI-001396,G039713,GRUPO RAMFER PARA CONSTRUIR COSTA RICA SOCIEDAD ANONIMA,COSTA RICA,CRI,5,4,0.8482,15,127179.95,cohesion_baja;
BEL-000052,G007762,ATOM INT. IM-EN EXPORT,BELGICA,BEL,5,4,0.8514,13,127082.2,cohesion_baja;
ARE-000978,G090433,WEATHERFORD PRODUCTS GMBH,EMIRATOS ARABES UNIDOS,ARE,5,4,0.858,75,126991.4,cohesion_baja;
PAN-003508,G063074,NASHA GROUP PANAMAS.A,PANAMA,PAN,3,2,0.8516,4,126650.0,cohesion_baja;
USA-006397,G031582,FALCONI BUSINESS GROUP LLC.,ESTADOS UNIDOS,USA,7,4,0.8649,65,126529.26,cohesion_baja;
USA-017903,G086005,TRADEWINDS INT LLC,ESTADOS UNIDOS,USA,10,8,0.8448,28,126456.36,cohesion_baja;
CUB-000299,G042551,HOURIA BUSINESS INC,CUBA,CUB,2,2,0.8613,3,126423.64,cohesion_baja;
USA-018869,G089980,VOSZ FLORAL,ESTADOS UNIDOS,USA,10,6,0.845,187,126268.21,cohesion_baja;
CUB-000578,G088611,"VELAMAR IMPORTACION - EXPORTACION, S.AL / SUCHEL IMPORT - EX",CUBA,CUB,3,3,0.8523,4,126156.03,cohesion_baja;
USA-011312,G055189,LOS TWINS WHOLESALE FLOWERS,ESTADOS UNIDOS,USA,5,3,0.8424,59,125926.05,cohesion_baja;
KWT-000170,G081442,STOCKROOM MILLING AND ROASTING COMPANY,KUWAIT,KWT,4,4,0.8619,6,125589.49,cohesion_baja;
ESP-002773,G068986,"PISCIBER BIO SECURE FISHES,S.L.",ESPANA,ESP,6,4,0.8672,27,125376.13,cohesion_baja;
CHL-001107,G031365,FABRICACIÓN Y COMERCIALIZDORA SEBASTIÁN,CHILE,CHL,5,4,0.8695,71,125303.45,cohesion_baja;
KAZ-000056,G011586,LLP BONNAR-A - AL QUTBAY TRADING FZ LLC,KAZAJSTAN,KAZ,8,4,0.8453,109,124880.55,cohesion_baja;
CUB-000510,G077951,SERRA SACOS Y GESTIÓN SL SUCURSAL EN LA HABANA,CUBA,CUB,2,2,0.8651,5,124549.11,cohesion_baja;
USA-009665,G048441,James River Church,ESTADOS UNIDOS,USA,4,3,0.8636,5,124009.65,cohesion_baja;
USA-003935,G018734,COMMERCIAL ZELECTA TRADING GROUP CORP - FLORALINK LLC,ESTADOS UNIDOS,USA,6,3,0.8503,105,123337.14,cohesion_baja;
PAN-003013,G053250,LATAM IMPORT & EXPORT SERVICES HOLDING SA,PANAMA,PAN,11,9,0.8515,135,123156.83,cohesion_baja;
ECU-002112,G027279,EDITORES NACIONALES C LTDA (ENSA)-EDICIONES CON ESTILO SA DE,ECUADOR,ECU,9,7,0.8426,36,123006.86,cohesion_baja;
ECU-006003,G024208,SOCIEDAD DIFUSORA DEL LIBRO SODILIBRO CIA LTDA,ECUADOR,ECU,12,9,0.8621,52,122949.72,cohesion_baja;
ECU-002193,G028038,ELECTRONIC AMUSEMENT S.A. (EASA),ECUADOR,ECU,2,2,0.8547,12,122761.15,cohesion_baja;
VEN-003929,G091820,YOVANY FERNANDEZ SANCHEZ BUENO,VENEZUELA,VEN,3,3,0.8617,48,122447.1,cohesion_baja;
USA-010619,G055369,L & S SHRINK SYSTEMS INC. // WEBB MASON - SANFORD,ESTADOS UNIDOS,USA,6,5,0.8477,36,122079.36,cohesion_baja;
KAZ-000013,G021913,CVETY OPTON,KAZAJSTAN,KAZ,5,3,0.8537,77,121958.98,cohesion_baja;
USA-017476,G084255,TEXTRON AVIATION DEFENSE,ESTADOS UNIDOS,USA,10,7,0.8664,15,121827.74,cohesion_baja;
ARE-000310,G028329,ELITE EXPORTS INTERNATIONAL INC Y/O CROCUS INTERNATIONAL ME,EMIRATOS ARABES UNIDOS,ARE,4,3,0.8465,246,121806.11,cohesion_baja;
USA-009563,G048113,J AND M WHOLESALE FLOWERS,ESTADOS UNIDOS,USA,6,5,0.8538,90,121748.4,cohesion_baja;
USA-008301,G039880,GS TRUCKING AND PRODUCE INC,ESTADOS UNIDOS,USA,8,5,0.8563,120,121593.64,cohesion_baja;
USA-003137,G013948,CARIBBEAN INDUSTRIAL CORP,ESTADOS UNIDOS,USA,7,6,0.8628,13,121415.61,cohesion_baja;
ABW-000221,G026898,ECONOMIC CENTER N.V. (ARUBA),ARUBA,ABW,5,3,0.8505,16,121140.81,cohesion_baja;
USA-000725,G003331,ALE FLOWER LLC,ESTADOS UNIDOS,USA,13,7,0.8473,283,121098.92,cohesion_baja;
PRY-000182,G039136,GROUPAUTO PARAGUAY SA,PARAGUAY,PRY,2,2,0.8406,4,120619.2,cohesion_baja;
PAN-004250,G075692,RYASA PANAMA S.A.,PANAMA,PAN,4,3,0.8659,23,120501.3,cohesion_baja;
GTM-002247,G083515,TECNICA COMERCIAL BOLLMAN Y COMPAÑIA SOC LIMITADA,GUATEMALA,GTM,4,4,0.8549,24,120478.0,cohesion_baja;
CHN-000876,G078532,SHANGHAI SUN STAR TRADING CO. LTD.,CHINA,CHN,4,2,0.8691,11,120360.83,cohesion_baja;
USA-005890,G073626,"RESOLVE / EMINENT, INC DBA REVOLVE CLOTHING 12889 MOORE ST.",ESTADOS UNIDOS,USA,5,3,0.8522,25,119688.17,cohesion_baja;
CRI-000700,G019612,"CONSTRUCTORA, CONSULTORA Y DESARROLLADORA ECOAIRE S.A.",COSTA RICA,CRI,6,4,0.8602,19,119627.59,cohesion_baja;
GBR-000379,G028293,ELITE EXPORTS INTERNATIONAL INC Y/O ALL SEASONS FLOWERS LTD,REINO UNIDO,GBR,7,3,0.841,215,119442.51,cohesion_baja;
POL-000101,G025957,DREAM FLOWER SPOLKA JAWNA NIEDBALA SEBASTIAN NIEDBALA KAMIL,POLONIA,POL,8,8,0.8683,68,119395.1,cohesion_baja;
PER-002342,G054146,LIBRERIA ESPECIALIZADA EYA S.A.C,PERU,PER,6,3,0.863,19,119353.46,cohesion_baja;
KOR-000207,G022111,DAEYUN INTERNATIONAL,COREA DEL SUR,KOR,3,3,0.868,5,119252.6,cohesion_baja;
HTI-000054,G028002,ELECTRO REFRI,HAITI,HTI,5,3,0.8527,11,118964.04,cohesion_baja;
SINNOMBRE-000057,SINNOMBRE-000057,¬,ESTADOS UNIDOS,USA,1,1,1.0,1,118750.7,sin_nombre_utilizable;
ECU-003989,G053010,LAMAR USA ECUADOR C LTDA,ECUADOR,ECU,5,5,0.8542,20,118700.72,cohesion_baja;
ITA-000952,G084647,THE KING FRUIT AGS DI TURIACO ANTONIO,ITALIA,ITA,2,2,0.8595,11,118642.0,cohesion_baja;
CZE-000159,G084468,THE FARM DIRECT COMPANY // FLOWER TRADE COMPANY S.R.O,CHEQUIA,CZE,9,8,0.8488,25,118621.76,cohesion_baja;
USA-003346,G014996,CD Wholesale Flowers,ESTADOS UNIDOS,USA,5,4,0.8687,70,118380.06,cohesion_baja;
USA-013711,G064861,NS DESING GROUP LLC,ESTADOS UNIDOS,USA,3,2,0.8451,8,118180.71,cohesion_baja;
CUB-000219,G029073,EMPRESA MIXTA BIOCUBACAFÉ S.A.,CUBA,CUB,3,3,0.8477,4,118155.04,cohesion_baja;
USA-000927,G004374,ALTERNATIVA DESING LLC,ESTADOS UNIDOS,USA,9,4,0.8412,63,118116.46,cohesion_baja;
ECU-003242,G044133,IMPORTADORA DE QUIMICOS Y PINTURAS EUROPEAS S.A.- EUROCOLOR,ECUADOR,ECU,4,4,0.8564,20,117634.19,cohesion_baja;
ARE-000106,G007267,ASC HARDCAR INTERNATIONAL (F.Z.C),EMIRATOS ARABES UNIDOS,ARE,2,2,0.8699,10,117600.0,cohesion_baja;
CAN-002427,G087467,UNITED FLORAL DIST FENWICK,CANADA,CAN,8,5,0.8555,220,117274.42,cohesion_baja;
AZE-000013,G008830,BAKER HUGHES SERVICES INT¨L INC,AZERBAIYAN,AZE,3,3,0.8648,8,117028.61,cohesion_baja;
CRI-002649,G083041,TALLER DE CARROCERIAS HERRERA S.A.,COSTA RICA,CRI,5,3,0.8635,10,116582.74,cohesion_baja;
ECU-002113,G027280,EDITORES NACIONALES C. LTDA. ENSA,ECUADOR,ECU,6,5,0.8535,15,116558.19,cohesion_baja;
USA-004923,G023268,DELAWARE VALLEY / FRESHBLOOMS,ESTADOS UNIDOS,USA,5,3,0.8562,65,116134.74,cohesion_baja;
MEX-000819,G017682,COMANDOS MEXICO CMX S A DE CV,MEXICO,MEX,5,3,0.8564,10,116114.67,cohesion_baja;
PAN-001860,G032286,FERIA INTERNACIONAL DE AZUERO Y/O YISELA CASTILLO CALZADO BO,PANAMA,PAN,3,3,0.8437,16,116062.0,cohesion_baja;
USA-011581,G056148,MACIELS IMPORTS LLC,ESTADOS UNIDOS,USA,9,5,0.8466,125,115944.91,cohesion_baja;
USA-019371,G091812,YOUR RED ROSES,ESTADOS UNIDOS,USA,12,5,0.8551,322,115816.63,cohesion_baja;
BOL-000520,G045698,INGENIO AZUCARERO GUABIRA SOCIEDAD ANONIMA I.A.G.S.A,BOLIVIA,BOL,4,3,0.8488,14,115812.6,cohesion_baja;
PAN-004885,G090491,WEIR MINERALS PANAMA SA,PANAMA,PAN,4,3,0.865,9,115573.96,cohesion_baja;
DOM-000278,G007695,ATLANTIC CARIBBEAN PACKAGING,REPUBLICA DOMINICANA,DOM,3,2,0.8454,7,115517.46,cohesion_baja;
BOL-000062,G006376,ARANDO INDUSTRIAL Y COMERCIAL (BOLIVIA) S.A.,BOLIVIA,BOL,3,2,0.8468,7,115309.0,cohesion_baja;
HKG-000421,G068502,P.H GARMENT MFG.CO LTDA,HONG KONG,HKG,3,3,0.8517,7,115290.63,cohesion_baja;
PRI-000074,G004471,"ALUWEST INDUSTRIES, INC.",PUERTO RICO,PRI,3,2,0.8595,10,114408.8,cohesion_baja;
ARE-000617,G056481,MAJID AL FUTTAIM LOGISTICS DWC,EMIRATOS ARABES UNIDOS,ARE,8,5,0.8456,59,114198.65,cohesion_baja;
RUS-000507,G060327,MILLION ROSE LTD,RUSIA,RUS,3,2,0.8412,16,113640.52,cohesion_baja;
TWN-000267,G090545,WEN XIN GHUND LTD,TAIWAN,TWN,2,2,0.8416,3,113511.2,cohesion_baja;
MYS-000020,G008749,BAKER HUGHES (M) SDN BHD,MALASIA,MYS,4,3,0.8429,6,113349.49,cohesion_baja;
GNQ-000004,G057927,MARTINEZ HERMANOS S.A. BATA,GUINEA ECUATORIAL,GNQ,2,2,0.8598,5,112968.5,cohesion_baja;
BOL-000000,G081760,CIA SUIZO BOLIVIANA SC. LTDA. COSUCRUZ,BOLIVIA,BOL,3,3,0.8491,6,112928.52,cohesion_baja;
BRA-000128,G004753,AMCOR FLEXIBLES DO BRASIL INDUSTRIA E COMERCIO DE EMBALAGENS,BRASIL,BRA,4,4,0.862,5,112895.46,cohesion_baja;
PRT-000138,G041400,HENRIQUE FIEL LOURENCO LDA,PORTUGAL,PRT,6,5,0.8554,115,112835.61,cohesion_baja;
GUY-000193,G058122,MASSY DISTRIBUTION,GUYANA,GUY,3,2,0.8491,16,111964.34,cohesion_baja;
USA-013395,G063276,NATURAL COLOMBIAN EMERALDS LLC,ESTADOS UNIDOS,USA,3,2,0.8578,11,111942.2,cohesion_baja;
DOM-000334,G009890,BELONA GROUP SRL,REPUBLICA DOMINICANA,DOM,4,4,0.8517,10,111708.41,cohesion_baja;
CHN-000925,G078496,SHANGHAI KAPIN ENTERPRISE LIMITED,CHINA,CHN,3,2,0.8655,5,111684.66,cohesion_baja;
HND-000735,G045684,"INGENIEROS CONSULTORES Y CONSTRUCTORES ELECTROMECANICOS, S.A",HONDURAS,HND,4,4,0.8657,5,111495.62,cohesion_baja;
GTM-001184,G043676,IMPERPRO SA - IMPERPRO SA,GUATEMALA,GTM,4,3,0.8565,28,111343.52,cohesion_baja;
CAN-000296,G010155,BERNARD ANDERSON WHOLESALE,CANADA,CAN,10,5,0.859,258,111219.46,cohesion_baja;
USA-010697,G054763,L.M. KANAAN IMPORTS & EXPORTS LIMITEDLIABILITY COMPANY,ESTADOS UNIDOS,USA,3,2,0.8541,4,110850.0,cohesion_baja;
PER-003497,G080669,SOUTHERN TECHNOLOGY GROUP PERU S.A.C,PERU,PER,3,2,0.8683,26,110594.09,cohesion_baja;
DOM-002572,G082762,SYNCRO LOGISTICS S.R.L.,REPUBLICA DOMINICANA,DOM,2,2,0.8428,4,109834.32,cohesion_baja;
USA-011583,G071735,QL C/O MACK WELDON,ESTADOS UNIDOS,USA,2,2,0.8489,8,109428.86,cohesion_baja;
TTO-000012,G001366,ADARE T&T,TRINIDAD Y TOBAGO,TTO,3,3,0.8636,7,109414.15,cohesion_baja;
CAN-001358,G050689,K9 CHEW SHACK INC,CANADA,CAN,4,2,0.8612,11,109297.49,cohesion_baja;
CRI-000152,G003750,ALIMENTOS JACKS DE CENTRO AMERICA S.A,COSTA RICA,CRI,5,3,0.8634,20,109135.8,cohesion_baja;
CAN-001707,G059028,Medtronic Canada ULC - 3PL,CANADA,CAN,3,2,0.8453,12,108659.6,cohesion_baja;
ECU-000490,G006948,ARPI BAEZ MICHELLE MAGDALENA,ECUADOR,ECU,3,3,0.8461,11,108505.52,cohesion_baja;
ABW-000341,G042857,HYATT REGENCY RESORT & CASINO,ARUBA,ABW,5,4,0.8642,16,108484.07,cohesion_baja;
USA-010799,G052982,Lake Church,ESTADOS UNIDOS,USA,2,2,0.8417,8,108259.91,cohesion_baja;
USA-011871,G057557,MARIN WHOLESALE FLORIST,ESTADOS UNIDOS,USA,7,3,0.8585,109,108205.5,cohesion_baja;
USA-015318,G073231,RELIABLE WINDOWS DOORS AND SHUTTERS LLC,ESTADOS UNIDOS,USA,4,4,0.8642,4,108128.17,cohesion_baja;
ARE-000732,G068331,PETAL PARADISE FLOWERS,EMIRATOS ARABES UNIDOS,ARE,8,4,0.8481,76,108098.31,cohesion_baja;
MEX-001503,G034129,FLUXAL SA DE CV,MEXICO,MEX,3,3,0.8528,4,107979.93,cohesion_baja;
PAN-000827,G015354,CENTRO AMERICA PACKING PRODUCTION SA,PANAMA,PAN,3,2,0.8686,32,107940.08,cohesion_baja;
CAN-001810,G065557,OLIVER LUCANUS/BELOW WATER,CANADA,CAN,9,5,0.8426,40,107877.12,cohesion_baja;
ECU-000499,G007074,ARTES GRAFICAS SENEFELDER C.A.,ECUADOR,ECU,3,3,0.8459,10,107707.8,cohesion_baja;
RUS-000718,G083010,TAJIK FLOWERS,RUSIA,RUS,6,2,0.8587,30,106466.8,cohesion_baja;
BRA-000946,G034657,FRANKLIN ELETRIC INDUSTRIA DE MOTOB OMBAS LTDA,BRASIL,BRA,3,3,0.8464,13,106306.81,cohesion_baja;
USA-018542,G088221,VALPARAISSOS FARMS LLC / TROPICAL ROSES,ESTADOS UNIDOS,USA,21,12,0.8462,394,105875.1,cohesion_baja;
ECU-000036,G000841,ABSORPELSA PAPELES ABSORVENTES S.A,ECUADOR,ECU,4,4,0.8414,24,105828.0,cohesion_baja;
CHN-000049,G008835,BAKER HUGHES TIANJIN OILFIELD EQUIPMENT LTD A DIV OF CENTRIL,CHINA,CHN,4,2,0.868,13,105610.48,cohesion_baja;
CRI-000626,G018405,COMERCIALIZADORA RIVEROS PEÑA Y ASOCIADOS S.A.,COSTA RICA,CRI,6,5,0.8423,76,105524.29,cohesion_baja;
BOL-000033,G003381,ALEJANDRO GABRIEL UGARTE  CAMARGO,BOLIVIA,BOL,4,4,0.8678,33,104938.32,cohesion_baja;
CRI-000547,G015935,CHAVES AVALOS KEMLY,COSTA RICA,CRI,4,3,0.8617,73,104853.73,cohesion_baja;
USA-018980,G090343,WAY OF LIFE CHURCH,ESTADOS UNIDOS,USA,2,2,0.8676,7,104682.58,cohesion_baja;
CRI-002847,G091139,WORLD FUEL SERVICES COMPANY LLC SUCURSAL COLOMBIA,COSTA RICA,CRI,3,2,0.8468,39,104662.14,cohesion_baja;
CRI-001425,G040501,HACIENDA JUAN VINAS,COSTA RICA,CRI,6,5,0.8452,10,104652.0,cohesion_baja;
ECU-006352,G085362,TOBAR SANCHEZ GEOVANNI PATRICIO,ECUADOR,ECU,4,3,0.8497,9,104313.08,cohesion_baja;
NIC-000240,G030507,EUREKA COMMODITIES SOCIEDAD ANÃ¿NIMA,NICARAGUA,NIC,2,2,0.8639,3,104018.0,cohesion_baja;
KAZ-000278,G028516,ELITE EXPORTS INC S.A Y/O CVETY OPTOM,KAZAJSTAN,KAZ,3,2,0.8482,42,103907.59,cohesion_baja;
USA-004668,G022208,DALSIMER ATLAS FLORAL & EVENT DECORATORS,ESTADOS UNIDOS,USA,3,2,0.866,114,103836.69,cohesion_baja;
USA-014676,G069727,PORTI FOODDS LLC,ESTADOS UNIDOS,USA,4,2,0.8573,85,103832.96,cohesion_baja;
CRI-001951,G058041,MARYFER DE COSTA RICA S.A.,COSTA RICA,CRI,3,3,0.8694,64,103780.21,cohesion_baja;
POL-000419,G091961,Zaklad Ogrodniczy Muszynski,POLONIA,POL,3,3,0.8492,37,103753.5,cohesion_baja;
USA-010494,G051525,Kings Wholesale Flowers CO.,ESTADOS UNIDOS,USA,14,9,0.8421,121,103705.49,cohesion_baja;
ECU-003390,G044913,INDUSTRIA DE LICORES  ECUATORIANOS LICOREC,ECUADOR,ECU,4,4,0.8441,5,103588.38,cohesion_baja;
NCL-000002,G025809,DOUANE AGENCE,NUEVA CALEDONIA,NCL,3,2,0.861,13,103237.25,cohesion_baja;
VEN-001561,G032543,FERRETODO COMPAÑÍA ANONIMA,VENEZUELA,VEN,2,2,0.8456,3,103220.67,cohesion_baja;
CHL-000309,G012059,BRENNTAG CHILE COMERCIAL E INDUSTR.,CHILE,CHL,2,2,0.8632,4,103041.5,cohesion_baja;
ECU-002340,G030326,ESTRADA DOMINGUEZ MARTHA CRISTINA,ECUADOR,ECU,3,3,0.847,27,102824.06,cohesion_baja;
FRA-000676,G064674,NOUVELLE SOCIETE FLORASTOUR,FRANCIA,FRA,3,2,0.854,53,102791.81,cohesion_baja;
USA-000807,G003686,ALIKHAN TROPICAL FISH,ESTADOS UNIDOS,USA,5,3,0.8663,36,102774.3,cohesion_baja;
USA-002301,G011746,BOT ODESSA A DIV OF BH OILFIELD OPERATIONS INC,ESTADOS UNIDOS,USA,4,3,0.8454,8,102429.73,cohesion_baja;
QAT-000072,G033826,FLOWARD ALDOHA TRADING // WAFEX PTY LTD,QATAR,QAT,7,5,0.8502,198,101956.92,cohesion_baja;
USA-002314,G010507,BIFLORICA MARKETPLACE CORP,ESTADOS UNIDOS,USA,9,4,0.8655,196,101779.33,cohesion_baja;
USA-008962,G042957,HYPERACTIVE FARMS INC,ESTADOS UNIDOS,USA,8,5,0.8453,125,101761.55,cohesion_baja;
PRY-000003,G000768,ABEL ADRIAN LOPEZ BARREIRO,PARAGUAY,PRY,3,3,0.8608,7,101649.75,cohesion_baja;
NLD-000017,G017611,COLOUR RUSH BV,PAISES BAJOS,NLD,5,5,0.8652,67,101559.17,cohesion_baja;
SAU-000328,G074339,RKN JASMINE FLOWERS & GREENA FLOWERS,ARABIA SAUDITA,SAU,9,6,0.8484,183,101183.97,cohesion_baja;
USA-005929,G029378,ENGIE FLOWERS,ESTADOS UNIDOS,USA,8,4,0.8657,143,100996.26,cohesion_baja;
USA-007247,G035359,FRUTISIMA SUPERFOOD HUB LLC,ESTADOS UNIDOS,USA,3,2,0.8538,21,100647.79,cohesion_baja;
MEX-002825,G063304,NATURAL LOVE S.A. DE C.V.,MEXICO,MEX,5,4,0.8485,13,100554.76,cohesion_baja;
CAN-001106,G040950,HATCH COFFEE ROASTERS,CANADA,CAN,4,3,0.8443,13,100189.7,cohesion_baja;
SGP-000218,G081027,ST ENGINEERING LAND MRO & SERVICES PTE LTD,SINGAPUR,SGP,3,3,0.8544,27,100167.4,cohesion_baja;
GBR-000165,G012287,BROWNS SOUTH MOLTON STREET LTD,REINO UNIDO,GBR,3,3,0.8649,18,99982.98999999999,cohesion_baja;
PAN-000199,G003197,Alberto Douer Mishaan,PANAMA,PAN,3,2,0.8476,7,99628.04000000001,cohesion_baja;
CAN-000772,G028209,ELITE EXPORT INC S.A.Y/O CAMBRIAN FLOWERS,CANADA,CAN,10,5,0.8451,138,99597.62999999999,cohesion_baja;
CAN-001585,G057808,MARSOLAIS ENTERPRISES INC,CANADA,CAN,5,5,0.8439,96,99454.94,cohesion_baja;
BOL-000151,G014118,CARLOS  ARTURO JIMENEZ PONANSKY,BOLIVIA,BOL,2,2,0.8564,16,99293.0,cohesion_baja;
THA-000221,G084287,THAI SUN SEA TRADING LIMITEDPARTNERSHIP // KROHNE ORNAMENTAL,TAILANDIA,THA,5,4,0.8605,19,99200.45999999999,cohesion_baja;
VEN-003748,G086141,TRANSDIS PARTS C.A.,VENEZUELA,VEN,2,2,0.8403,3,98697.89,cohesion_baja;
ECU-005441,G072557,RAMOS SANTACRUZ JIMMY,ECUADOR,ECU,4,4,0.8603,91,98356.23999999999,cohesion_baja;
CHN-000386,G040024,"GUANGZHOU WANCHENG AQUATIC TECHNOLOGY CO., LTD",CHINA,CHN,3,3,0.852,12,98166.7,cohesion_baja;
USA-019351,G091721,YNAP CORPORATION DC2,ESTADOS UNIDOS,USA,3,2,0.8414,15,98105.5,cohesion_baja;
KAZ-000527,G047584,IP TITIOV M.A - ALLIANCE FLOWERS,KAZAJSTAN,KAZ,5,3,0.8539,87,98021.75,cohesion_baja;
PAN-002590,G045841,"INMOBILARIA DON ANTONIO, SA",PANAMA,PAN,4,3,0.8407,17,97846.35,cohesion_baja;
CHL-002932,G089887,VOIP SIN FRONTERAS TELECOMUNICACIONES E.I.R.L,CHILE,CHL,2,2,0.8686,14,97841.75,cohesion_baja;
NGA-000086,G077163,SCHLUMBERGER NIGERIA LIMITED,NIGERIA,NGA,3,3,0.8554,5,97819.73999999999,cohesion_baja;
CHL-000119,G003739,ALIMENTOS FRUNA LTDA,CHILE,CHL,3,2,0.8578,8,97765.37,cohesion_baja;
ARG-001124,G083209,TASSAROLI SA ARGENTINA,ARGENTINA,ARG,4,3,0.8524,5,97697.94,cohesion_baja;
CRI-000147,G003671,ALICIA CHAVARRIA VILLALOBOS,COSTA RICA,CRI,2,2,0.8661,2,97654.86,cohesion_baja;
USA-016418,G078809,SHOPBOP,ESTADOS UNIDOS,USA,4,3,0.846,22,97616.62,cohesion_baja;
POL-000141,G033451,FLORAMAR KAROLINA PUCHALA,POLONIA,POL,4,3,0.8493,71,97601.25,cohesion_baja;
USA-015912,G075939,SAHAR GROUP LLC,ESTADOS UNIDOS,USA,4,3,0.8615,8,97509.16,cohesion_baja;
HND-001356,G086761,"TUBELITE CENTROAMERICA, S.A.",HONDURAS,HND,4,3,0.8499,74,97386.48000000001,cohesion_baja;
USA-010651,G055336,"L & S SHRINK SYSTEMS INC. // INTERCOS AMERICA, INC.",ESTADOS UNIDOS,USA,7,3,0.8493,39,97302.95,cohesion_baja;
PER-002749,G065251,OCHO SUR P. SAC,PERU,PER,5,4,0.8405,24,97245.4,cohesion_baja;
DEU-000200,G011253,BLUETENPRACHT Frischblumen GmbH,ALEMANIA,DEU,5,4,0.8492,79,97230.79000000001,cohesion_baja;
CUB-000225,G029079,EMPRESA MIXTA RON SANTIAGO SA,CUBA,CUB,2,2,0.8472,12,97168.44,cohesion_baja;
CUW-000115,G012892,CAFE BRITT CURACAO NV // Distribuidora Internacional Global,CURAZAO,CUW,6,5,0.8635,9,96694.01,cohesion_baja;
FRA-000587,G055843,LUNEAU TECHNOLOGY OPERATIONS,FRANCIA,FRA,5,3,0.8493,9,96670.17,cohesion_baja;
CUW-000065,G005555,AÑEZ CONSTRUTION AND COATING PANAMERICAN B V,CURAZAO,CUW,3,3,0.8533,28,96542.38,cohesion_baja;
USA-012085,G058378,MAUMEE VALLEY WHOLESALE..,ESTADOS UNIDOS,USA,11,7,0.8591,65,96345.08,cohesion_baja;
USA-009908,G049372,JMM FLOWERS LLC,ESTADOS UNIDOS,USA,6,4,0.8487,192,96299.99,cohesion_baja;
USA-012647,G061087,MONDELEZ DE MEXICO S DE RL DE CV,ESTADOS UNIDOS,USA,2,2,0.8445,3,96297.70999999999,cohesion_baja;
SAU-000085,G065323,BRANCH OF WEATHERFORD ENERGY SERVICES,ARABIA SAUDITA,SAU,3,2,0.8551,8,96004.73999999999,cohesion_baja;
CHN-000570,G052108,KUNMING BRIGHTEN FLORICULTURE CO LTD,CHINA,CHN,9,7,0.8401,45,95853.61,cohesion_baja;
CUW-000101,G012410,BUDGET MARINE BONAIRE N.V,CURAZAO,CUW,3,3,0.86,5,95792.0,cohesion_baja;
ARE-000516,G046600,INTERNATIONAL SUPER FRUITS- SOLE PROPIETORSHIP LLC,EMIRATOS ARABES UNIDOS,ARE,6,3,0.8584,111,95486.82,cohesion_baja;
USA-017433,G084012,TERRA FLOWERS LLC.,ESTADOS UNIDOS,USA,6,4,0.8439,29,95394.97,cohesion_baja;
GBR-000091,G007372,ASI SOLUTIONS LTD,REINO UNIDO,GBR,4,2,0.8601,7,94876.0,cohesion_baja;
CUB-000550,G085548,TOP SPORT HOLDING LIMITED,CUBA,CUB,3,3,0.8472,5,94813.44,cohesion_baja;
USA-012459,G060043,"MICHAL EVANS DESIGNS, INC.",ESTADOS UNIDOS,USA,9,6,0.8631,144,94612.28,cohesion_baja;
ESP-001532,G062339,MULTIFLORA CORP - ESPAÑA // GRADYFLOR ESPAÑA S.A,ESPANA,ESP,3,3,0.8415,8,94042.8,cohesion_baja;
PHL-000088,G071777,QUALFON  PHILIPHINES INC.,FILIPINAS,PHL,2,2,0.8548,15,93793.0,cohesion_baja;
BHS-000079,G038676,GRAND BAHAMA TILES LTD.,BAHAMAS,BHS,3,2,0.8676,96,93786.42000000001,cohesion_baja;
MEX-000027,G000655,ABA MÉXICO S. DE R.L DE C.V,MEXICO,MEX,3,3,0.8679,8,93671.25,cohesion_baja;
ITA-000937,G083156,Tapistelar di Giovina Carabba Tettamanti,ITALIA,ITA,5,4,0.8688,33,93472.67,cohesion_baja;
USA-009224,G045731,INGENIOUS IMPORTS INC,ESTADOS UNIDOS,USA,4,2,0.8559,13,93399.34,cohesion_baja;
ABW-000235,G028653,ELSA.S FLOWERS SHOP ROBERT,ARUBA,ABW,5,4,0.8558,465,92964.48999999999,cohesion_baja;
RUS-000516,G060866,MODESTO GROUP,RUSIA,RUS,5,4,0.8576,77,92509.20999999999,cohesion_baja;
USA-016887,G081327,STEMLINE WHOLESALE INC,ESTADOS UNIDOS,USA,5,5,0.8556,50,92458.28,cohesion_baja;
KAZ-000900,G086731,TSVETOCHNY EXPRESS LOGISTIC,KAZAJSTAN,KAZ,6,4,0.8699,50,92377.57,cohesion_baja;
ECU-003294,G044403,IMPORTADORA Y COMISARIATOS PAÑORA IMPCOPAÑORA CIA LTDA,ECUADOR,ECU,2,2,0.8601,5,92277.32,cohesion_baja;
ECU-002561,G033477,FLORASINTESIS FRAGANCIAS Y AROMAS CIA LTDA.,ECUADOR,ECU,7,5,0.8617,32,92250.23,cohesion_baja;
DOM-002245,G069659,PONTIFICIA UNIVERSIDAD CATOLICA MADRE MAESTRA SANTIAGO DE LO,REPUBLICA DOMINICANA,DOM,3,3,0.8562,4,92250.0,cohesion_baja;
CRI-002407,G074365,RMR MAQUINARIA Y ADITAMIENTOS S.A.,COSTA RICA,CRI,3,2,0.8595,22,92157.85,cohesion_baja;
VEN-003789,G087383,UNION VIDRIERA C.A. UNVICA,VENEZUELA,VEN,4,2,0.8527,13,92136.71,cohesion_baja;
MEX-002305,G051180,KENDALL DE MEXICO SA DE CV,MEXICO,MEX,5,3,0.8631,6,92123.53,cohesion_baja;
PER-002451,G056873,MANUFACTURAS Y ENVASADOS DEL PACIFICO,PERU,PER,4,3,0.8444,5,92106.87,cohesion_baja;
CHL-000818,G022283,Danfoss Industrias Ltda,CHILE,CHL,5,4,0.8408,27,91845.92,cohesion_baja;
ECU-002348,G030362,ESTRUCTURAS DE ALUMINIO S.A ESTRUSA,ECUADOR,ECU,4,4,0.8601,23,91706.55,cohesion_baja;
USA-005553,G026765,ECKER WINDOWS CORP,ESTADOS UNIDOS,USA,9,5,0.8403,42,91369.35,cohesion_baja;
ECU-001071,G057343,MARIA EDILMA CASTILLO JIMENEZ,ECUADOR,ECU,3,2,0.8425,17,91263.40000000001,cohesion_baja;
ECU-003232,G044081,IMPORTADORA CAMBEST SAS,ECUADOR,ECU,3,2,0.863,111,91249.4,cohesion_baja;
PRY-000162,G067372,PARCERISA ANTONELLI FRANCISCO JAVIER,PARAGUAY,PRY,4,2,0.8447,10,91045.0,cohesion_baja;
PER-000151,G003575,ALFRAN PER? SAC,PERU,PER,2,2,0.8636,5,90958.26999999999,cohesion_baja;
QAT-000042,G016053,CHERRY BEANS CAFE & ROASTERY,QATAR,QAT,4,4,0.8514,4,90837.8,cohesion_baja;
KOR-000667,G078741,SHINHAN KOREA CO. LTD,COREA DEL SUR,KOR,4,3,0.8499,21,90712.19,cohesion_baja;
MEX-002185,G048289,JAE MG SA DE CV,MEXICO,MEX,3,2,0.8477,35,90659.4,cohesion_baja;
USA-016772,G080797,SPECIALTY BOX,ESTADOS UNIDOS,USA,2,2,0.8605,4,90452.20000000001,cohesion_baja;
ESP-000180,G005049,AMOR PERFECTO ESPAÑA S.L,ESPANA,ESP,4,3,0.8447,36,90250.66,cohesion_baja;
TWN-000125,G042623,HSIEH HSIU-TIEN,TAIWAN,TWN,7,4,0.8461,27,90243.01,cohesion_baja;
KWT-000079,G035030,FRESH FRUITS COMPANY FOR WHOLESALE OF VEGETABLES AND FRUITS,KUWAIT,KWT,5,3,0.8485,82,90168.33,cohesion_baja;
CRI-001678,G047411,INVERSIONES Y REPRESENTACIONES SAYMO DOS MIL OCHO SA,COSTA RICA,CRI,3,2,0.8508,3,89243.48000000001,cohesion_baja;
USA-012114,G058490,MAXIM SURAMETICA SAS -BLATIMORE,ESTADOS UNIDOS,USA,2,2,0.8579,4,89223.69,cohesion_baja;
USA-007882,G037560,GLOBAL DESIGN SOLUTIONS,ESTADOS UNIDOS,USA,3,3,0.863,8,89141.0,cohesion_baja;
CAN-001279,G049139,JHON G HOFLAND LTDA,CANADA,CAN,6,3,0.8446,69,88466.11,cohesion_baja;
DOM-002756,G089802,VIVERO PUERTO DEL TARRO - ARMONIA Y PAZ SRL,REPUBLICA DOMINICANA,DOM,3,3,0.8492,26,88404.46,cohesion_baja;
USA-012610,G060837,MODCUP COFFEE CO.,ESTADOS UNIDOS,USA,7,4,0.8692,15,88156.56,cohesion_baja;
VEN-002294,G047146,"INVERSIONES MANUEL LOZANO, C.A",VENEZUELA,VEN,3,2,0.8631,32,87992.51000000001,cohesion_baja;
KWT-000122,G058810,MEADOWS FLOWERS AND PLANTS COMPANY,KUWAIT,KWT,6,6,0.8432,51,87963.95,cohesion_baja;
HND-001177,G073574,"REPUESTOS Y ACCESORIOS CARRASCO, S. DE R.L.",HONDURAS,HND,3,3,0.8469,10,87598.8,cohesion_baja;
USA-016339,G078339,SEY COFFEE,ESTADOS UNIDOS,USA,3,2,0.8673,8,87296.0,cohesion_baja;
CZE-000062,G033495,FLORCENTRUM FOLTYNOVA S.R.O.,CHEQUIA,CZE,7,5,0.8547,50,87033.34,cohesion_baja;
CRI-000725,G002114,COOPERATIVA AGRICOLA INDUSTRIAL Y SERVICIOS MULTIPLES EL GEN,COSTA RICA,CRI,6,6,0.8408,8,87014.33,cohesion_baja;
IND-000616,G090427,WEATHERFORD OIL TOOL MIDDLE EAST LTD,INDIA,IND,3,2,0.852,18,86928.02,cohesion_baja;
ECU-004697,G062875,NADIA MARITZA ILLEZCAS RODRIGUEZ,ECUADOR,ECU,3,2,0.8634,11,86800.1,cohesion_baja;
PAN-001680,G029391,"ENGINEERING TECH SUPPLIES ,SA",PANAMA,PAN,4,4,0.8492,17,86770.31,cohesion_baja;
ESP-000442,G011100,BLOOMING EXPERIENCE S.L.,ESPANA,ESP,6,6,0.8475,48,86539.75,cohesion_baja;
PRI-000446,G028279,ELITE EXPORT INC SA Y/O CURUBA CORP..,PUERTO RICO,PRI,6,5,0.8605,328,86232.92,cohesion_baja;
ESP-000206,G005612,ANGELA MARIA CARVAJAL ROMERO,ESPANA,ESP,4,3,0.8464,212,86050.49,cohesion_baja;
USA-018812,G089670,VISTAFLOR E-COMMERCE USA LLC  /   GLOBALROSE.COM LLC,ESTADOS UNIDOS,USA,4,3,0.8603,31,85274.31,cohesion_baja;
PAN-002429,G043341,IGLESIA CATOLICA ARQUIDIOCESIS DE PANAMA,PANAMA,PAN,10,7,0.8472,21,85063.89,cohesion_baja;
MEX-000192,G004245,ALPHA C SA DE CV,MEXICO,MEX,4,3,0.8408,7,84930.0,cohesion_baja;
NLD-001289,G048545,JARATHANA INTERNATIONAL FLS,PAISES BAJOS,NLD,4,2,0.8558,30,84926.35,cohesion_baja;
GTM-001192,G043962,"IMPORTACIONES, PORTABLES Y EQUIPOS MDF, SOCIEDAD ANONIMA",GUATEMALA,GTM,3,3,0.8608,12,84644.17,cohesion_baja;
CHL-000312,G012217,BRITT CHILE LTDA // DISTRIBUIDORA INTERNACIONAL GLOBAL SA,CHILE,CHL,4,3,0.8589,44,84508.03,cohesion_baja;
CAN-000921,G033749,FLORISTS SUPPLY WINNIPEG,CANADA,CAN,23,13,0.8407,233,84483.49,cohesion_baja;
ECU-004886,G066100,ORIENTAL INDUSTRIA ALIMENTICIA O.I.A SA,ECUADOR,ECU,2,2,0.855,2,84266.72,cohesion_baja;
ECU-005487,G073109,REFRIGERACION Y COMERCIO DEL ECUADOR,ECUADOR,ECU,2,2,0.8543,32,84034.64,cohesion_baja;
USA-000198,G000493,A CHRISTIAN GLASS & MIRROR COMPANY,ESTADOS UNIDOS,USA,3,2,0.8509,10,83994.87,cohesion_baja;
CRI-000181,G004538,ALVARO ENRIQUE RUIZ SALAS,COSTA RICA,CRI,5,3,0.8404,13,83963.19,cohesion_baja;
CUW-000640,G091139,WORLD FUEL SERVICES COMPANY LLC SUCURSAL COLOMBIA,CURAZAO,CUW,3,2,0.8468,65,83932.68,cohesion_baja;
USA-002714,G012165,BRIGTHLAND FLORAL DISTRIBUTORS,ESTADOS UNIDOS,USA,3,2,0.8475,49,83786.29,cohesion_baja;
ECU-001927,G025259,DISTRIBUIDORA YUMAN SA,ECUADOR,ECU,4,3,0.8573,17,83710.23,cohesion_baja;
CHL-000042,G001245,ACUICULTURA JONATHAN ANDRES ALBALLAY,CHILE,CHL,12,8,0.8475,45,83484.65000000001,cohesion_baja;
ECU-004317,G057642,MARITZA ELIZABETH HUERTAS GARZON,ECUADOR,ECU,3,2,0.8577,33,82667.75,cohesion_baja;
USA-017032,G082038,SUNFLOWERS FARMS DISTRIBUTORS,ESTADOS UNIDOS,USA,12,6,0.8486,92,82208.85,cohesion_baja;
VEN-003248,G072761,RC GROUP SINCE 1998,VENEZUELA,VEN,2,2,0.8567,10,81914.0,cohesion_baja;
PRI-000829,G054942,"LOLA RUN LIKE A LOLA, INC",PUERTO RICO,PRI,3,3,0.8534,8,81668.5,cohesion_baja;
ESP-001784,G047645,IRATI FLORAL SL,ESPANA,ESP,4,2,0.8447,38,81637.64,cohesion_baja;
PAN-000361,G006511,ARCHROMA (PANAMA) S. DE R.L,PANAMA,PAN,3,3,0.8509,7,81592.54,cohesion_baja;
PER-001085,G025286,DISTRIBUTORS BEAUTY PROFESSIONAL SAC_DIBEAUTY PROF.SAC,PERU,PER,3,2,0.8669,13,81536.45999999999,cohesion_baja;
ECU-001665,G021728,CUEVA VILLAVICENCIO MILENNE ROSARIO,ECUADOR,ECU,6,4,0.8461,32,81324.08,cohesion_baja;
DOM-002706,G087606,UNIVERSIDAD AUTONOMA DE SANTO DOMINGO ENTIDAD EXTRANJERA,REPUBLICA DOMINICANA,DOM,2,2,0.8579,4,81210.0,cohesion_baja;
PER-000466,G012307,BRUNELA MARIANI SECADA,PERU,PER,6,3,0.8669,133,81192.53,cohesion_baja;
DOM-001352,G040851,HARMONY FOOD SOLUTIONS INC,REPUBLICA DOMINICANA,DOM,2,2,0.8561,4,81117.74,cohesion_baja;
VEN-000586,G022822,CIA. DE ALIMENTOS LAT. DE VZLA,VENEZUELA,VEN,5,3,0.8565,18,80820.0,cohesion_baja;
USA-016755,G080745,SPAZIALE  DESIGN,ESTADOS UNIDOS,USA,2,2,0.845,5,80730.0,cohesion_baja;
PAN-002799,G048583,JAS WORLDWIDE PANAMA S.A,PANAMA,PAN,3,3,0.8553,15,80711.59999999999,cohesion_baja;
HKG-000121,G022163,DAIYU TRADING LIMITED,HONG KONG,HKG,2,2,0.8587,7,80629.99,cohesion_baja;
KAZ-000846,G084498,THE FARM DIRECT COMPANY // TOO LUX FLOWERS,KAZAJSTAN,KAZ,5,4,0.8485,18,80550.09,cohesion_baja;
GTM-001669,G060531,MIRIAM YOLANDA LEMUS ROQUE,GUATEMALA,GTM,4,3,0.858,118,80112.17,cohesion_baja;
GTM-000328,G012656,BYM SA / ANABELLA MORALES,GUATEMALA,GTM,13,12,0.8554,201,79953.8,cohesion_baja;
KOR-000453,G050815,KALTSTART LOGISTICS CO LTD,COREA DEL SUR,KOR,10,8,0.8473,32,79857.99,cohesion_baja;
GTM-000882,G031269,FABIOLA OLIMPIA COJULUN SANCHEZ,GUATEMALA,GTM,3,2,0.8586,19,79729.28,cohesion_baja;
PRI-000413,G026901,ECONOMIC Y BUSINESS DEVELOPMENT,PUERTO RICO,PRI,3,3,0.8402,3,79699.45,cohesion_baja;
ARE-000368,G033408,FLORAL MARKET FLOWER AND ORNAMENTAL PLANTS TRADING LLC,EMIRATOS ARABES UNIDOS,ARE,6,6,0.8521,49,79655.0,cohesion_baja;
ECU-000762,G010803,BIOVERSA SAS,ECUADOR,ECU,3,3,0.8406,26,79527.32999999999,cohesion_baja;
BRA-001698,G064700,NOV WELLBORE TECHNOLOGIES DO BRASIL,BRASIL,BRA,3,2,0.8428,14,79183.17,cohesion_baja;
IND-000458,G075526,RUDRA INTERNTIONAL,INDIA,IND,2,2,0.8452,5,79117.64,cohesion_baja;
KWT-000034,G007836,August Töpfer Zuckerhandelsgesellschaft mbH & Co,KUWAIT,KWT,4,4,0.8528,5,79092.0,cohesion_baja;
CAN-001059,G038792,GREAT LAKES GREENHOUSES INC,CANADA,CAN,6,5,0.8454,14,78051.59,cohesion_baja;
BEL-000778,G085185,TITBIT S.R.O.,BELGICA,BEL,6,4,0.8419,21,78005.14,cohesion_baja;
CHN-000269,G034469,"FOSHAN DIAO IMPORT AND EXPORT TRADING CO,. LTD // KROHNE ORN",CHINA,CHN,3,3,0.8518,6,77856.65,cohesion_baja;
USA-018001,G086458,"TRIPLE S INTERNATIONAL, INC.",ESTADOS UNIDOS,USA,2,2,0.8672,4,77503.88,cohesion_baja;
CRI-001516,G043985,IMPORTACIONES Y DISTRIBUCION J Y S,COSTA RICA,CRI,6,6,0.852,24,77445.43,cohesion_baja;
USA-011176,G054543,LION GROUP INC,ESTADOS UNIDOS,USA,4,3,0.8526,26,77290.0,cohesion_baja;
HKG-000377,G060011,MICHAEL KORS LIMITED (HK),HONG KONG,HKG,4,4,0.8694,34,76937.07999999999,cohesion_baja;
USA-017822,G085559,TOP VALUE DISTRIBUORS LLC,ESTADOS UNIDOS,USA,4,3,0.8447,8,76899.6,cohesion_baja;
ABW-000598,G081400,STICHTING FUNDACION LOTTO PA DEPORTE,ARUBA,ABW,2,2,0.8467,7,76887.18,cohesion_baja;
SINNOMBRE-000055,SINNOMBRE-000055,"NAN, INC",ESTADOS UNIDOS,USA,1,1,1.0,1,76786.96,sin_nombre_utilizable;
ARG-000607,G046164,INSUMOS Y SERVICIOS INDUSTRIALES S.A,ARGENTINA,ARG,2,2,0.8575,2,76608.0,cohesion_baja;
ECU-004558,G061014,MOLINO ROJAS MOLINARO CIA LTD,ECUADOR,ECU,5,5,0.848,13,76511.81,cohesion_baja;
ECU-001335,G018274,COMERCIALIZADORA ITALY COSMETIC,ECUADOR,ECU,3,3,0.8519,9,76065.33,cohesion_baja;
ECU-002196,G028055,ELECTRONICA SIGLO XXI ELECTROSIGLO,ECUADOR,ECU,2,2,0.8699,3,75967.23999999999,cohesion_baja;
CRI-000488,G014303,CAROLINA JIMENEZ,COSTA RICA,CRI,2,2,0.858,202,75926.65,cohesion_baja;
USA-013455,G063566,NEIMAN MARCUS OR BERGDORF GOODMAN,ESTADOS UNIDOS,USA,3,3,0.8449,21,75775.98999999999,cohesion_baja;
USA-002070,G009442,BAXTER EXPORT CORPORATION,ESTADOS UNIDOS,USA,2,2,0.8645,6,75682.65,cohesion_baja;
USA-002773,G012416,BUDS FLORAL IMPORTER AND DISTRIBUTORS,ESTADOS UNIDOS,USA,4,2,0.863,45,75484.71,cohesion_baja;
CRI-000881,G023588,"DESARROLLOS CULTURALES COSTARRICENSES D.C.C, S.A.",COSTA RICA,CRI,7,6,0.861,18,75341.45,cohesion_baja;
AUS-000059,G008357,AVZO INVESTMENT OTY LTD,AUSTRALIA,AUS,2,2,0.8611,6,75285.02,cohesion_baja;
CRI-001872,G054924,Loh Medical Costa Rica S. R. L.,COSTA RICA,CRI,3,3,0.8538,5,75254.31,cohesion_baja;
TUR-000141,G033178,FLEURANTALYA SUS BITKISI URETIM VEPAZARLAMA AS Y/O SELECTA C,TURQUIA,TUR,4,3,0.8402,16,75161.76,cohesion_baja;
PER-003542,G082398,SUPERMERCADOS PERUENOS S.A. O SPSA,PERU,PER,3,2,0.8544,13,74950.0,cohesion_baja;
THA-000184,G074040,RICOVA INTERNATIONAL INC,TAILANDIA,THA,3,3,0.8607,14,74815.08,cohesion_baja;
ECU-001928,G025269,DISTRIBUIDORE IND NAL CIA LTDA,ECUADOR,ECU,4,3,0.8577,31,74772.92000000001,cohesion_baja;
PRI-000840,G055595,LUIS COLAS GONZALEZ,PUERTO RICO,PRI,4,3,0.8692,35,74672.75,cohesion_baja;
HKG-000408,G064149,NICOLE INVERSTMENT HK CO,HONG KONG,HKG,4,2,0.8626,8,74659.0,cohesion_baja;
CRI-002500,G077840,SERANEST PHARMA SOCI,COSTA RICA,CRI,4,2,0.8502,12,74568.0,cohesion_baja;
ECU-000319,G004487,ALVARADO MONCAYO JAIME BERNARDO,ECUADOR,ECU,3,2,0.8444,13,74355.64,cohesion_baja;
KAZ-000823,G083010,TAJIK FLOWERS,KAZAJSTAN,KAZ,6,5,0.8587,27,74086.23999999999,cohesion_baja;
GBR-000441,G033403,FLORAL INVOICE SERVICES BV,REINO UNIDO,GBR,7,6,0.8585,9,73570.3,cohesion_baja;
PAN-004363,G078108,SERVICIOS EN ELECTRÓNICA INDUSTRIAL SA SEISA,PANAMA,PAN,2,2,0.8538,8,73223.04000000001,cohesion_baja;
CRI-000768,G020556,CORPORACION FFJ SOCIEDAD DE RESPONSABILIDAD LIMITADA,COSTA RICA,CRI,3,2,0.8407,9,73128.43,cohesion_baja;
USA-018594,G088479,Vases & Bows LLC DBA Floral Concepts,ESTADOS UNIDOS,USA,8,8,0.8583,95,72838.98,cohesion_baja;
PAN-002483,G044262,IMPORTADORA MADURO / W BRAND (BVI) INC,PANAMA,PAN,4,3,0.8614,117,72672.79,cohesion_baja;
GTM-001127,G041202,HEIDY DANEA SOBVIO DE ARRAIGA,GUATEMALA,GTM,4,4,0.8499,104,72636.53,cohesion_baja;
PER-001203,G072439,RAMIREZ BENITES ELIZABETH VICTORIA,PERU,PER,3,2,0.843,7,72565.86,cohesion_baja;
VEN-003300,G073497,REPRESENTANTE DE LA OPS/OMS EN VENEZUELA,VENEZUELA,VEN,3,2,0.8585,45,72263.81000000001,cohesion_baja;
NZL-000037,G028546,ELITE EXPORTS INC S A Y/O NEW ZEALAND BLOOM LTD,NUEVA ZELANDA,NZL,4,3,0.8519,107,71933.84,cohesion_baja;
PER-003417,G079415,SISTEMAS ANALITICOS SRL,PERU,PER,3,3,0.8699,4,71796.0,cohesion_baja;
TWN-000230,G082978,TAI ZU AQUARIUM CO LTDA,TAIWAN,TWN,6,2,0.8485,19,71026.98,cohesion_baja;
CRI-000117,G002616,AGUILAR PEREZ STEVEN,COSTA RICA,CRI,5,5,0.8508,11,70895.0,cohesion_baja;
PER-003683,G085162,TITADSU SAC PERU,PERU,PER,9,5,0.8481,14,70880.98,cohesion_baja;
MEX-001020,G021633,CTL MEXICO LANDING. S DE RL,MEXICO,MEX,2,2,0.8411,3,70836.75,cohesion_baja;
KAZ-000486,G047545,IP KULISHENKO A.M,KAZAJSTAN,KAZ,8,6,0.8446,62,70831.83,cohesion_baja;
ESP-001750,G045808,INICIATIVAS EL CHAPARRAL 2005 SOCIEDAD LIMITADA,ESPANA,ESP,3,2,0.843,21,70748.0,cohesion_baja;
BEL-000464,G048457,Jan De Nul NV,BELGICA,BEL,3,3,0.8678,16,70717.81,cohesion_baja;
CRI-002728,G085758,TORUÑO GARCIA RONALD ANTONIO,COSTA RICA,CRI,4,3,0.8597,36,70670.77,cohesion_baja;
ESP-000102,G002751,AIRBUS DEFENSE & SPACE,ESPANA,ESP,2,2,0.8607,2,70659.13,cohesion_baja;
PER-002015,G046103,INSTITUTO QUIMIOTERAPICO S.A.,PERU,PER,5,3,0.8695,14,70537.47,cohesion_baja;
PAN-000578,G010209,BERTECH PANAMÁ S.A,PANAMA,PAN,6,4,0.8677,10,70523.08,cohesion_baja;
USA-011729,G056912,MAP STUDIO LLC,ESTADOS UNIDOS,USA,2,2,0.8419,35,70407.14,cohesion_baja;
PAN-001878,G032821,FILM STRETCH PANAMA SA (STRETCH),PANAMA,PAN,3,2,0.8589,5,70363.5,cohesion_baja;
DOM-001052,G031433,FAGUA FLOWERS INTERNATIONAL LLC // JARDIN FLORES EXOTICAS DE,REPUBLICA DOMINICANA,DOM,13,10,0.8674,31,70321.2,cohesion_baja;
USA-006973,G033997,FLOWERS AND CANDLES HRC,ESTADOS UNIDOS,USA,4,2,0.8544,27,70123.36,cohesion_baja;
ECU-003909,G052306,LA CASA DEL CABLE SA CASACAB,ECUADOR,ECU,2,2,0.8536,9,69939.09,cohesion_baja;
SLV-000682,G046814,INVERSIONES ACAXUAL SOCIEDAD ANONIMA DE CAPITAL VARIABLE,EL SALVADOR,SLV,2,2,0.8516,3,69395.53,cohesion_baja;
GTM-001812,G066342,"OSCAR GRAJEDA, LUCIA PUAC (COPROPIEDAD)",GUATEMALA,GTM,4,3,0.8613,24,69327.12,cohesion_baja;
PAN-003756,G067109,PANAME?A DE HELADOS SA-,PANAMA,PAN,6,6,0.8669,19,69319.18,cohesion_baja;
CHL-002690,G058933,SOCIEDAD MEDICO QUIRURGICA ZULLEYMAN S.P.A,CHILE,CHL,3,2,0.8496,4,69308.20000000001,cohesion_baja;
MEX-002462,G055115,LORA HERNANDEZ HENRI,MEXICO,MEX,2,2,0.8541,4,69167.95,cohesion_baja;
KAZ-000335,G033342,FLORA TRUCK ¿ TRUCK ARTARUS,KAZAJSTAN,KAZ,7,6,0.8613,27,69130.11,cohesion_baja;
CHL-001807,G051759,KOMATSU HOLDING SOUTH AMERICA LTDA,CHILE,CHL,2,2,0.8645,38,69030.88,cohesion_baja;
POL-000128,G030301,ESTETIC JULIA WOLSKA,POLONIA,POL,7,5,0.854,36,68997.61,cohesion_baja;
DOM-002442,G077276,Schrader Camargo Ingenieros Asociados (Sucursal Republica Do,REPUBLICA DOMINICANA,DOM,2,2,0.8537,24,68873.62000000001,cohesion_baja;
NLD-000639,G028218,ELITE EXPORT INC S.A Y/O EFLOWERS B.V,PAISES BAJOS,NLD,4,3,0.8452,53,68713.45,cohesion_baja;
CHL-001883,G054181,LIBROS TECNICOS P Y P LTDA,CHILE,CHL,2,2,0.8525,7,68664.7,cohesion_baja;
PRT-000001,G030664,EUROSPRING # COMPONENTES PARA SUSPENSOES,PORTUGAL,PRT,2,2,0.8558,2,68471.39,cohesion_baja;
PAN-002962,G054779,L.M.Y. EL MUNDO DE YUSTI S.A.,PANAMA,PAN,3,2,0.8563,19,68435.5,cohesion_baja;
NIC-000094,G013811,CARDOZA MARTINEZ RAFAEL ANTONIO,NICARAGUA,NIC,4,3,0.8493,15,68430.14,cohesion_baja;
PRI-001071,G071470,PUERTO RICO COFEE ROASTERS LLC DBA,PUERTO RICO,PRI,3,3,0.867,6,68321.53,cohesion_baja;
PAN-004353,G078105,SERVICIOS ELECTRO MECANICOS Y CONSTRUCCION (PANAMA) S.A.,PANAMA,PAN,6,6,0.8447,15,68138.28,cohesion_baja;
CRI-000326,G009564,BE YOU TIFUL SOCIEDAD DE RESPONSABILIDAD LIMITADA,COSTA RICA,CRI,4,3,0.8462,22,67924.15,cohesion_baja;
NLD-000172,G007995,AUTOHANDEL PETER VUGTS,PAISES BAJOS,NLD,3,2,0.8585,7,67892.26000000001,cohesion_baja;
MEX-000069,G001246,ACUITY BRANDS LIGHTING DE MEXICO S DE RL,MEXICO,MEX,2,2,0.8624,3,67570.0,cohesion_baja;
POL-000266,G060678,MJS F.H.U MICHAL SZYMANSKI,POLONIA,POL,13,9,0.8698,98,67466.88,cohesion_baja;
GBR-000883,G063562,NEIL HARDY AQUATICS LTD,REINO UNIDO,GBR,4,2,0.8681,14,67204.09,cohesion_baja;
USA-013435,G063439,NBC UNIVERSAL HOLLYWOOD,ESTADOS UNIDOS,USA,3,2,0.8435,16,67057.33,cohesion_baja;
CAN-000075,G000908,ACADEMY FLORISTS OPERATIONS INC,CANADA,CAN,12,5,0.8446,264,66916.09,cohesion_baja;
USA-004733,G022430,DANISCO USC/O MIDWEST REFRIGERATION SERVICES,ESTADOS UNIDOS,USA,5,4,0.8555,11,66759.23999999999,cohesion_baja;
PER-000816,G020441,CORPORACION CANESPA S.A.C,PERU,PER,10,5,0.8525,42,66615.63,cohesion_baja;
USA-005504,G026607,EAGLE SHIELD GLASS LLC,ESTADOS UNIDOS,USA,6,2,0.8449,58,66599.01,cohesion_baja;
USA-002914,G012715,C3I SOLUTIONS LTD.,ESTADOS UNIDOS,USA,2,2,0.8654,3,66598.0,cohesion_baja;
DOM-001196,G036697,GEMSA INGENIEROS DE DESARROLLO SRL,REPUBLICA DOMINICANA,DOM,3,3,0.8497,4,66321.02,cohesion_baja;
PAN-002641,G046741,INTRNATIONAL HARDWARE CORP,PANAMA,PAN,3,2,0.8407,3,66305.56,cohesion_baja;
CRI-001801,G052588,LABORATORIO EL MANA PRODUCTOS NATURALES S.A.,COSTA RICA,CRI,4,4,0.8418,5,66286.0,cohesion_baja;
NLD-000850,G033794,FLORUNNER B.V. Y/O OOO FLOWER MASTER,PAISES BAJOS,NLD,5,3,0.854,35,66248.75,cohesion_baja;
ECU-000882,G014968,C.C. LABORATORIOS PHARMAVITAL CIA LTDA,ECUADOR,ECU,5,4,0.8463,23,66223.66,cohesion_baja;
VNM-000160,G086903,"TV AQUARIUM IMPORT EXPORT MTV CO., LTD",VIET NAM,VNM,5,3,0.8618,18,66165.15,cohesion_baja;
USA-017183,G076169,"Salty Mermaid Swimwear, inc C/o Sara Porreca",ESTADOS UNIDOS,USA,2,2,0.8471,8,66118.05,cohesion_baja;
PAN-002405,G042929,HYDRO SERVICES PANAMA S.A.,PANAMA,PAN,8,5,0.8645,25,66014.45,cohesion_baja;
IDN-000065,G071313,PT BINA FLORA LESTARI,INDONESIA,IDN,4,3,0.8669,112,65887.0,cohesion_baja;
AUT-000010,G006946,ARPHI CORP - KOLIMO LTD,AUSTRIA,AUT,3,2,0.8621,20,65760.1,cohesion_baja;
PER-000784,G019503,CONSORCIO PRINCIPE - DEL RIO,PERU,PER,8,6,0.8419,38,65672.03,cohesion_baja;
PER-003345,G077616,SEGURO SOCIAL DE SALUD DEL PERU - ESSALUD,PERU,PER,2,2,0.8538,2,65655.12,cohesion_baja;
CZE-000181,G091461,YAM S R O Y/O WALNUT RIDGE TRADING CORP,CHEQUIA,CZE,4,2,0.8493,22,65590.25,cohesion_baja;
USA-000321,G000915,ACASSIA WHOLESALE FLOWERS,ESTADOS UNIDOS,USA,10,6,0.8553,391,65405.39,cohesion_baja;
USA-000470,G001614,ADVANCED POWER TECHNOLOGIES LLC,ESTADOS UNIDOS,USA,2,2,0.8604,4,65389.37,cohesion_baja;
NLD-000400,G018766,COMMERCIAL ZELECTA TRADING GROUP CORP - FM GROUP BV,PAISES BAJOS,NLD,3,2,0.8636,28,65377.92,cohesion_baja;
GTM-001566,G056255,MADEX GROUP SOCIEDAD ANONIMA,GUATEMALA,GTM,3,2,0.8465,32,65086.78999999999,cohesion_baja;
PRI-001116,G073788,REYES GUZMAN GUIDARTHY,PUERTO RICO,PRI,3,2,0.8427,72,64977.55,cohesion_baja;
BRA-001388,G054449,LINCOLN ELECTRIC DO BRASIL IND. E COM. LTDA,BRASIL,BRA,2,2,0.8494,3,64949.95,cohesion_baja;
ECU-004804,G064963,NUÑEZ ZUÑIGA CARLOS NEY,ECUADOR,ECU,6,5,0.8463,9,64929.26,cohesion_baja;
MEX-002747,G061401,MOREBAT TECNOLOGIA Y SERVICIOS S.A. DE C.V,MEXICO,MEX,3,3,0.864,6,64910.43,cohesion_baja;
CAN-002099,G077519,SECORE FLORAL EXPORT LLC // MACARTHUR S QUALITY FLOWERS & PL,CANADA,CAN,4,4,0.8657,27,64896.27,cohesion_baja;
IND-000450,G074187,RISE N SHINE BIOTECH PRIVATE LIMITED / BALL SB L.C.,INDIA,IND,4,3,0.8577,13,64459.14999999999,cohesion_baja;
ECU-000048,G001038,ACERIAS NACIONALES DEL ECUADOR S.A. ANDEC,ECUADOR,ECU,3,3,0.8643,5,64207.77,cohesion_baja;
KAZ-000786,G082211,SUNTORY FLOWERS Y/O IMPEX FLOWERS/GLOBAL FLOWERS,KAZAJSTAN,KAZ,44,27,0.8406,319,63119.0,grupo_grande;cohesion_baja;
CHL-001228,G036761,GENERAL MOTORS CHILE INDUSTRIA,CHILE,CHL,5,4,0.8502,135,63061.08,cohesion_baja;
USA-004949,G023358,DELTA 7 TRADING LLC,ESTADOS UNIDOS,USA,3,3,0.8485,9,63030.98999999999,cohesion_baja;
DEU-000925,G057676,Marken Time Critical Express GmbH,ALEMANIA,DEU,4,4,0.8597,8,62942.2,cohesion_baja;
DOM-002682,G086723,TSV Punta Cana SRL,REPUBLICA DOMINICANA,DOM,5,3,0.8468,71,62703.05,cohesion_baja;
PRI-000809,G054134,LIBRERIA CATOLICA ATENAS,PUERTO RICO,PRI,3,2,0.8431,43,62565.37,cohesion_baja;
USA-005005,G023691,DESTINY FRESH. INC,ESTADOS UNIDOS,USA,3,3,0.8664,9,62453.91,cohesion_baja;
ECU-003187,G043784,IMPORMARES M&M ASOCIADOS CIA. LTDA,ECUADOR,ECU,5,5,0.8441,21,62404.0,cohesion_baja;
USA-010715,G052285,LA CABRA ROASTERY LLC,ESTADOS UNIDOS,USA,3,3,0.856,10,62217.57,cohesion_baja;
VCT-000035,G087249,UNICOMER ST VICENT LTD,SAN VICENTE Y LAS GRANADINAS,VCT,3,2,0.8466,19,62132.56,cohesion_baja;
HTI-000067,G036781,GENERALE INDUSTRIELLE LA PERLE S.A.,HAITI,HTI,3,2,0.8537,8,61983.26,cohesion_baja;
ECU-000470,G006713,ARIAS AGUDELO LUIS ALDERY,ECUADOR,ECU,5,5,0.8401,10,61894.86,cohesion_baja;
VEN-003244,G072609,"RAPIDIFIX COMERCIALIZADORA, C.A",VENEZUELA,VEN,4,3,0.862,8,61454.96,cohesion_baja;
USA-006693,G033116,"FLAMINGO HOLLAND, INC",ESTADOS UNIDOS,USA,3,3,0.8505,6,61384.2,cohesion_baja;
DOM-000915,G027267,EDITH MATOS GOMEZ,REPUBLICA DOMINICANA,DOM,2,2,0.8497,13,61352.06999999999,cohesion_baja;
TTO-000387,G076770,SANVISH WHOLESALERS ENTREPRISE LTD,TRINIDAD Y TOBAGO,TTO,3,2,0.8565,55,61267.71000000001,cohesion_baja;
ECU-001239,G016957,CLOSTER PHARMA S.A ECUADOR,ECUADOR,ECU,3,3,0.8614,4,61234.03,cohesion_baja;
GTM-000834,G029308,ENERGICA SOLAR Y AMBIENTAL SA,GUATEMALA,GTM,3,3,0.8632,3,61228.41,cohesion_baja;
KAZ-000853,G084479,THE FARM DIRECT COMPANY INC // LLP IMPORT FLOWERS,KAZAJSTAN,KAZ,5,3,0.8422,17,61203.05,cohesion_baja;
PRY-000357,G010478,SOCIEDAD BIBLICA PARAGUAYA,PARAGUAY,PRY,4,3,0.8512,13,61195.84,cohesion_baja;
ECU-003771,G049951,JOSE MIGUEL LECHON CHURUCHUMBI,ECUADOR,ECU,3,3,0.8605,4,61046.78999999999,cohesion_baja;
ESP-001412,G035924,GALERIA FERNANDO PRADILLA SL,ESPANA,ESP,3,3,0.8455,21,60976.0,cohesion_baja;
MEX-003907,G085004,TIENDA ZARA CANCUN,MEXICO,MEX,2,2,0.8495,17,60953.28,cohesion_baja;
USA-011102,G054301,"LIHMIL KERNERSVILLE, NC",ESTADOS UNIDOS,USA,14,9,0.858,164,60889.93,cohesion_baja;
THA-000162,G069867,"P&P FISH FACTORY THAILAND CO., LTD",TAILANDIA,THA,4,4,0.8551,10,60719.1,cohesion_baja;
ECU-004620,G061525,MOSQUERA CEDEÑO RUBEN DARIO,ECUADOR,ECU,4,4,0.853,4,60674.5,cohesion_baja;
PAN-004220,G075058,ROSA EDITH CAMAÑO PINEDA,PANAMA,PAN,4,2,0.8564,12,60608.0,cohesion_baja;
PRI-001049,G069991,"PRECISION METAL FABRICATORS, INC",PUERTO RICO,PRI,3,3,0.8418,9,60510.29,cohesion_baja;
MEX-001802,G039928,GTM MEXICO PRODUCTS AND SERVICES S.A. DE C.V.,MEXICO,MEX,5,5,0.8547,7,60431.99000000001,cohesion_baja;
PRI-000806,G054129,LIBRERIA CATOLICA ANA WIM,PUERTO RICO,PRI,3,2,0.869,16,60346.57,cohesion_baja;
ECU-002116,G027209,EDICIONES MEDICAS ECUATORIANAS S.A,ECUADOR,ECU,4,3,0.8667,11,60123.68,cohesion_baja;
USA-001427,G006277,AQUATIC KINGDOM DBA MONSTER AQUARIUM,ESTADOS UNIDOS,USA,4,3,0.8467,12,60065.91,cohesion_baja;
NLD-000288,G012150,BRIGHT HORIZON BV EORI,PAISES BAJOS,NLD,4,4,0.8655,38,59946.78,cohesion_baja;
USA-006899,G033951,FLOWER TRUCKLA,ESTADOS UNIDOS,USA,5,3,0.8544,42,59914.37,cohesion_baja;
DOM-001971,G059556,"MERSA CONSTRUCCIONES LIGERAS, SA",REPUBLICA DOMINICANA,DOM,3,3,0.8647,5,59889.76,cohesion_baja;
CRI-001106,G029578,ENVIARLO COSTA RICA SOCIEDAD DE RESPONSABILIDAD LTDA,COSTA RICA,CRI,3,3,0.8448,3,59809.04,cohesion_baja;
ECU-006042,G080250,SOLUCIONES DE INFRAESTRUCTURA TECNOLOGICA SOLINPOWER CIA LTD,ECUADOR,ECU,3,3,0.8429,3,59681.0,cohesion_baja;
ECU-000923,G013122,CALIBRACION Y DISTRIBUCION DE ACCESORIOS .,ECUADOR,ECU,2,2,0.8509,9,59585.46,cohesion_baja;
PER-001566,G039489,GRUPO GLOBAL PERLA S CAR S.A.C.,PERU,PER,4,3,0.8562,6,59518.5,cohesion_baja;
USA-010244,G050575,Jump Design Group,ESTADOS UNIDOS,USA,4,4,0.8498,5,59074.25,cohesion_baja;
DEU-000148,G008771,BAKER HUGHES DEUTSCHLAND GMBH,ALEMANIA,DEU,3,2,0.8438,9,58816.59,cohesion_baja;
ARE-000509,G044723,INDEX COFFEE TRADING L.L.C,EMIRATOS ARABES UNIDOS,ARE,2,2,0.8538,2,58784.0,cohesion_baja;
USA-001325,G005711,ANIC TRADING LLC,ESTADOS UNIDOS,USA,5,5,0.8515,145,58778.98,cohesion_baja;
PRI-000558,G034597,FRANCISCO RIVERA DBA / IMPORTACIONES DON PACO,PUERTO RICO,PRI,10,9,0.8464,37,58400.03,cohesion_baja;
ECU-002155,G027671,EGUEZ SALCEDO SANTIAGO FELIPE,ECUADOR,ECU,2,2,0.8649,3,58212.05,cohesion_baja;
USA-000523,G001934,AGM INC,ESTADOS UNIDOS,USA,3,2,0.8559,9,58170.04,cohesion_baja;
HTI-000129,G070860,PROGRAMME ALIMENTAIRE MONDIAL,HAITI,HTI,3,2,0.8649,4,58153.64,cohesion_baja;
ABW-000181,G023197,DEL CARIBE TRADING VBA / EL TIO TRADING,ARUBA,ABW,2,2,0.8515,43,58080.27,cohesion_baja;
USA-001351,G005829,ANSA FINANCIAL CONSULTING,ESTADOS UNIDOS,USA,4,4,0.8626,9,58044.22,cohesion_baja;
CAN-000056,G000451,9397 6215 QUEBEC INC LE PRO,CANADA,CAN,2,2,0.8484,89,57899.57,cohesion_baja;
CHN-000763,G070212,PRIME FLOWERS LIMITED / GUANGZHOU HUI HUANG YING XIAO JIA YE,CHINA,CHN,5,5,0.8566,40,57732.63,cohesion_baja;
USA-013132,G062627,Musalan Garcia Carlos Andres,ESTADOS UNIDOS,USA,4,4,0.8544,7,57720.0,cohesion_baja;
VEN-000351,G009596,BEATRIZ ESTEFANIA JIMENEZ LARA Y/O DISTRIBUIDORA BJ LARA,VENEZUELA,VEN,4,4,0.8577,13,57600.64,cohesion_baja;
CRI-000910,G025135,DISTRIBUIDORA PALERMO OCS SA,COSTA RICA,CRI,4,2,0.8626,170,57421.73,cohesion_baja;
GTM-001431,G051022,KATHERYN EMILIA MORALES GALVEZ/IMPORTACIONES K JEANS D MAR-K,GUATEMALA,GTM,3,3,0.8424,5,57388.43,cohesion_baja;
USA-013488,G063761,NET- A- PORTER ( DC2),ESTADOS UNIDOS,USA,2,2,0.846,7,57248.25999999999,cohesion_baja;
GTM-000456,G017544,COLOMBIANA JEANS GT COPROPIEDAD,GUATEMALA,GTM,4,4,0.855,20,57072.52,cohesion_baja;
DOM-000115,G003235,"ALCA, CARPINTERIA DE ALUMINIO Y VIDRIOS, SRL",REPUBLICA DOMINICANA,DOM,2,2,0.8632,5,56964.8,cohesion_baja;
BOL-000763,G070973,PROMOLAR BOLIVIA LTDA,BOLIVIA,BOL,2,2,0.8445,4,56952.5,cohesion_baja;
DEU-001143,G071817,QUALITY PRODUCE INTERNATIONAL B.V (QPI B.V.),ALEMANIA,DEU,2,2,0.8468,12,56927.25,cohesion_baja;
CHL-000886,G025009,DISTRIBUIDORA INTERNACIONAL GLOBAL SA,CHILE,CHL,3,2,0.8444,58,56909.76,cohesion_baja;
USA-008210,G038889,GREEN MONTAIN FLORIST SUPPLY,ESTADOS UNIDOS,USA,6,4,0.8501,53,56870.8,cohesion_baja;
BRA-002503,G090524,WELLBORE SERVICIOS DE PETROLEO BRASIL LTDA,BRASIL,BRA,3,2,0.8666,9,56784.06,cohesion_baja;
USA-000804,G003681,ALIFER WHOLESALE / SALLKA FLOWERS,ESTADOS UNIDOS,USA,4,4,0.8439,20,56751.35,cohesion_baja;
ABW-000139,G015641,CESAR AUGUSTO OCHOA ISSA,ARUBA,ABW,3,3,0.8423,103,56623.79,cohesion_baja;
CAN-000922,G033745,Florists Supply FT/ Calgary,CANADA,CAN,11,6,0.8409,89,56464.98,cohesion_baja;
CHN-000872,G078466,"SHANGHAI FUJIE IMPORT & EXPORT., LTD",CHINA,CHN,3,3,0.8558,3,56460.0,cohesion_baja;
PAN-003812,G067893,PEDRO MANDINGA S. DE R.L,PANAMA,PAN,5,4,0.8619,8,56424.31999999999,cohesion_baja;
BEL-000069,G009561,B&E MANAGEMENT SRL,BELGICA,BEL,4,2,0.8683,15,56382.0,cohesion_baja;
USA-012004,G058019,MARVINS FLOWER GARDENS INC,ESTADOS UNIDOS,USA,6,4,0.8482,92,56260.18,cohesion_baja;
HND-000714,G045236,INDUSTRIAS DANILOS PURA PIEL S. DE R.L DE CV,HONDURAS,HND,5,4,0.851,24,56095.86,cohesion_baja;
BEL-000209,G026344,DURACELL BATTERIES BV,BELGICA,BEL,2,2,0.8664,2,56050.0,cohesion_baja;
USA-016235,G077520,Secore Floral Export Llc / Macarthurs Quality Flowers &amp,ESTADOS UNIDOS,USA,6,6,0.8486,18,56041.96,cohesion_baja;
ECU-000723,G010215,BERTHA MAGDALENA CAJAMARCA GUAMBAÑA,ECUADOR,ECU,4,4,0.8414,61,55429.12,cohesion_baja;
ARE-000374,G033832,Floward Mena Trading Sole Proprietorship Co. Llc,EMIRATOS ARABES UNIDOS,ARE,6,4,0.8518,50,55427.43000000001,cohesion_baja;
BRA-000815,G030041,ESDEL COMÉRCIO DE PRODUTOS ALIMENTA,BRASIL,BRA,2,2,0.8604,2,55321.5,cohesion_baja;
PAN-004188,G074421,ROBERT BOSCH PANAMA COLON S.A.,PANAMA,PAN,3,3,0.8526,3,55200.0,cohesion_baja;
CRI-002410,G074447,ROBERTO CARLO JIMENEZ MORALES,COSTA RICA,CRI,2,2,0.8567,59,55022.13,cohesion_baja;
IND-000315,G053562,LE MILL PVT LTD,INDIA,IND,2,2,0.8454,32,54825.0,cohesion_baja;
USA-002273,G010329,Better Brands Inc,ESTADOS UNIDOS,USA,2,2,0.8417,34,54545.0,cohesion_baja;
AUS-000068,G009799,BELINDA INTERNACIONAL,AUSTRALIA,AUS,2,2,0.8546,17,54521.4,cohesion_baja;
GRC-000050,G029443,ENNY MONACO KATSARI,GRECIA,GRC,4,3,0.8535,33,54513.0,cohesion_baja;
GBR-000100,G008182,AVIANCA / BLACKSMITH FREIGHT,REINO UNIDO,GBR,4,3,0.8558,61,54469.06,cohesion_baja;
PER-001153,G086753,"Tu Coleccion Peru, EIRL / EDICIONES CON ESTILO S.A. DE C.V",PERU,PER,9,6,0.8516,26,54381.93,cohesion_baja;
USA-017167,G082742,SYLVIA HELENA BAYON,ESTADOS UNIDOS,USA,2,2,0.8448,10,54312.0,cohesion_baja;
ECU-002390,G031055,EXPORTADORA TOTAL SEAFOOD S.A,ECUADOR,ECU,2,2,0.8498,9,54126.0,cohesion_baja;
KAZ-000083,G006574,ARCUS FLOWERS Y/O LIMITED SIRKETI,KAZAJSTAN,KAZ,4,2,0.8527,34,54079.2,cohesion_baja;
DEU-000862,G054236,LIEBHERR WERK EHINGEN GMBH,ALEMANIA,DEU,3,3,0.8598,33,54066.65,cohesion_baja;
TWN-000009,G004275,ALPHA TW DGI ECO,TAIWAN,TWN,5,2,0.8588,22,53824.7,cohesion_baja;
CHL-000578,G017981,COMERCIAL Y PROVEEDORA DE PRODUCTOS ESPECIALES PPE LTDA,CHILE,CHL,4,3,0.8409,9,53744.24000000001,cohesion_baja;
USA-008511,G040797,HAPPY DG PLACE,ESTADOS UNIDOS,USA,2,2,0.862,2,53526.41,cohesion_baja;
IND-000473,G076103,SALICYLATES & CHEMICALS PVT LTD,INDIA,IND,2,2,0.8633,2,53363.75,cohesion_baja;
ECU-003699,G048570,JARRIN GOYES JHEISON JAVIER/JAGO ELECTRICAL GROUP,ECUADOR,ECU,2,2,0.8427,4,53360.0,cohesion_baja;
USA-008006,G038126,GOLTENS SERVICES,ESTADOS UNIDOS,USA,3,2,0.8543,21,53174.06,cohesion_baja;
USA-005462,G024022,DÍAZ FOODS,ESTADOS UNIDOS,USA,4,3,0.8644,8,53143.06,cohesion_baja;
DOM-001469,G044452,IMPORTADORA Y EXPORTADORA ANGAVIL SRL,REPUBLICA DOMINICANA,DOM,2,2,0.8524,3,53015.0,cohesion_baja;
USA-003305,G014786,CASTRILLON  ROLDAN MANUEL GUILLERMO,ESTADOS UNIDOS,USA,5,3,0.8564,34,52879.01,cohesion_baja;
MYS-000076,G029582,ENVIRO MAJU WAJA ENTERPRISE (RA0108277 W),MALASIA,MYS,3,2,0.8461,3,52856.0,cohesion_baja;
IND-000009,G000962,ACCEX SUPPLY CHAIN AND WAREHOUSING PRIVATE LTD,INDIA,IND,4,4,0.8561,6,52852.1,cohesion_baja;
USA-010621,G055347,L & S SHRINK SYSTEMS INC. // OXYGEN DEVELOPMENT,ESTADOS UNIDOS,USA,6,4,0.8508,25,52618.95,cohesion_baja;
PRI-000434,G027769,EL CAMPO DE LAS FLORES..,PUERTO RICO,PRI,8,6,0.8661,140,52409.34,cohesion_baja;
IDN-000072,G071324,PT DOW AGROSCIENCES INDONESIA,INDONESIA,IDN,2,2,0.8581,2,52350.0,cohesion_baja;
KWT-000077,G035026,FRESH FRUIT COMPANY GLOBAL FFC,KUWAIT,KWT,3,3,0.8631,6,52136.91,cohesion_baja;
CAN-000558,G018944,COMMERCIAL ZELECTA TRADING GROUP CORP - UNITED FLORAL INC,CANADA,CAN,7,3,0.8427,55,52083.33,cohesion_baja;
USA-004787,G022675,"DAVILA FARMS LINK INC // N.H BLOSSOM DEPOT & DISTRIBUTOR, CO",ESTADOS UNIDOS,USA,12,10,0.8654,65,51858.8,cohesion_baja;
ABW-000021,G001834,AGENCIA BRITO IMPORT - EXPORT & TRANSPORT,ARUBA,ABW,6,4,0.8488,26,51730.7,cohesion_baja;
GTM-000478,G018039,COMERCIALIZADORA BIOAGRO,GUATEMALA,GTM,2,2,0.8509,47,51720.43,cohesion_baja;
NLD-000753,G031190,F LLI BARILE SPA,PAISES BAJOS,NLD,6,4,0.8588,26,51652.85,cohesion_baja;
USA-013365,G063208,NATIONAL ORCHIDS INC,ESTADOS UNIDOS,USA,9,4,0.8433,146,51324.23,cohesion_baja;
USA-017033,G082040,SUNFRESH FLOWERS MARKET,ESTADOS UNIDOS,USA,7,4,0.8512,95,51276.12,cohesion_baja;
HND-001326,G083604,TECNOLOGIA DE ORDEÑO Y MAQUINARIAS S DE R L DE C V,HONDURAS,HND,4,3,0.8405,44,51117.8,cohesion_baja;
ARE-000849,G079574,SKY VET VETERINARY MEDICINE TRADE L.L.C.,EMIRATOS ARABES UNIDOS,ARE,3,2,0.8689,6,51075.0,cohesion_baja;
CAN-000021,G000126,13381706 CANDA INC,CANADA,CAN,3,2,0.8491,12,50851.06,cohesion_baja;
GTM-001428,G050976,KAROL YANETT VICENTEMENDEZ / DISTRIBUIDORA MUSA,GUATEMALA,GTM,3,2,0.8581,39,50845.38,cohesion_baja;
CAN-000256,G008456,AYLORA FLOWER DISTRIBUTOR CORP,CANADA,CAN,7,7,0.8446,53,50752.9,cohesion_baja;
USA-008231,G038935,GREENER FLOWERS INT LLC,ESTADOS UNIDOS,USA,3,3,0.8437,14,50743.25999999999,cohesion_baja;
ECU-003240,G044117,IMPORTADORA DE FRUTAS SARANGO S.A. SARCOFRUIT,ECUADOR,ECU,2,2,0.8423,2,50101.52,cohesion_baja;
DOM-002171,G067614,PATRIA MINERVA RISUEÑO GRULLON,REPUBLICA DOMINICANA,DOM,3,2,0.8696,207,50028.66,cohesion_baja;
PER-002099,G047337,INVERSIONES SPORT EX S.R.L.,PERU,PER,2,2,0.8603,3,50020.07,cohesion_baja;
RUS-000262,G033858,FLOWER EXPRESS LOGISTIC,RUSIA,RUS,3,3,0.8688,14,50016.1,cohesion_baja;
USA-016916,G081446,"Stolle Machinery -Centennial, Co",ESTADOS UNIDOS,USA,2,2,0.8442,2,49699.85,cohesion_baja;
RUS-000386,G047545,IP KULISHENKO AM,RUSIA,RUS,6,4,0.8443,60,49410.35,cohesion_baja;
ARG-000477,G035560,FUNDACIÓN MALBA,ARGENTINA,ARG,3,3,0.8504,3,49400.0,cohesion_baja;
CHL-001987,G057814,MARTA MEDINA Y CIA. LTDA.,CHILE,CHL,2,2,0.8616,7,49198.26,cohesion_baja;
USA-010373,G051079,KBC DIRECT - KENNICOTT,ESTADOS UNIDOS,USA,4,3,0.8403,18,49140.5,cohesion_baja;
RUS-000487,G056576,MALTSEV ARTEM,RUSIA,RUS,2,2,0.8475,9,48759.85000000001,cohesion_baja;
VEN-002609,G055562,LUIS ALFONSO BECERRA ROJAS Y/O CONSTRUCCIONES BECERRA M-2,VENEZUELA,VEN,3,3,0.84,3,48732.0,cohesion_baja;
USA-005905,G029171,Emser Tile Central DC,ESTADOS UNIDOS,USA,4,4,0.8651,12,48695.04,cohesion_baja;
USA-008708,G041701,HF CONSTRUCTION,ESTADOS UNIDOS,USA,2,2,0.8599,2,48668.96,cohesion_baja;
VEN-003292,G073452,REPRESENTACIONES JV C.A. - AC,VENEZUELA,VEN,2,2,0.8687,5,48374.54,cohesion_baja;
NIC-000353,G045142,INDUSTRIAL STEEL SOLUTIONS S.A.,NICARAGUA,NIC,3,3,0.8645,7,48212.86,cohesion_baja;
KAZ-000042,G000484,A AND R GROUP INC / TRADE HOUSE FLORES DE AMERICA Y/O UNIQUE,KAZAJSTAN,KAZ,5,3,0.8644,48,48208.25999999999,cohesion_baja;
ECU-002385,G031013,EXPOROSAS CIA. LTDA,ECUADOR,ECU,6,5,0.8416,44,48203.3,cohesion_baja;
ECU-001963,G025743,DOOPLER DISTRIBUCIONES CIA LTDA,ECUADOR,ECU,4,3,0.8548,29,48138.26,cohesion_baja;
CHL-001583,G044947,INDUSTRIA FARMACEUTICA BOLIVIANA ¿IFARBO LTDA¿,CHILE,CHL,3,2,0.8442,10,47940.74,cohesion_baja;
KAZ-000046,G006306,A&R GROUP EUROTRANS/A Y R GROUP INC,KAZAJSTAN,KAZ,3,3,0.8577,45,47647.11,cohesion_baja;
SLV-000619,G044865,INDUSTRIA CARICIA S.A DE C.V,EL SALVADOR,SLV,4,3,0.842,12,47498.61,cohesion_baja;
KAZ-000014,G047501,IP ALMATY GULDER,KAZAJSTAN,KAZ,2,2,0.8624,24,47312.13,cohesion_baja;
BRA-000993,G036971,GERALDISCOS COM IND REPRES DE CORTICA LT,BRASIL,BRA,4,3,0.8676,5,47216.6,cohesion_baja;
USA-011571,G056093,Macarthurs Quality Flowers &amp Plants Inc / Secore Floral,ESTADOS UNIDOS,USA,8,7,0.8596,24,47096.34,cohesion_baja;
BOL-000661,G059551,MERQUIMIA BOLIVIA S.R.L.,BOLIVIA,BOL,4,3,0.849,10,46936.76,cohesion_baja;
PER-001135,G028690,E&M SOLUCIONES PARA LA INDUSTRIA ALIMENTARIA,PERU,PER,3,2,0.8539,3,46867.5,cohesion_baja;
USA-004983,G023634,DESIGNER WINDOWS + DOORS LTD,ESTADOS UNIDOS,USA,4,2,0.8472,10,46798.11,cohesion_baja;
ESP-002522,G062895,NAGS NUEVA ALIANZA GLOBAL SL,ESPANA,ESP,2,2,0.8407,2,46783.86,cohesion_baja;
PAN-004705,G085802,TOTAL IMPORT S.A,PANAMA,PAN,8,5,0.8529,21,46676.29,cohesion_baja;
USA-004495,G021808,CURIO AT FENA BAZAAR,ESTADOS UNIDOS,USA,2,2,0.8524,27,46478.0,cohesion_baja;
AUS-000073,G010433,BHI JANDAKOT A DIV OF BAKER HUGHES AUSTRALIA PTY LTD,AUSTRALIA,AUS,2,2,0.8635,3,46434.9,cohesion_baja;
PAN-003689,G071288,P&S TANKS CORP,PANAMA,PAN,5,4,0.8621,15,46407.58,cohesion_baja;
NLD-000411,G018703,COMMERCIAL ZELECTA TRADING GROUP CORP - EFLOWERS B V  BIFLOR,PAISES BAJOS,NLD,5,2,0.8537,42,46306.5,cohesion_baja;
BOL-000392,G035324,FRUTAS DEL VALLE ALTO/ELVIS.A. JIMENEZ Y/O SELECTA CUT FLOWE,BOLIVIA,BOL,3,2,0.8405,22,46292.8,cohesion_baja;
PAN-003999,G070956,PROMOCION MEDICA S.A,PANAMA,PAN,6,4,0.8666,11,46274.0,cohesion_baja;
ECU-004171,G055670,LUIS IVAN CADENA CAIZA PASTO,ECUADOR,ECU,2,2,0.8473,3,46135.7,cohesion_baja;
TTO-000288,G058122,MASSY DISTRIBUTION,TRINIDAD Y TOBAGO,TTO,2,2,0.8424,4,45709.96,cohesion_baja;
AUT-000024,G025685,DONA TELLO SAS,AUSTRIA,AUT,2,2,0.8513,4,45655.0,cohesion_baja;
FRA-000139,G084350,The Blue Schooner Company,FRANCIA,FRA,4,4,0.845,6,45501.64,cohesion_baja;
CAN-000093,G002550,AGROW TRAIDING LTD,CANADA,CAN,4,2,0.8587,128,45395.56,cohesion_baja;
AZE-000000,G000431,7GUL LLC,AZERBAIYAN,AZE,4,3,0.8415,25,45371.42,cohesion_baja;
CHN-000761,G070210,PRIME FLOWERS COMPANY LIMITED // FUMEN(SHANGHAI) SUPPLY CHAI,CHINA,CHN,7,6,0.8674,25,45230.9,cohesion_baja;
MEX-001113,G023578,DESARROLLO Y DISTRIBUCION MEDICA PROFESIONAL,MEXICO,MEX,2,2,0.8683,5,45036.8,cohesion_baja;
ARE-000890,G081991,SUNBEEM FOODS TRADING LLC,EMIRATOS ARABES UNIDOS,ARE,2,2,0.8598,2,44661.25,cohesion_baja;
USA-002348,G012660,BYNNARY INC OLGA LUCIA TORO,ESTADOS UNIDOS,USA,5,2,0.842,24,44610.57,cohesion_baja;
GTM-001807,G066278,ORTOPEDIA DE GUATAMA,GUATEMALA,GTM,3,2,0.8468,7,44449.0,cohesion_baja;
ARE-000994,G091688,YING FLOWER TRADING LLC,EMIRATOS ARABES UNIDOS,ARE,6,4,0.8657,30,44229.95,cohesion_baja;
USA-009357,G046528,"INTERNATIONAL FLORAL TRADING, LLC",ESTADOS UNIDOS,USA,5,3,0.8661,44,43928.75,cohesion_baja;
ECU-006319,G084500,THE FARM DIRECT COMPANY // MEAFLOS S.A.S,ECUADOR,ECU,4,3,0.849,17,43805.13,cohesion_baja;
CIV-000024,G040650,HALLIBURTON WW Ltd,COSTA DE MARFIL,CIV,2,2,0.8503,5,43756.71,cohesion_baja;
ECU-000091,G006402,ARAQUE  ADRIANA LUCIA,ECUADOR,ECU,3,3,0.855,10,43485.45,cohesion_baja;
PER-000030,G000507,A: GRUMANCOM SOCIEDAD COMERCIAL DE RESPOSABILIDAD LIMITADA,PERU,PER,2,2,0.8656,5,43479.02,cohesion_baja;
USA-015643,G075031,ROOTS LAB FACTORY LLC,ESTADOS UNIDOS,USA,2,2,0.8494,5,43394.52,cohesion_baja;
BOL-000190,G018589,Comite Organizador de los I Juegos Bolivarianos de la Juvent,BOLIVIA,BOL,2,2,0.8552,3,43230.4,cohesion_baja;
DOM-001490,G044906,INDUSTRIA DE FIBRAS DOMINICANAS,REPUBLICA DOMINICANA,DOM,3,3,0.8641,4,43213.36,cohesion_baja;
DOM-000637,G019428,CONSORCIO AZUCARERO CENTRAL S.A.- INGENIO BARAHONA,REPUBLICA DOMINICANA,DOM,4,3,0.8572,12,42991.41,cohesion_baja;
USA-003245,G014496,CASA BLANCA WHOLESALE FLOWERS INC,ESTADOS UNIDOS,USA,5,4,0.8488,25,42879.15,cohesion_baja;
KAZ-000834,G084472,THE FARM DIRECT COMPANY // LLP GLOBAL FLOWER ARN,KAZAJSTAN,KAZ,4,2,0.8621,30,42642.67999999999,cohesion_baja;
SLV-000551,G086130,TRANSBEL S.R.L,EL SALVADOR,SLV,2,2,0.8616,17,42558.78,cohesion_baja;
ECU-004213,G056097,MACAW TRADE & COMMERCE COMPANY S.A.S,ECUADOR,ECU,2,2,0.8687,3,42437.52,cohesion_baja;
CHN-000293,G035433,FUEMEN (SHANGHAI)SUPPLY CHAIN CO.LTD.,CHINA,CHN,2,2,0.8556,20,42388.7,cohesion_baja;
VEN-002319,G047437,"INVERSONES P Y Z, C.A",VENEZUELA,VEN,2,2,0.859,4,42353.97,cohesion_baja;
KAZ-000689,G065889,OPT FLOWER,KAZAJSTAN,KAZ,4,3,0.8485,39,42333.22,cohesion_baja;
PRI-000233,G072883,Reciclaje del Norte Inc,PUERTO RICO,PRI,2,2,0.8479,3,42207.5,cohesion_baja;
CUW-000544,G078041,SERVICIO PANAMERICANO DE PROTECCION CURACAO,CURAZAO,CUW,3,2,0.8647,10,41903.2,cohesion_baja;
ISR-000217,G075293,roy arazi management and investment ltda,ISRAEL,ISR,2,2,0.8634,2,41803.3,cohesion_baja;
CAN-001772,G064582,"NORTH AMERICAN PRODUCE BUYERS LTD Y/O GOLDENBERRY FARMS, LLC",CANADA,CAN,2,2,0.8444,11,41783.28,cohesion_baja;
DEU-001020,G063812,NEUES BUCH VERLAG GM BH,ALEMANIA,DEU,3,2,0.8677,16,41657.0,cohesion_baja;
ECU-000591,G008247,AVICOLA VITALOA S.A. AVITALSA,ECUADOR,ECU,2,2,0.8568,26,41468.75,cohesion_baja;
USA-004212,G020405,CORPORACION BELEKO S.A. - TERRA FLOWERS DBA SOLE FARMS,ESTADOS UNIDOS,USA,5,4,0.8553,15,41239.03,cohesion_baja;
USA-019441,G092101,ZEITGEIST EVENTS LLC,ESTADOS UNIDOS,USA,2,2,0.8446,2,41148.2,cohesion_baja;
ARE-000609,G062144,M/S LOTUS FLOWERS // WAFEX PTY LTD.,EMIRATOS ARABES UNIDOS,ARE,3,3,0.8625,13,41018.38,cohesion_baja;
SAU-000342,G076015,SALAH ABDUL RAHMAN AL AMOUDI TRADING EST,ARABIA SAUDITA,SAU,5,4,0.8665,41,40908.4,cohesion_baja;
CRI-001973,G058917,MEDICAL SUPPLIES C.R. SA,COSTA RICA,CRI,2,2,0.842,3,40887.75,cohesion_baja;
ECU-005473,G072920,RECOR DENTAL Y QUIMEDIC CIA. LTDA,ECUADOR,ECU,5,4,0.8528,26,40749.45,cohesion_baja;
PAN-003747,G067097,PANAMA SEAFOOD GROUP S.A,PANAMA,PAN,3,3,0.8548,8,40584.56,cohesion_baja;
MEX-002682,G060148,MIGUEL ABED LOGISTICA INTERNACIONAL SA DE CV,MEXICO,MEX,9,8,0.8424,13,40582.0,cohesion_baja;
ARE-000190,G003064,C O AL TAYER LOGISTICS,EMIRATOS ARABES UNIDOS,ARE,3,3,0.8436,15,40532.0,cohesion_baja;
ABW-000627,G084942,THREE RIVERS REAL ESTATE VBA,ARUBA,ABW,2,2,0.8583,3,40528.5,cohesion_baja;
BLZ-000065,G073310,RENI YOHALMO REYES (REYESCO),BELICE,BLZ,3,2,0.8604,51,40436.74,cohesion_baja;
KWT-000164,G077167,SCHLUMBERGER OILFIELD EAS,KUWAIT,KWT,2,2,0.842,4,40436.18,cohesion_baja;
PAN-003618,G065236,OCEANCO SAFETY & SUPPLY,PANAMA,PAN,2,2,0.862,3,40403.4,cohesion_baja;
ESP-000038,G001019,ACEITE OLIVA ESPAÑOL CARDENAL CISNEROS 1859 SL,ESPANA,ESP,2,2,0.8584,2,40389.94,cohesion_baja;
HKG-000372,G058339,MATT CONSULTING-ZUMBASHOP-SEA,HONG KONG,HKG,3,3,0.8516,49,40350.5,cohesion_baja;
PHL-000012,G058529,MAY  BENJAMIN DAVID,FILIPINAS,PHL,2,2,0.8546,2,40195.0,cohesion_baja;
USA-006536,G032248,FENIX FREIGHT LLC,ESTADOS UNIDOS,USA,2,2,0.8487,2,40117.4,cohesion_baja;
USA-018256,G087435,UNITED AERONAUTICAL CORPORATION,ESTADOS UNIDOS,USA,2,2,0.8637,2,40000.0,cohesion_baja;
VEN-000875,G020619,CORPORACION JRC C.A,VENEZUELA,VEN,3,2,0.8437,18,39815.0,cohesion_baja;
SLV-000562,G041261,HELICOPTEROS NACIONALES DE COLOMBIA S.A S. - EN REORGANIZACI,EL SALVADOR,SLV,2,2,0.8588,4,39813.52,cohesion_baja;
USA-002084,G009489,BAZAAR SHOPS LLC DBA CURIO,ESTADOS UNIDOS,USA,3,3,0.8402,30,39781.6,cohesion_baja;
MEX-000001,G000055,100001464-RIDE CONTROL MEXICANA,MEXICO,MEX,3,2,0.8479,4,39691.8,cohesion_baja;
JPN-000136,G028552,ELITE EXPORTS INC S A Y/O YMS CO LTD,JAPON,JPN,4,3,0.8446,22,39461.39999999999,cohesion_baja;
ABW-000007,G001177,ACQUAVERA PRODUCTION AND SERVICE VBA,ARUBA,ABW,2,2,0.8436,9,39405.3,cohesion_baja;
MEX-000804,G017362,COLANTINPLAS MX S DE RL DE CV,MEXICO,MEX,5,4,0.8453,10,39362.97,cohesion_baja;
JAM-000051,G012751,CABLE AND WIRELESS JAMAICA LTD,JAMAICA,JAM,2,2,0.8507,2,39164.0,cohesion_baja;
USA-005274,G025939,Dramm & Echter DBA Foxpoin Farms Wholesale,ESTADOS UNIDOS,USA,5,3,0.8622,32,39057.0,cohesion_baja;
ECU-002170,G027876,EL REY DEL EMBRAGUE S.A EMBRAGUESA,ECUADOR,ECU,2,2,0.8578,29,38954.67,cohesion_baja;
DOM-001746,G051647,KLINIU DOMINICANA SRL,REPUBLICA DOMINICANA,DOM,5,2,0.8636,233,38934.84,cohesion_baja;
CRI-000509,G015068,CEDIQUIM COSTARICA LTDA,COSTA RICA,CRI,2,2,0.8634,4,38861.9,cohesion_baja;
ECU-002076,G027056,ECUAPLASTICECOSOLUTIONS S.A.,ECUADOR,ECU,2,2,0.844,6,38700.65,cohesion_baja;
BEL-000857,G090726,WHITE WAY BV,BELGICA,BEL,3,2,0.8609,7,38510.0,cohesion_baja;
ECU-001114,G015445,CENTRO OPTICO INDULENTES S.A.,ECUADOR,ECU,3,3,0.8458,22,38472.04,cohesion_baja;
ECU-003522,G045796,INGTEC EC ESPECIALIDADES ECUADOR S.A.S.,ECUADOR,ECU,4,4,0.8419,16,38181.1,cohesion_baja;
TUR-000368,G090427,WEATHERFORD OIL TOOL MIDDLE EAST LIMITED,TURQUIA,TUR,3,3,0.852,5,38091.53,cohesion_baja;
GBR-001085,G080783,SPECIAL XUE COFEE C/O JOHANA ORJUELA,REINO UNIDO,GBR,3,2,0.842,17,38024.46,cohesion_baja;
BOL-001009,G091333,XEROGRAFIA BOLIVIANA S.A.- XEROBOL SA-,BOLIVIA,BOL,2,2,0.8517,3,37854.62,cohesion_baja;
BRA-002304,G083855,TEMFLORES  EIRELI ME,BRASIL,BRA,2,2,0.8562,5,37714.02,cohesion_baja;
GBR-001296,G091764,YOOX The NET-A-PORTER Group Limited,REINO UNIDO,GBR,3,2,0.8405,15,37480.48,cohesion_baja;
SLV-000573,G041802,"HIDROTECNIA DE EL SALVADOR, SOCIEDAD ANONIMA DE CAPITAL VARI",EL SALVADOR,SLV,3,2,0.841,14,37463.68,cohesion_baja;
USA-003952,G018859,COMMERCIAL ZELECTA TRADING GROUP CORP - MULTIFLORA CORPORATI,ESTADOS UNIDOS,USA,4,2,0.8569,34,37383.72,cohesion_baja;
ECU-001908,G024852,DISTRIBUIDORA DE QUIMICOS RUILOVA,ECUADOR,ECU,2,2,0.8689,5,37216.89,cohesion_baja;
MEX-000045,G000947,ACCESORIOS Y REFACCIONES PARA MOVILIDAD,MEXICO,MEX,4,3,0.8567,34,37026.75,cohesion_baja;
DOM-001397,G042468,HOSPAL MEDICA SRL,REPUBLICA DOMINICANA,DOM,3,2,0.8445,22,36858.37,cohesion_baja;
PAN-002077,G037529,GLOBAL BRANDS PANAMA S.A,PANAMA,PAN,4,4,0.8485,7,36787.84,cohesion_baja;
CRI-000247,G091379,XINIA MARIA RAMIREZ VASQUEZ / ARTESANIA DEL ESTE,COSTA RICA,CRI,2,2,0.8511,2,36782.0,cohesion_baja;
CRI-001884,G055427,LUC FASHION AND ACCESSORIES DISTRIBUTION SERVI,COSTA RICA,CRI,3,2,0.8625,43,36692.23,cohesion_baja;
HKG-000275,G042660,HUAN YU INTERNATIONAL TRADE CO LIMITED / BEIJING JING KE HON,HONG KONG,HKG,3,3,0.8412,21,36664.2,cohesion_baja;
NLD-000008,G083914,OOO TENGRY PAY,PAISES BAJOS,NLD,4,3,0.85,16,36610.3,cohesion_baja;
AUS-000129,G018756,COMMERCIAL ZELECTA TRADING GROUP CORP - FLOWER MASTER PTY LT,AUSTRALIA,AUS,3,3,0.8693,19,36584.54,cohesion_baja;
TUR-000132,G031551,FALANFISMEKAN ENES OVAT / KROHNE ORNAMENTAL LLC,TURQUIA,TUR,8,6,0.8467,14,36256.64,cohesion_baja;
ECU-001005,G014208,CARLOS PATRICIO GALLO OCHOA,ECUADOR,ECU,3,2,0.8403,29,36118.06,cohesion_baja;
VEN-001748,G039475,GRUPO FRELECA INVERSIONES C.A,VENEZUELA,VEN,5,4,0.861,7,36028.8,cohesion_baja;
USA-011420,G055684,LUIS NELSON ROMERO CARDENAS,ESTADOS UNIDOS,USA,2,2,0.8403,2,36000.0,cohesion_baja;
ECU-003428,G045077,INDUSTRIAL CUEVA DE LA TORRE PLAST TECNOLOGY CIA,ECUADOR,ECU,4,4,0.841,5,35991.79,cohesion_baja;
ECU-006676,G089723,VITASEI TRADING SAS,ECUADOR,ECU,3,2,0.8615,12,35740.8,cohesion_baja;
USA-013154,G062717,MY DREAM PARTY,ESTADOS UNIDOS,USA,8,4,0.8632,115,35728.51,cohesion_baja;
USA-003568,G016271,CHRISTIAN EDITING PUBLISHING,ESTADOS UNIDOS,USA,6,3,0.8552,29,35627.44,cohesion_baja;
USA-015153,G072468,RAMIREZ  JORGE ANDRES,ESTADOS UNIDOS,USA,4,3,0.8699,5,35580.0,cohesion_baja;
PAN-002811,G048847,JEFFERSON ANDREY LOPEZ,PANAMA,PAN,3,3,0.8623,28,35550.0,cohesion_baja;
ECU-005542,G073525,REPUBLICA DEL CACAO-CACAO REPUBLIC CIA LTDA,ECUADOR,ECU,2,2,0.8647,2,35454.0,cohesion_baja;
USA-004160,G019960,COPAR BUSINESS LLC,ESTADOS UNIDOS,USA,2,2,0.8474,3,35450.87,cohesion_baja;
USA-016125,G076970,SAVANNAH FLOWERS CORP,ESTADOS UNIDOS,USA,4,3,0.8571,9,35288.88,cohesion_baja;
USA-011337,G055280,LOZANO LONDOÑO ISRAEL,ESTADOS UNIDOS,USA,2,2,0.846,5,35165.0,cohesion_baja;
USA-001608,G007370,ASI IMPORTS LLC- FLOWER´S PLANET,ESTADOS UNIDOS,USA,28,17,0.8836,201,35027.97,grupo_grande;
NLD-000620,G027331,"EDITORIAL SOUSA - ALEXANDER E A RA, B.V.",PAISES BAJOS,NLD,3,2,0.8602,5,34976.36,cohesion_baja;
USA-009940,G049493,JOHANNA ORTIZ ZF LLC - LLC POPUP BAL HARBOUR,ESTADOS UNIDOS,USA,6,6,0.8436,29,34938.96,cohesion_baja;
PAN-001933,G035121,FRIDAMA PANAMA S.A.,PANAMA,PAN,5,3,0.8661,35,34704.81,cohesion_baja;
HND-000773,G046894,INVERSIONES B & S PORTILLO. S. DE R.L.,HONDURAS,HND,3,3,0.8526,15,34582.0,cohesion_baja;
ITA-000796,G069832,Power-One Italy S.p.A,ITALIA,ITA,2,2,0.8551,2,34505.66,cohesion_baja;
NZL-000004,G003908,ALL INSEASON (NZ) LIMITED,NUEVA ZELANDA,NZL,4,3,0.8489,34,34473.51,cohesion_baja;
USA-002711,G012159,BRIGHTLAND FLORAL DISTRIBUITORS OKLAHOMA,ESTADOS UNIDOS,USA,5,4,0.8575,37,34305.17,cohesion_baja;
NIC-000029,G013114,CALERO  ROSALES ALEJANDRO ENRIQUE,NICARAGUA,NIC,2,2,0.8688,7,34073.53,cohesion_baja;
ECU-004816,G064945,NUÑEZ CARRANZA VICTORIA ALEXANDRA,ECUADOR,ECU,2,2,0.8462,4,33700.3,cohesion_baja;
ARG-001043,G077834,SER. Y PROD. PARA BEBIDAS REFRESCANTES SRL,ARGENTINA,ARG,4,3,0.8592,23,33538.52,cohesion_baja;
ABW-000298,G037338,GIS SUPLLIES AND MORE,ARUBA,ABW,4,4,0.8623,33,33424.98,cohesion_baja;
ECU-000064,G001230,ACTURUS CAPITAL SL EL GANSO,ECUADOR,ECU,2,2,0.8515,5,33421.52,cohesion_baja;
PAN-001085,G019566,CONSTRUCCIONES ELECTROMECANICAS CEM S.A,PANAMA,PAN,5,4,0.8635,5,33345.46,cohesion_baja;
KOR-000099,G016235,CHOO JONG YOUN,COREA DEL SUR,KOR,2,2,0.8695,2,33248.92,cohesion_baja;
PRI-000843,G055658,LUIS GONZALEZ ARGUESO,PUERTO RICO,PRI,3,2,0.8482,8,33083.62,cohesion_baja;
AUS-000238,G084599,THE GREEN DISPENSARY PTY LTD,AUSTRALIA,AUS,2,2,0.8583,3,33016.0,cohesion_baja;
ECU-002093,G027072,ECUATORIANA DE PRODUCTOS ELECTRICOS SA IEPESA,ECUADOR,ECU,3,3,0.858,7,32977.62,cohesion_baja;
PRY-000344,G077216,Schneider Electric Argentina S.A. // TECNO ELECTRIC S.A,PARAGUAY,PRY,2,2,0.8552,6,32890.77,cohesion_baja;
CHL-002809,G084069,TERUMO CHILE LTDA,CHILE,CHL,2,2,0.8404,3,32734.17,cohesion_baja;
ECU-005469,G072881,RECICLADORA DE CAUCHOS ECOCAUCHO SA,ECUADOR,ECU,3,3,0.8429,9,32714.0,cohesion_baja;
USA-012617,G060883,MODULAR ACCESSORIES FOR CONSTRUCCION IN RECYCLED P.,ESTADOS UNIDOS,USA,2,2,0.8576,3,32649.37,cohesion_baja;
ECU-000790,G011118,"BLOOMSEA EXPORT, DE EC/GONZALES MORA GABRIELA ESTEFANIA",ECUADOR,ECU,3,3,0.8402,28,32619.95,cohesion_baja;
ISR-000263,G083023,TALA COMPANYFOR IMPORT CONSUMABLES MATERIALS AND MARKETING,ISRAEL,ISR,2,2,0.8527,2,32600.5,cohesion_baja;
PAN-000580,G010223,BERTONCINI MIRANDA ROBERTO ENRIQUE,PANAMA,PAN,4,2,0.8456,8,32474.28,cohesion_baja;
ESP-000293,G007275,ASCENDENTE CERTERIO UNIPESSOAL LDA,ESPANA,ESP,2,2,0.8602,2,32270.4,cohesion_baja;
CHN-000551,G050063,JOYCE BOUTIQUE (CHINA) LIMITED,CHINA,CHN,4,4,0.8604,17,32234.82,cohesion_baja;
USA-013355,G063167,NATION WIDE AQUATICS,ESTADOS UNIDOS,USA,3,2,0.8622,5,32227.55,cohesion_baja;
PER-003279,G075946,SAI TECHNOLOGY SAC,PERU,PER,3,2,0.8569,11,32203.5,cohesion_baja;
PER-001289,G030259,ESTANTERIAS METALICAS JRM SAC,PERU,PER,3,2,0.8455,7,32198.54,cohesion_baja;
USA-014758,G070038,PREMIER FLORAL DISTRIBUTORS LOGISTICS LLC // DILLON FLORAL 3,ESTADOS UNIDOS,USA,3,3,0.8452,10,32020.05,cohesion_baja;
ARM-000006,G021522,CRUCUS INTERNATIONAL ME FZE,ARMENIA,ARM,5,3,0.8478,54,31980.17,cohesion_baja;
PAN-000894,G016497,CINEMA PROPERTIES INC,PANAMA,PAN,8,7,0.8473,10,31878.2,cohesion_baja;
USA-018782,G089542,VINTAJE LAND FJ LLC.,ESTADOS UNIDOS,USA,3,2,0.8454,4,31870.0,cohesion_baja;
USA-004656,G022160,DAISY HERNANDEZ GASPAR FLOWERS SHOP,ESTADOS UNIDOS,USA,8,5,0.8429,100,31826.6,cohesion_baja;
OMN-000010,G003644,ALI SALEH SAID AL SULAMI,OMAN,OMN,3,3,0.8449,3,31819.1,cohesion_baja;
CHN-000061,G009723,"BEIJING JING KE HONG XIANG IMPORT AND EXPORT TRADING CO.,LTD",CHINA,CHN,10,7,0.8521,49,31730.51,cohesion_baja;
USA-009862,G049140,JHON J FLOREZ HERRERA,ESTADOS UNIDOS,USA,2,2,0.8679,4,31600.0,cohesion_baja;
NIC-000611,G080327,Soluciones Tecnologicas en agua S.A. (SOLTECA),NICARAGUA,NIC,5,4,0.8518,8,31568.5,cohesion_baja;
SAU-000423,G092322,ZOHOR ALSAHRA EST,ARABIA SAUDITA,SAU,3,3,0.848,48,31522.6,cohesion_baja;
LCA-000056,G087232,UNICOMER (SAINT LUCIAN) INC,SANTA LUCIA,LCA,2,2,0.8607,24,31468.18,cohesion_baja;
KAZ-000870,G009763,TOO BELAYA ORCHIDEA,KAZAJSTAN,KAZ,11,6,0.8443,43,31436.73,cohesion_baja;
CRI-000487,G014245,CARMEN MARTINEZ MORA,COSTA RICA,CRI,2,2,0.8566,15,31341.0,cohesion_baja;
NLD-000909,G034817,FRESH CHOICE INTERNATIONAL (FCI),PAISES BAJOS,NLD,2,2,0.8419,2,31018.5,cohesion_baja;
USA-001721,G007967,AUTO SPORT EAST INC,ESTADOS UNIDOS,USA,3,2,0.8632,4,30840.0,cohesion_baja;
CHN-000941,G078518,SHANGHAI NIFA INTERNATIONAL TRADING CO LTD/FAGUAFLOWERS INTL,CHINA,CHN,5,5,0.8435,28,30831.1,cohesion_baja;
ESP-001138,G030347,"ESTRECHO FLOR HNOS S,L",ESPANA,ESP,8,5,0.8498,21,30717.9,cohesion_baja;
USA-002140,G009812,Bell Fort Worth,ESTADOS UNIDOS,USA,3,3,0.8531,6,30550.76,cohesion_baja;
USA-018105,G086932,"TWINBROOK FLORAL DESIGN, INC",ESTADOS UNIDOS,USA,17,12,0.85,155,30222.68,cohesion_baja;
USA-013742,G065087,Nyc Floral Green LLC,ESTADOS UNIDOS,USA,5,5,0.8428,125,29392.69,cohesion_baja;
SLV-000006,G023501,"A/C DEPOT EL SALVADOR, S.A. DE C.V.",EL SALVADOR,SLV,4,4,0.8549,15,29392.54,cohesion_baja;
MYS-000252,G081970,SUN HUI HK LIMITED,MALASIA,MYS,3,3,0.8496,5,29372.84,cohesion_baja;
CAN-002474,G089259,VICTORIAS BLOSSOMS WHOLESALE,CANADA,CAN,10,5,0.8584,73,29344.2,cohesion_baja;
USA-002568,G055027,LOPEZ BORBON JESUS DAVID,ESTADOS UNIDOS,USA,4,3,0.8501,6,29220.0,cohesion_baja;
PER-000005,G087346,UNION CENTRO VETERINARIO SRL,PERU,PER,2,2,0.8589,6,29211.91,cohesion_baja;
VEN-002244,G046994,INVERSIONES EL CORAL C.A,VENEZUELA,VEN,2,2,0.8652,2,28830.9,cohesion_baja;
USA-000373,G001261,ACUSHNET COMPANY / LINKS & KINGS // AUGUSTA COUNTRY CLUB,ESTADOS UNIDOS,USA,12,12,0.843,13,28784.78,cohesion_baja;
RUS-000600,G065941,OPTOVAYA KOMPANYA RIGAL / NATURAL FLOWERS COLOMBIA INC,RUSIA,RUS,2,2,0.8698,10,28779.54,cohesion_baja;
HND-000795,G047056,INVERSIONES GRUPO MB S DE RL,HONDURAS,HND,3,2,0.8675,31,28593.0,cohesion_baja;
USA-012093,G058411,MAURIS FRESH FLOWER CORPORATION,ESTADOS UNIDOS,USA,9,6,0.8418,65,28579.63,cohesion_baja;
HRV-000002,G007832,AUGUST TOEPFER ZUCKERHANDELSGES MBH & CO. KG,CROACIA,HRV,2,2,0.8542,2,28500.0,cohesion_baja;
VGB-000003,G005868,ANTHEA LORETTA SMITH,ISLAS VIRGENES BRITANICAS,VGB,2,2,0.8443,6,28339.44,cohesion_baja;
USA-017874,G085894,"TP AEROSPACE TECHNICS LLC (FL, USA)",ESTADOS UNIDOS,USA,2,2,0.8455,24,28200.0,cohesion_baja;
DEU-001183,G074876,ROLLS-ROYCE SOLUTIONS GMBH,ALEMANIA,DEU,4,4,0.8442,13,28054.08,cohesion_baja;
SWE-000078,G052106,KUNGÄLVS AKVARIUM AB/HENRIK CARLÉN,SUECIA,SWE,3,3,0.8477,7,28045.05,cohesion_baja;
ECU-002801,G037416,GLADYS MARITZA CHCAIZA TIGSE,ECUADOR,ECU,2,2,0.8669,6,28040.27,cohesion_baja;
ECU-000951,G065193,OCAMPO  SUAREZ MARIA  ESTHER,ECUADOR,ECU,2,2,0.8613,5,27918.6,cohesion_baja;
CUB-000202,G029039,EMPRESA EXPORTADORA E IMPORTADORA DE LA CONSTRUCCION IMECO /,CUBA,CUB,2,2,0.8451,4,27810.47,cohesion_baja;
MEX-002664,G059794,MEXICANA DE ARROZ SA DE CV / MAR940516K16,MEXICO,MEX,2,2,0.8488,5,27766.0,cohesion_baja;
USA-001792,G008405,AXIS Communications C/o Scanfil,ESTADOS UNIDOS,USA,2,2,0.8571,8,27758.37,cohesion_baja;
ITA-000527,G043492,IMA S.P.A. - BFB DIVISION,ITALIA,ITA,2,2,0.8473,6,27641.64,cohesion_baja;
SWE-000060,G042046,"HITACHI ENERGY SWEDEN AB, COMPONENTS",SUECIA,SWE,3,3,0.8507,3,27479.0,cohesion_baja;
USA-013577,G064165,NIDIA ESCOBAR MORAN,ESTADOS UNIDOS,USA,3,3,0.8454,21,27400.2,cohesion_baja;
ECU-003623,G047653,IRENE ESMERALDA NORIEGA MERCHAN,ECUADOR,ECU,2,2,0.8409,3,27207.2,cohesion_baja;
FIN-000010,G010567,BILLEBEINO CLOTHING AND ACCESORIES OY,FINLANDIA,FIN,2,2,0.841,2,27194.5,cohesion_baja;
IND-000177,G033197,FLEX BV DGI ECO,INDIA,IND,2,2,0.8497,4,27182.05,cohesion_baja;
PAN-003593,G064906,NUBIA STELA GIRALDO,PANAMA,PAN,3,2,0.8474,20,27142.0,cohesion_baja;
ABW-000244,G029229,ENCOMFIANZA GIROS Y ENVIOS,ARUBA,ABW,2,2,0.8479,68,26887.01,cohesion_baja;
PER-001790,G043053,IBERIA LINEAS AEREAS DE ESPAÑA S.A. OPERADORA SUCURSAL COLOM,PERU,PER,2,2,0.849,2,26809.15,cohesion_baja;
PAN-004667,G084714,"THE PANAMA CLINIC MEDICAL, S.A",PANAMA,PAN,3,3,0.8452,4,26800.44,cohesion_baja;
CRI-002052,G062478,MUNDIFIESTA DECORACIONES REGALOS Y MAS A&M S.A,COSTA RICA,CRI,2,2,0.8508,3,26576.13,cohesion_baja;
USA-003862,G017514,COLOMBIAN COFFEE COMPANY,ESTADOS UNIDOS,USA,4,4,0.8416,11,26572.66,cohesion_baja;
KWT-000095,G040982,HAWAII ISLAND FLOWERS COMPANY,KUWAIT,KWT,3,3,0.8449,11,26520.93,cohesion_baja;
ECU-004406,G059106,MEGABYCASE CENTROS FERRETEROS S.A,ECUADOR,ECU,2,2,0.852,3,26386.24,cohesion_baja;
PAN-000072,G001230,ACTURUS CAPITAL SL EL GANSO,PANAMA,PAN,3,2,0.8429,5,26356.48,cohesion_baja;
BEL-000312,G030493,EUGENE ALVARO COOPER,BELGICA,BEL,2,2,0.8508,2,26300.0,cohesion_baja;
BLR-000025,G043694,IMPEX FLOWERS GROUP,BELARUS,BLR,2,2,0.8546,10,26218.24,cohesion_baja;
CAN-000880,G034142,FM GROUP B.V./FLEURAMETZ CANADA TORONTO,CANADA,CAN,4,4,0.8553,36,26137.4,cohesion_baja;
USA-017018,G082001,SUNBURST BILL DORAN COMPANY,ESTADOS UNIDOS,USA,6,3,0.8655,46,25877.66,cohesion_baja;
DOM-001499,G044958,INDUSTRIA GRAFICA NACIONAL S.R.L,REPUBLICA DOMINICANA,DOM,3,3,0.8509,5,25760.0,cohesion_baja;
DOM-002666,G086156,TRANSFORMADORES DEL CIBAO SRL,REPUBLICA DOMINICANA,DOM,3,3,0.8603,6,25752.31,cohesion_baja;
POL-000027,G006400,ARAPAIMA ARKADIUSZ ADAMCZY,POLONIA,POL,4,2,0.8665,7,25557.85,cohesion_baja;
KAZ-000276,G028194,ELITE EXPORT INC S.AY/O TOO AR INTERPRISE,KAZAJSTAN,KAZ,5,3,0.8591,77,25517.57,cohesion_baja;
USA-010238,G050537,JULIO CESAR SABOGAL,ESTADOS UNIDOS,USA,2,2,0.8444,3,25500.0,cohesion_baja;
USA-005299,G026003,Dreisbah Wholesale Florist Inc.,ESTADOS UNIDOS,USA,7,4,0.8668,37,25440.3,cohesion_baja;
USA-015987,G076302,SAMUEL WORLAND ESQUIRTH,ESTADOS UNIDOS,USA,2,2,0.8593,2,25283.0,cohesion_baja;
MEX-002557,G078246,SERVIN GARCIA MARIA DE LOS ANGELES,MEXICO,MEX,2,2,0.869,2,25275.1,cohesion_baja;
USA-016481,G079172,SILVER STORAGE PAL LLC,ESTADOS UNIDOS,USA,3,2,0.8567,18,25240.9,cohesion_baja;
GTM-001392,G064170,NIEDINGER  JENNIFER MICHELLE,GUATEMALA,GTM,2,2,0.843,3,25169.62,cohesion_baja;
USA-010741,G052416,LA MADELEINE ENTERPRISES LLC,ESTADOS UNIDOS,USA,2,2,0.8602,2,25145.61,cohesion_baja;
USA-010172,G050307,JUAN JOSE PINEDA,ESTADOS UNIDOS,USA,2,2,0.8535,2,25000.0,cohesion_baja;
KAZ-000500,G023431,DENISENKO,KAZAJSTAN,KAZ,6,3,0.8444,30,24972.79,cohesion_baja;
NLD-001150,G042152,HOBBYSTA BARTLOMIEJ ZLOBINSKI,PAISES BAJOS,NLD,2,2,0.8412,3,24957.51,cohesion_baja;
PAN-003788,G067366,PARANA INTERNACIONAL SA,PANAMA,PAN,2,2,0.8574,3,24909.34,cohesion_baja;
TTO-000062,G008838,BAKER HUGHES TRINIDAD LTD. DRILLING SERVICES,TRINIDAD Y TOBAGO,TTO,4,4,0.8566,5,24906.55,cohesion_baja;
CAN-001914,G070722,Productos Monco Inc/Company Name: Monco Produce,CANADA,CAN,2,2,0.8598,22,24732.3,cohesion_baja;
GTM-001979,G071245,PROYECTOS Y DESARROLLO DE CONSTRUCCION S.A PRODECSA,GUATEMALA,GTM,5,4,0.8453,12,24474.6,cohesion_baja;
PER-003820,G088785,VENTANAS Y ESTILOS SAC,PERU,PER,4,3,0.8648,6,24330.74,cohesion_baja;
CHL-000985,G027907,ELABORADORA DE COBRE VI?A DEL MAR S,CHILE,CHL,2,2,0.8695,2,24284.0,cohesion_baja;
HKG-000263,G042369,HONG KONG TIN YU TRADING LIMITED,HONG KONG,HKG,2,2,0.8596,5,24276.6,cohesion_baja;
CHN-000353,G040028,"GUANGZHOU YIXIN AQUATIC TECHNOLOGY CO., LTD / HSIEH CHIH LUN",CHINA,CHN,2,2,0.8413,2,24228.0,cohesion_baja;
KAZ-000610,G056907,MAORI AIRONOVA & BALTIC,KAZAJSTAN,KAZ,4,3,0.8603,25,24176.64,cohesion_baja;
CHL-000977,G088723,VENEGAS EFIMERO COMERCIALIZACION Y SERVICIOS DANITZA,CHILE,CHL,2,2,0.8538,6,23915.55,cohesion_baja;
POL-000255,G054376,LIMAX SPOLKA Z OGRANICZONA ODPOWIEDZIALNOSCIA,POLONIA,POL,2,2,0.8688,5,23822.25,cohesion_baja;
URY-000497,G089576,VIRBAC URUGUAY SA,URUGUAY,URY,2,2,0.8455,2,23802.88,cohesion_baja;
PER-001711,G041042,HC ART COLLRCTION SAC,PERU,PER,2,2,0.8478,10,23748.81,cohesion_baja;
CUW-000584,G083252,TATIMAR FASHION,CURAZAO,CUW,3,2,0.8472,13,23696.08,cohesion_baja;
KAZ-000379,G033934,FLOWER TRADE COMPANY // BONNAR-A CO LTD,KAZAJSTAN,KAZ,4,2,0.8529,12,23657.97,cohesion_baja;
CRI-002300,G071456,PUENTES Y CALZADAS GRUPO EMPRESAS SA,COSTA RICA,CRI,2,2,0.8644,3,23586.0,cohesion_baja;
USA-010408,G051206,KENNICOTT BROTHERS ELK GROVE,ESTADOS UNIDOS,USA,5,2,0.8664,40,23562.84,cohesion_baja;
ABW-000198,G025373,DIVI DUTCH VILLAGE N.V,ARUBA,ABW,2,2,0.8453,11,23550.67,cohesion_baja;
ESP-003231,G082359,SUPERIOR BLOOMS CORP. Y/O GRADYFLOR ESPAÑA S.A,ESPANA,ESP,2,2,0.8475,5,23535.0,cohesion_baja;
USA-013095,G062342,MULTIFLORA FARMS DIRECT EXPERTS,ESTADOS UNIDOS,USA,4,2,0.8481,39,23483.9,cohesion_baja;
ECU-004115,G054870,LOGISTIC INTERNATIONAL TRADE CIA LTDA,ECUADOR,ECU,2,2,0.8698,17,23446.76,cohesion_baja;
USA-019101,G090825,WILLIAM WOODS BENJAMIN,ESTADOS UNIDOS,USA,2,2,0.8439,2,23434.33,cohesion_baja;
USA-013927,G065886,"OPRONA INC. DBA ROSEN USA, INC",ESTADOS UNIDOS,USA,2,2,0.8664,3,23430.0,cohesion_baja;
THA-000250,G090434,WEATHERFORD PRODUCTS & EQUIPMENT (SINGAPORE) PTE LTD,TAILANDIA,THA,2,2,0.8613,3,23162.18,cohesion_baja;
IND-000615,G090410,WEATHERFORD DRILLING & PRODUCTION SERVICES (INDIA) PVT LTD.,INDIA,IND,4,4,0.8509,10,23134.52,cohesion_baja;
CUW-000170,G021790,CURACAO AIRPORT HOLDING,CURAZAO,CUW,2,2,0.861,2,23083.5,cohesion_baja;
USA-002769,G033399,Floral importers & Distributors Inc,ESTADOS UNIDOS,USA,4,4,0.8454,10,23038.4,cohesion_baja;
ECU-000837,G012141,BRIGADA DE AVIACION DE LA FUERZA TERRESTRE No 15 PAQUISHA,ECUADOR,ECU,2,2,0.8565,5,22970.0,cohesion_baja;
ECU-002675,G050227,JUAN CARLOS RECALDE FUNDICIONES,ECUADOR,ECU,2,2,0.8445,5,22942.5,cohesion_baja;
ECU-003500,G045621,INGENIERIA ELECTRICA Y AUTOMATIZACION HENASELEC SA,ECUADOR,ECU,2,2,0.8514,2,22923.0,cohesion_baja;
URY-000415,G077213,SCHNEIDER ELECTRIC ARGENTINA S.A.,URUGUAY,URY,2,2,0.862,3,22620.73,cohesion_baja;
MEX-000118,G002054,AGRANA FRUIT MEXICO SA DE CV,MEXICO,MEX,2,2,0.8563,2,22492.42,cohesion_baja;
KAZ-000084,G006572,ARCUS FLOWERS Y/O IFC SAS LLC,KAZAJSTAN,KAZ,3,2,0.8441,18,22472.05,cohesion_baja;
VEN-002202,G046882,INVERSIONES BERMUDES RIOS,VENEZUELA,VEN,2,2,0.8679,7,22330.95,cohesion_baja;
USA-014373,G067972,"PENA & VEGA, LLC",ESTADOS UNIDOS,USA,3,2,0.8477,153,22301.5,cohesion_baja;
USA-012202,G058797,MDT Logistics LLC DC,ESTADOS UNIDOS,USA,2,2,0.8461,2,22226.37,cohesion_baja;
PAN-002343,G041557,HERNANDEZ FERNANDEZ YOHN,PANAMA,PAN,5,3,0.841,178,22094.9,cohesion_baja;
POL-000206,G043832,IMPORT - EXPORT WLODZIMIERZGRAJEK,POLONIA,POL,2,2,0.8684,3,22050.0,cohesion_baja;
HND-000505,G029883,ERICKA JOHANA MANUELES MADRID,HONDURAS,HND,3,2,0.8601,10,21957.91,cohesion_baja;
VEN-002189,G046842,INVERSIONES ALVASCAR / SCARLET MENDOZA,VENEZUELA,VEN,3,3,0.8414,3,21946.4,cohesion_baja;
USA-019173,G091104,WORLD BUSINESS,ESTADOS UNIDOS,USA,2,2,0.8685,2,21920.0,cohesion_baja;
ZAF-000112,G064053,NGQURA BRICK (PTY) LTD T/AALGOA BRICK,SUDAFRICA,ZAF,2,2,0.8445,2,21910.0,cohesion_baja;
ARG-001154,G084919,THOMAS PEREZ LOPEZ,ARGENTINA,ARG,2,2,0.8625,2,21869.13,cohesion_baja;
USA-019039,G090644,WESTON BOUCHER LLC,ESTADOS UNIDOS,USA,2,2,0.8694,2,21844.34,cohesion_baja;
GTM-000932,G032855,FINCA DE BANANO DEL NORTE PUENTE RIELES SA,GUATEMALA,GTM,2,2,0.8661,5,21675.0,cohesion_baja;
VEN-002019,G045038,INDUSTRIA VENEZOLANA DE BEDIDAS JAU C.A,VENEZUELA,VEN,2,2,0.8661,2,21660.07,cohesion_baja;
ITA-000037,G003451,Alex s zebra di Archetti Chiara,ITALIA,ITA,7,6,0.8501,11,21601.21,cohesion_baja;
HND-000307,G020490,CORPORACION DE INVERSIONES MIL S DE R.L. DE CV,HONDURAS,HND,3,3,0.8452,5,21585.0,cohesion_baja;
HKG-000413,G065215,OCEAN EXPLORATION TECHNOLOGY COMPANY LIMITED/OCEAN EXPLORATI,HONG KONG,HKG,3,2,0.8523,8,21503.85,cohesion_baja;
DEU-001503,G092352,ZOOFACHGESCHAFT REISCHEL,ALEMANIA,DEU,3,3,0.8642,6,21439.6,cohesion_baja;
USA-006993,G034060,FLOWERS WITH DESIGN CORP,ESTADOS UNIDOS,USA,7,3,0.8413,50,21408.1,cohesion_baja;
USA-005300,G026000,"DREISBACH WHOLESALE FLORISTS, INC - NASHVILLE",ESTADOS UNIDOS,USA,4,2,0.86,26,21321.9,cohesion_baja;
GBR-000637,G048154,J VAN VLIET BLOEMENEXPORT BV,REINO UNIDO,GBR,7,5,0.8448,11,21179.73,cohesion_baja;
TTO-000165,G029408,ENIA TH S PRITING COMPANY LIMITED,TRINIDAD Y TOBAGO,TTO,3,2,0.8594,3,21103.13,cohesion_baja;
SINNOMBRE-000009,SINNOMBRE-000009,0,BRASIL,BRA,1,1,1.0,2,21094.5,sin_nombre_utilizable;
USA-007642,G036510,GAVA-FLOWERS,ESTADOS UNIDOS,USA,5,4,0.8508,21,20928.8,cohesion_baja;
DEU-000940,G058794,MDM-MARKETS UG (HAFTUNGSBESCHRÄNKT,ALEMANIA,DEU,2,2,0.8616,3,20918.8,cohesion_baja;
USA-014771,G070056,PREMIERE CINEMA BIRMINGHAM,ESTADOS UNIDOS,USA,2,2,0.8472,11,20759.98,cohesion_baja;
USA-009421,G047455,INVESTMENTS ABDU CUERVO CONNECTION LLC,ESTADOS UNIDOS,USA,3,2,0.8523,28,20647.17,cohesion_baja;
ABW-000281,G035425,FU SHENG NV - HIPERMERCADO,ARUBA,ABW,6,4,0.8536,70,20482.31,cohesion_baja;
NLD-001891,G079496,SJAAK VAN DER VIJVER B.V Y/O TRACKING FLOWER SERVICE,PAISES BAJOS,NLD,3,2,0.8544,16,20394.0,cohesion_baja;
TTO-000341,G068581,PHILIP MORRIS T&T LIMITED,TRINIDAD Y TOBAGO,TTO,2,2,0.8507,2,20393.05,cohesion_baja;
SAU-000269,G055907,Luxury Roses - Jeddah,ARABIA SAUDITA,SAU,4,2,0.8685,31,20379.03,cohesion_baja;
USA-003238,G014423,CARTER MARK COOK,ESTADOS UNIDOS,USA,3,3,0.8661,3,20239.12,cohesion_baja;
CAN-001436,G053893,LES ALIMENTS RMS CAN-AM INC,CANADA,CAN,4,4,0.8684,26,20131.0,cohesion_baja;
ECU-005882,G078234,SERVIFUMIAGRO AGRICOLA Y SERVICIOS DE FUMIGACION PAZ VALLEJO,ECUADOR,ECU,3,3,0.8567,14,20045.58,cohesion_baja;
USA-016089,G076815,"SAR Communications, LLC",ESTADOS UNIDOS,USA,2,2,0.8575,3,19904.41,cohesion_baja;
USA-002458,G011135,BLOOMSTAR TORONTO.,ESTADOS UNIDOS,USA,3,2,0.8525,5,19896.0,cohesion_baja;
RUS-000025,G000483,A AND R GROUP INC / TRADE HOUSE FLORES DE AMERICA Y/O FLORAL,RUSIA,RUS,3,2,0.8657,11,19853.2,cohesion_baja;
HND-000841,G047834,ISLENA DE INVERSIONES S A DE CV,HONDURAS,HND,4,4,0.8652,90,19817.04,cohesion_baja;
KAZ-000037,G006315,A&R GROUP INC/TRADE HOUSE FLORES DE AMER,KAZAJSTAN,KAZ,2,2,0.8528,20,19792.25,cohesion_baja;
USA-003855,G017496,COLOMBIA INTERNACIONAL TRADING CORP,ESTADOS UNIDOS,USA,2,2,0.8495,3,19765.7,cohesion_baja;
BOL-000294,G028582,ELIZABETH HIDALGO ALARCON,BOLIVIA,BOL,3,2,0.8571,6,19705.0,cohesion_baja;
DOM-000945,G028364,ELITE EXPORTS INTERNATIONAL INC Y/O FLORENZZA BLOSSOMS SRL,REPUBLICA DOMINICANA,DOM,7,3,0.8442,466,19575.23,cohesion_baja;
USA-001382,G006016,AOA INVESTMENT INC- THAT AQUARIUM PLACE,ESTADOS UNIDOS,USA,5,4,0.8698,10,19562.71,cohesion_baja;
IDN-000127,G071343,PT. HALLIBURTON LOGGING SERVICES,INDONESIA,IDN,3,3,0.8517,6,19553.52,cohesion_baja;
ECU-001544,G020499,CORPORACION DE REPRESENTACIONESYSERVICIOS TECNICO,ECUADOR,ECU,2,2,0.8411,6,19344.66,cohesion_baja;
ECU-004365,G058584,MAYLI DESIRE CAJAS NARANJO,ECUADOR,ECU,2,2,0.8606,10,19331.96,cohesion_baja;
NLD-002203,G090048,VVS BUDDHA S AND MORE,PAISES BAJOS,NLD,7,3,0.8403,31,19290.58,cohesion_baja;
USA-000618,G002698,AIME LES FLEURS,ESTADOS UNIDOS,USA,8,4,0.8679,40,19249.6,cohesion_baja;
PER-000195,G004756,AMCOR RIGID PACKAGING DEL PERU S.A.,PERU,PER,3,2,0.8661,4,19214.26,cohesion_baja;
MEX-001186,G025011,DISTRIBUIDORA INTERNACIONAL GLOBAL SA / BRITTS SHOPS RETAIL,MEXICO,MEX,2,2,0.8596,2,19210.41,cohesion_baja;
BRA-001119,G042476,HOSPITAL DE CLINICAS DE PORTO ALEGRE HCPOA,BRASIL,BRA,4,3,0.8626,9,19022.0,cohesion_baja;
CRI-002125,G065579,OLMAN LEDEZMA MORERA,COSTA RICA,CRI,2,2,0.8579,3,18986.0,cohesion_baja;
USA-002771,G033397,"FLORAL IMPORTERS & DISTR , INC dba BUDS",ESTADOS UNIDOS,USA,5,4,0.8688,24,18968.96,cohesion_baja;
KAZ-000793,G082246,SUNTORY FLOWERS Y/O LAS FLORES CORP.,KAZAJSTAN,KAZ,8,4,0.8698,67,18727.5,cohesion_baja;
ESP-000287,G007094,ARTESANOS DE LA FLOR SL,ESPANA,ESP,2,2,0.8615,3,18726.0,cohesion_baja;
BRA-001403,G054923,"LOH ENTERPRISES.IMPORTAÇÃO EXPORLAÇÄO, COMËRCIO E SERVIÇOS,",BRASIL,BRA,2,2,0.8446,2,18699.3,cohesion_baja;
HKG-000068,G013679,CAPTAIN CICHLID AQUARIUM LTD.,HONG KONG,HKG,3,2,0.8583,4,18699.06,cohesion_baja;
GTM-001594,G061346,MORALES AREVALO MARCO TULIO,GUATEMALA,GTM,2,2,0.8551,2,18650.0,cohesion_baja;
ARE-000780,G075151,ROSE OF ROSES NATURAL FLOWERS TR LLC,EMIRATOS ARABES UNIDOS,ARE,6,5,0.8458,15,18566.8,cohesion_baja;
USA-010627,G055313,L & S SHRINK SYSTEMS INC // AEGLE NUTRITION,ESTADOS UNIDOS,USA,2,2,0.8594,6,18395.28,cohesion_baja;
NIC-000066,G008242,AVÍCOLA NICARAGÜENSE (AVINICSA),NICARAGUA,NIC,2,2,0.8495,2,18290.14,cohesion_baja;
PAN-001388,G024962,DISTRIBUIDORA   G&G   BUSINESS,PANAMA,PAN,2,2,0.861,5,18271.2,cohesion_baja;
SWE-000034,G017204,Coffea Circulor,SUECIA,SWE,2,2,0.8498,2,18253.5,cohesion_baja;
ECU-002305,G029836,ERAZO CELI GONZALO FERNANDO,ECUADOR,ECU,2,2,0.863,2,18151.0,cohesion_baja;
USA-015176,G072550,RAMOS  JOHN PLUTARCO,ESTADOS UNIDOS,USA,2,2,0.8609,2,18150.0,cohesion_baja;
RUS-000399,G047583,IP SVETLANA NIKOLAEVNA CHUBAROVA,RUSIA,RUS,6,5,0.849,20,18137.75,cohesion_baja;
POL-000071,G020309,CORPORACION BELEKO S.A. - IMPORT - EXPORT WLODZIMIERZ GRAJEK,POLONIA,POL,4,4,0.8573,22,18122.35,cohesion_baja;
USA-003675,G016738,CLARK  DALE CLAYTON,ESTADOS UNIDOS,USA,2,2,0.8564,3,18051.0,cohesion_baja;
KWT-000090,G038490,Gourmet The store Wholesale and Retail Company,KUWAIT,KWT,3,3,0.849,34,17928.03,cohesion_baja;
PAK-000043,G090427,WEATHERFORD OIL TOOL MIDDLE EAST LTD,PAKISTAN,PAK,2,2,0.852,4,17794.0,cohesion_baja;
USA-008269,G039167,GROWER DIRECT FLOWERS INC,ESTADOS UNIDOS,USA,2,2,0.8633,13,17739.3,cohesion_baja;
KGZ-000046,G051514,KINGDOM FOLWERS SAS,KIRGUISTAN,KGZ,4,2,0.844,32,17670.0,cohesion_baja;
USA-013235,G059026,Medtronic Bldg.,ESTADOS UNIDOS,USA,3,3,0.8507,3,17550.77,cohesion_baja;
VEN-001392,G028635,ELNESER CHECHADE SAMAR,VENEZUELA,VEN,2,2,0.8671,2,17442.34,cohesion_baja;
NLD-000455,G020305,CORPORACION BELEKO S.A. - HOEK GROOTHANDEL B.V.,PAISES BAJOS,NLD,3,3,0.8508,22,17323.0,cohesion_baja;
GTM-001034,G039030,Greif GT RIPS,GUATEMALA,GTM,2,2,0.8615,3,17295.48,cohesion_baja;
NLD-000977,G035709,FYFFES INTERNATIONAL S.A. GERMAN BRANCH,PAISES BAJOS,NLD,2,2,0.85,4,17232.11,cohesion_baja;
USA-010674,G052223,L EQUINOCCIAL FLOWERS USA CORP. - M HIDALGO HINOST // SO CAL,ESTADOS UNIDOS,USA,5,3,0.8571,24,17209.95,cohesion_baja;
PRI-000524,G032530,FERRETERIA SOLAR EL ALMACIGO,PUERTO RICO,PRI,2,2,0.8657,3,17085.05,cohesion_baja;
AGO-000003,G008779,BAKER HUGHES EHO LTD,ANGOLA,AGO,3,3,0.8492,4,16992.62,cohesion_baja;
USA-002465,G011150,BLOSSOM EXPRESS,ESTADOS UNIDOS,USA,3,2,0.8474,54,16881.97,cohesion_baja;
MEX-001981,G043898,IMPORTACIONES CONDE BERNAULL//MAKRO BUSINESS S.A. DE C.V,MEXICO,MEX,2,2,0.8517,2,16800.0,cohesion_baja;
HND-000604,G037782,GLOBALIZA SA DE CV RTU,HONDURAS,HND,2,2,0.8443,4,16684.73,cohesion_baja;
USA-005382,G026321,DUPONT USA INC C/O MIDWEST REFRIGERTATION SERVICES,ESTADOS UNIDOS,USA,2,2,0.8695,2,16680.44,cohesion_baja;
MEX-000024,G000573,A.A MARIO ARENAS SOMERA,MEXICO,MEX,3,3,0.8631,10,16663.0,cohesion_baja;
USA-019239,G091291,X PRESS SHAPEWEAR LL C/O DR JATIVA,ESTADOS UNIDOS,USA,2,2,0.8637,17,16656.15,cohesion_baja;
ECU-001213,G016506,CINEMARK DEL ECUADOR S.A.,ECUADOR,ECU,2,2,0.8676,2,16530.66,cohesion_baja;
CZE-000092,G043701,IMPEX-GABFLOR GAB NSK,CHEQUIA,CZE,3,3,0.8444,23,16517.2,cohesion_baja;
CUW-000508,G072809,REAL CURVES PROFET,CURAZAO,CUW,4,2,0.851,45,16480.04,cohesion_baja;
CRI-000347,G010112,BERMUDEZ FIGUEROA CARLOS,COSTA RICA,CRI,3,2,0.8451,8,16457.33,cohesion_baja;
DNK-000042,G035725,FYNS AKVARIE CENTRUM,DINAMARCA,DNK,2,2,0.8463,3,16453.4,cohesion_baja;
CUB-000470,G070963,PROMOCIONES ARTISTICAS Y LITERARIAS ARTEX SA,CUBA,CUB,4,4,0.8476,5,16451.53,cohesion_baja;
TTO-000312,G062902,NAIPUL.S BROOKSTORE & HANDICRAT CENTRE LTD,TRINIDAD Y TOBAGO,TTO,6,5,0.8435,173,16248.92,cohesion_baja;
USA-000448,G001436,"ADIDAS INDY, LLC",ESTADOS UNIDOS,USA,3,2,0.8643,8,16218.34,cohesion_baja;
POL-000407,G090082,W.Grajek Import-Export,POLONIA,POL,3,3,0.8484,15,16108.0,cohesion_baja;
USA-010998,G053763,LEMA ROJAS LUIS GUILLERMO,ESTADOS UNIDOS,USA,2,2,0.8662,2,16100.0,cohesion_baja;
BRA-000226,G008202,AVIAT NETWORKS BRASIL SERVICOS EM COMUNICACOES LTDA,BRASIL,BRA,2,2,0.8636,6,16012.88,cohesion_baja;
NOR-000015,G010145,BERNAL RODRIGUEZ NARDA PAOLA,NORUEGA,NOR,2,2,0.8489,2,15950.0,cohesion_baja;
USA-018149,G084676,The Mother Earth Restoration Trust,ESTADOS UNIDOS,USA,2,2,0.8453,2,15896.6,cohesion_baja;
PRI-000365,G089201,VICTOR DIAZ CORTES,PUERTO RICO,PRI,2,2,0.8546,3,15872.28,cohesion_baja;
USA-002537,G011463,BOLIVAR PATRICIO PLUAS,ESTADOS UNIDOS,USA,2,2,0.842,2,15716.87,cohesion_baja;
KAZ-000626,G060866,MODESTO GROUP,KAZAJSTAN,KAZ,4,3,0.8576,10,15443.5,cohesion_baja;
FRA-000070,G005793,ANNE BRASS //  DEAUVILLE,FRANCIA,FRA,2,2,0.862,9,15440.0,cohesion_baja;
CAN-001614,G059750,METRO INC Y/O GOLDENBERRY FARMS LLC,CANADA,CAN,2,2,0.8444,3,15425.6,cohesion_baja;
USA-016733,G080672,SOUTHERN WHOLESALE FLORIST,ESTADOS UNIDOS,USA,2,2,0.841,14,15299.2,cohesion_baja;
MEX-003575,G077317,"SCHWEITZER ENGINEERING LAB, S.A. DE C.V.",MEXICO,MEX,2,2,0.8417,5,15202.51,cohesion_baja;
BHR-000037,G042414,"HOPSCOTCH RESTAURANT 220004013700002,",BAHREIN,BHR,2,2,0.8593,2,15176.0,cohesion_baja;
KWT-000128,G060919,MOHAMMED HAMOUD ALSHAYA,KUWAIT,KWT,2,2,0.8594,9,15159.0,cohesion_baja;
POL-000243,G052172,KWIATPOL FIRMA HANDLOWA KAROL MALEK / FRESCA FLOR DE LA FINC,POLONIA,POL,2,2,0.8646,12,15089.75,cohesion_baja;
USA-011223,G054721,LLACH  BALLESTAS  JOSE  FELIPE,ESTADOS UNIDOS,USA,2,2,0.8628,3,15000.0,cohesion_baja;
NIC-000331,G043932,IMPORTACIONES INDUSTRIALES DE CENTROAMÉRICA S.A (IMCESA),NICARAGUA,NIC,3,3,0.8686,4,14944.78,cohesion_baja;
ITA-000340,G028195,ELITE EXPORT INC S.A. Y/O  AL.MA. ROSES SOCIETA A RESPONSABI,ITALIA,ITA,2,2,0.8436,15,14921.1,cohesion_baja;
USA-018950,G090220,WALTERS  KAREN YESENIA,ESTADOS UNIDOS,USA,3,3,0.8548,3,14763.25,cohesion_baja;
USA-014277,G067568,PASTRANA JRR ANGEL,ESTADOS UNIDOS,USA,2,2,0.8601,2,14678.72,cohesion_baja;
FRA-000628,G059112,MEGADISTR- FRESH CUT FLOWERS DISTRIBUTION INC,FRANCIA,FRA,7,6,0.8476,45,14597.97,cohesion_baja;
KAZ-000779,G082204,SUNTORY FLOWERS Y/O IMPEX FLOWERS/ DV GRS,KAZAJSTAN,KAZ,9,5,0.8476,126,14588.0,cohesion_baja;
USA-003395,G015312,CENTRAL MOUNTAIN COFFEE LLC,ESTADOS UNIDOS,USA,2,2,0.8663,2,14517.91,cohesion_baja;
CAN-001466,G054686,LIZARAZO BOLIVAR JAIRO ANDRES,CANADA,CAN,2,2,0.8641,3,14432.59,cohesion_baja;
USA-003842,G017452,COLLECTO INTERNATIONAL LLC,ESTADOS UNIDOS,USA,3,2,0.864,7,14362.0,cohesion_baja;
USA-003972,G018688,COMMERCIAL ZELECTA TRADING GROUP CORP - DIRECT FARMS LLC,ESTADOS UNIDOS,USA,3,2,0.8525,17,14310.33,cohesion_baja;
USA-001287,G005580,ANGEL FOODS LLC,ESTADOS UNIDOS,USA,2,2,0.8662,2,14280.0,cohesion_baja;
ITA-000020,G007128,ARTIGIANO IN FIERA,ITALIA,ITA,3,2,0.8511,5,14268.16,cohesion_baja;
RUS-000297,G036131,GAMAYUNOVA GS ESTABLISHMENT,RUSIA,RUS,3,3,0.8455,7,14266.5,cohesion_baja;
USA-017726,G085131,TINKER COFFEE ROASTER/VENTILA COFFEE LLC,ESTADOS UNIDOS,USA,2,2,0.8591,2,14043.56,cohesion_baja;
PER-000904,G020973,COSECHAS PERUANAS P y G E.I.R.L.,PERU,PER,2,2,0.8591,3,14040.0,cohesion_baja;
PAN-004798,G088278,VAN DER HANS ESPINOSA ELIZABETH,PANAMA,PAN,2,2,0.8587,4,13978.0,cohesion_baja;
NIC-000206,G071436,Publicaciones y Mas S.A. -EDICIONES CON ESTILO S.A. DE C.V,NICARAGUA,NIC,6,6,0.8492,22,13972.75,cohesion_baja;
OMN-000046,G040995,HAY AL MAARAFA ALHADEETHA TRADING,OMAN,OMN,4,2,0.854,28,13968.0,cohesion_baja;
DOM-000662,G019584,CONSTRUCCIONES Y DISEÑOS GONZALEZ CODIG,REPUBLICA DOMINICANA,DOM,5,4,0.8403,7,13957.11,cohesion_baja;
DEU-001499,G092245,ZIERFISH GROBHANDEL G.HONER GMBH+CO KG,ALEMANIA,DEU,2,2,0.8685,5,13707.5,cohesion_baja;
USA-008042,G038349,GONZALEZ   RAFAEL  MANUEL,ESTADOS UNIDOS,USA,3,3,0.8689,3,13694.42,cohesion_baja;
ZAF-000124,G071418,PTC GROUP PTY LTDA,SUDAFRICA,ZAF,2,2,0.8444,2,13680.0,cohesion_baja;
CHN-000294,G035516,FUMEN (SHANGHAI) SUPLY CHAIN CO LTD,CHINA,CHN,2,2,0.8556,8,13641.6,cohesion_baja;
CUW-000035,G005389,ANDRE DE LIRA HENRY ANTHONY,CURAZAO,CUW,2,2,0.8477,2,13584.5,cohesion_baja;
USA-015127,G076832,"SARA GARDEN, INC SHIP TO RAFA´S WHOLESALE FLOWERS",ESTADOS UNIDOS,USA,5,3,0.8628,29,13582.1,cohesion_baja;
USA-002029,G009209,BARNES EMERALDS AND JEWERLY,ESTADOS UNIDOS,USA,2,2,0.8689,2,13500.0,cohesion_baja;
USA-015717,G075334,ROYAL GARDEN FLOWER SHOP,ESTADOS UNIDOS,USA,6,4,0.8652,55,13475.96,cohesion_baja;
USA-006339,G031438,FAGUA FLOWERS INTL LLC LIZ,ESTADOS UNIDOS,USA,2,2,0.8556,3,13344.0,cohesion_baja;
CUW-000431,G063837,NEVILE OBISPO MARTINA,CURAZAO,CUW,2,2,0.8443,3,13330.0,cohesion_baja;
CZE-000067,G033942,FLOWER TRADE COMPANY S.R.O/BONNAR-A CO,CHEQUIA,CZE,5,4,0.8466,15,13113.01,cohesion_baja;
BRA-002019,G074759,ROGELIO MONTEBELO BIGIO,BRASIL,BRA,2,2,0.8662,2,13050.0,cohesion_baja;
CUW-000045,G006496,ARCHAK BADROSSIAN LIBIRATOSCIOLI,CURAZAO,CUW,2,2,0.8444,7,13050.0,cohesion_baja;
KAZ-000282,G028537,ELITE EXPORTS INC S.A Y/O IP SUMAR,KAZAJSTAN,KAZ,3,2,0.8453,25,12951.44,cohesion_baja;
GTM-001872,G068885,PINTO MARTINEZ DE CORDON JESSICA XIOMARA,GUATEMALA,GTM,2,2,0.867,75,12902.45,cohesion_baja;
ECU-006320,G084600,THE GREEN GENIE EC SAS,ECUADOR,ECU,3,2,0.8458,5,12818.94,cohesion_baja;
MEX-002021,G044578,"IMS Comercializadora y Fabricación de Calidad,S.A. de C.V.",MEXICO,MEX,2,2,0.8528,2,12780.92,cohesion_baja;
CAN-001523,G056344,MAGICAL AQUARIUM CLUB,CANADA,CAN,6,5,0.8501,9,12755.95,cohesion_baja;
USA-015678,G075154,ROSEBEL GOLD MINIES NV,ESTADOS UNIDOS,USA,2,2,0.856,4,12701.61,cohesion_baja;
CRI-002194,G068447,PETS MANIA CRC,COSTA RICA,CRI,2,2,0.8537,3,12659.34,cohesion_baja;
ARG-000310,G022419,DANISCO ARGENTINA SA,ARGENTINA,ARG,5,4,0.8485,9,12611.29,cohesion_baja;
ECU-002747,G036518,GAVILANES GARCIA MARIA JOSE,ECUADOR,ECU,2,2,0.8523,2,12584.0,cohesion_baja;
JAM-000372,G078562,SHANGRI-LA FLOWERS & GIFTS LTD,JAMAICA,JAM,8,6,0.8428,46,12480.93,cohesion_baja;
HND-001275,G081343,STEPHANIE MARIE NAVARRO,HONDURAS,HND,4,4,0.8542,21,12408.45,cohesion_baja;
USA-011271,G054981,LONE STAR FLOWER MARKET,ESTADOS UNIDOS,USA,11,9,0.8428,85,12383.44,cohesion_baja;
USA-008241,G038994,GREENWAY ENTERPRISES INC.,ESTADOS UNIDOS,USA,3,3,0.8534,7,12270.72,cohesion_baja;
ECU-002616,G060980,MOLINA CACERES FRANCISCO GUILLERMO,ECUADOR,ECU,2,2,0.843,3,12264.73,cohesion_baja;
USA-008334,G040149,GUIL FREE BITES,ESTADOS UNIDOS,USA,3,2,0.8522,8,12241.75,cohesion_baja;
ECU-000955,G033531,FLORES CAMPOVERDE JORGE,ECUADOR,ECU,2,2,0.8598,4,12223.55,cohesion_baja;
ABW-000049,G007156,ARTS OF COLORS ARTEENTREMANOS,ARUBA,ABW,4,3,0.8566,20,12209.21,cohesion_baja;
GTM-000804,G028070,ELECTROSUMINISTROS Y PROYECTOS SOCIEDAD ANOMIMA,GUATEMALA,GTM,2,2,0.8555,3,12165.5,cohesion_baja;
KAZ-000279,G028527,ELITE EXPORTS INC S.A Y/O FLOWERS IP BALANDINA,KAZAJSTAN,KAZ,3,2,0.8512,24,12156.11,cohesion_baja;
KAZ-000285,G028544,ELITE EXPORTS INC S.A. Y/O MURADOV FAHRI,KAZAJSTAN,KAZ,3,2,0.8529,19,12135.24,cohesion_baja;
USA-019259,G091308,X PRESS SHAPEWEAR/TIENDA HWY6 PLAZA,ESTADOS UNIDOS,USA,4,4,0.8457,41,12066.59,cohesion_baja;
ECU-003985,G052921,LADY VALVERDE BUSTAMANTE,ECUADOR,ECU,2,2,0.8532,4,12025.2,cohesion_baja;
ITA-000451,G035664,FUTURA FLOWERS DI VECCHIO LORENZA,ITALIA,ITA,3,3,0.8647,16,11998.5,cohesion_baja;
KAZ-000482,G044771,INDIVIDUAL ENTREPREUR KLIMANOV MA,KAZAJSTAN,KAZ,3,2,0.8655,25,11977.1,cohesion_baja;
USA-012855,G061991,MQE LLC/ SABOR COLOMBIA,ESTADOS UNIDOS,USA,3,3,0.8698,3,11819.0,cohesion_baja;
PAN-003382,G060825,MODA Z7 SA,PANAMA,PAN,3,2,0.8421,3,11768.73,cohesion_baja;
USA-007650,G036537,GB COLOMBIAN FLOWERS LLC,ESTADOS UNIDOS,USA,3,2,0.849,14,11677.78,cohesion_baja;
USA-000376,G001266,ACUSHNET COMPANY / LINKS & KINGS // COUNTRY CLUB OF NEW CANA,ESTADOS UNIDOS,USA,2,2,0.8692,2,11664.4,cohesion_baja;
USA-003294,G014721,CASTELLANOS SANTIESTEBAN ROSALIA,ESTADOS UNIDOS,USA,2,2,0.8634,2,11650.0,cohesion_baja;
SLV-000149,G013356,CAMINOS  VIUDA DE LARA  MARIA DEL CARMEN,EL SALVADOR,SLV,3,3,0.8628,18,11646.7,cohesion_baja;
PER-001904,G044866,INDUSTRIA CARROCERA DE ALUMINIO ICALU SAC,PERU,PER,3,3,0.8624,43,11619.23,cohesion_baja;
USA-003552,G016169,CHIQUITA GUATEMALA SA,ESTADOS UNIDOS,USA,3,3,0.8649,3,11609.55,cohesion_baja;
CHN-000991,G078669,"SHENZHEN JINSUNWAY MOULD CO., LTD",CHINA,CHN,2,2,0.8577,18,11570.77,cohesion_baja;
ESP-000230,G005904,ANTISANA FLORI SL,ESPANA,ESP,4,3,0.8536,20,11511.2,cohesion_baja;
USA-014899,G071121,PROTRAIL ENTER PRISE CORP,ESTADOS UNIDOS,USA,3,2,0.8685,6,11459.2,cohesion_baja;
ECU-003939,G052760,LABORATORIOS NEOFARMACO,ECUADOR,ECU,3,3,0.8495,4,11404.89,cohesion_baja;
USA-001021,G004814,AMERICAN BUSSINES OF ELECTRONIC,ESTADOS UNIDOS,USA,4,3,0.847,11,11394.93,cohesion_baja;
USA-007457,G036057,GALO'S TRADING INC C/O: MARCUS EDWARD CARDER,ESTADOS UNIDOS,USA,3,3,0.851,3,11393.68,cohesion_baja;
HND-000858,G048974,JESSY ASSIRYS MENJIVER REYES,HONDURAS,HND,2,2,0.8618,5,11368.41,cohesion_baja;
USA-015493,G074331,RK INTERNATONAL GROUP INC,ESTADOS UNIDOS,USA,2,2,0.8666,3,11340.0,cohesion_baja;
TUR-000370,G091150,WORLD MEDICINE ILAC SAN VE TIC A. - CERKEZKOY ORGANIZE,TURQUIA,TUR,3,3,0.8462,4,11340.0,cohesion_baja;
PER-002086,G047173,INVERSIONES METALICAS S.A.,PERU,PER,2,2,0.8517,3,11246.4,cohesion_baja;
DOM-000698,G020246,CORPORACION BELEKO S.A / FAGUAFLOWERS INTL LLC. / JARDIN FLO,REPUBLICA DOMINICANA,DOM,8,8,0.8464,9,11213.5,cohesion_baja;
USA-000374,G001269,ACUSHNET COMPANY / LINKS & KINGS/EAST LAKE GOLF CLUB,ESTADOS UNIDOS,USA,7,7,0.8406,8,11185.12,cohesion_baja;
TTO-000159,G028539,ELITE EXPORTS INC S A Y/O KEVILLE REDMAN,TRINIDAD Y TOBAGO,TTO,4,3,0.8484,83,11102.31,cohesion_baja;
MEX-000724,G015422,CENTRO FLORICULTOR DE BAJA CALIFORNIA S.A. DE C.V.,MEXICO,MEX,2,2,0.8413,2,11000.0,cohesion_baja;
USA-002755,G012365,BTC CONSULTING GROUP CORP,ESTADOS UNIDOS,USA,2,2,0.864,2,10949.0,cohesion_baja;
PAN-002556,G045522,INES CUERVO DE CABRERA,PANAMA,PAN,4,2,0.8592,25,10918.76,cohesion_baja;
BOL-000049,G005139,ANA CRISTINA MEDINA,BOLIVIA,BOL,4,4,0.8429,41,10914.0,cohesion_baja;
IDN-000029,G071331,PT. Fillomatic Global Industries,INDONESIA,IDN,2,2,0.8687,6,10892.87,cohesion_baja;
USA-004822,G022757,DBG/ CD WHOLESALE CHICAGO,ESTADOS UNIDOS,USA,4,4,0.8469,17,10886.38,cohesion_baja;
CAN-001060,G038871,GREEN GLOBAL CONNECTION INC // UNITED FLORAL INC,CANADA,CAN,4,4,0.867,23,10811.31,cohesion_baja;
HND-000558,G032807,FIGUEROA   WENDY  CAROLINA,HONDURAS,HND,2,2,0.8617,14,10793.61,cohesion_baja;
USA-011789,G057276,MARIA AREVALO / BLOSSOM EXPRESS,ESTADOS UNIDOS,USA,5,3,0.853,65,10714.76,cohesion_baja;
POL-000273,G058286,MATEUSZ GROBOWSKI WEB PRO,POLONIA,POL,2,2,0.8687,2,10613.5,cohesion_baja;
USA-006969,G033993,FLOWERS 2 GO DBA FLOWER LIST FARMS,ESTADOS UNIDOS,USA,4,4,0.8542,18,10601.35,cohesion_baja;
MEX-000731,G015610,CERVECERIA MODELO S. DE R.L. DE C.V.,MEXICO,MEX,2,2,0.8537,2,10556.0,cohesion_baja;
PAN-004790,G088068,VALDES CHAVEZ SILVINA,PANAMA,PAN,4,3,0.856,5,10272.27,cohesion_baja;
CAN-001384,G051589,KJ FRUITS IMPORTS,CANADA,CAN,3,3,0.8505,7,10252.88,cohesion_baja;
USA-018868,G089975,VORTEX WORLDWIDE LOGISTICS,ESTADOS UNIDOS,USA,2,2,0.8457,2,10206.64,cohesion_baja;
ECU-006262,G083841,TELLO  MERCEDES  ADELAIDA,ECUADOR,ECU,2,2,0.8594,5,10131.09,cohesion_baja;
CHN-000571,G052109,KUNMING FLORA TALE TRADING CO LTD,CHINA,CHN,5,5,0.8459,8,10054.8,cohesion_baja;
MEX-002392,G053640,LECUONA BELTRAN LUIS MIGUEL,MEXICO,MEX,2,2,0.8453,2,10015.0,cohesion_baja;
USA-005484,G026574,E RESEARCH TECHNOLOGY ERT,ESTADOS UNIDOS,USA,2,2,0.8667,4,10000.0,cohesion_baja;
AUT-000109,G092241,ZIERFISCH ZENTRUM AUSTRIA,AUSTRIA,AUT,3,3,0.858,3,9917.63,cohesion_baja;
SINNOMBRE-000054,SINNOMBRE-000054,>,ESTADOS UNIDOS,USA,1,1,1.0,1,9832.22,sin_nombre_utilizable;
KAZ-000283,G028538,ELITE EXPORTS INC S.A Y/O IP SUNGATULLIN,KAZAJSTAN,KAZ,3,2,0.8485,54,9807.970000000001,cohesion_baja;
PAN-004279,G076074,SALDARRIAGA VALERO LILIANA,PANAMA,PAN,2,2,0.8401,2,9800.0,cohesion_baja;
ITA-000772,G067294,"PAPER CONVERTING MACHINE CO., ITALY",ITALIA,ITA,3,3,0.8474,3,9797.74,cohesion_baja;
MYS-000050,G018888,COMMERCIAL ZELECTA TRADING GROUP CORP - PRIME FLOWERS - FLOR,MALASIA,MYS,7,6,0.8637,34,9670.98,cohesion_baja;
USA-002143,G009816,BELL TEXTRON CRO,ESTADOS UNIDOS,USA,2,2,0.8693,2,9588.3,cohesion_baja;
CRI-001736,G049563,JOHNNY GERARDO SOLANO VARGAS,COSTA RICA,CRI,3,3,0.8591,6,9535.13,cohesion_baja;
USA-019238,G091301,"X PRESS   SHAPEWEAR , LL C/O UNLIMITED FASHION LLC",ESTADOS UNIDOS,USA,5,3,0.8436,53,9524.7,cohesion_baja;
CAN-002350,G085499,TONY DEODATO AND SONS LTD,CANADA,CAN,2,2,0.8415,8,9510.77,cohesion_baja;
FRA-000333,G029866,ERIC DESCAMPS (OXYGENE),FRANCIA,FRA,2,2,0.8528,3,9496.83,cohesion_baja;
CRI-002442,G075496,RUBIANO ZAMBRANO  ESPERAZA,COSTA RICA,CRI,2,2,0.8615,12,9405.599999999999,cohesion_baja;
ECU-004820,G065092,NYCOL OLMEDO ANDINO,ECUADOR,ECU,2,2,0.8545,7,9255.029999999999,cohesion_baja;
CHN-000573,G052111,"KUNMING HASFARM YOUNG PLANTS, LTD. Y/O SELECTA CUT FLOWERS,",CHINA,CHN,3,3,0.8524,24,9112.7,cohesion_baja;
BRA-001241,G047998,ITW PPF BRASIL ADESIVOS LTDA,BRASIL,BRA,2,2,0.8431,3,9091.83,cohesion_baja;
DEU-000763,G050296,JUAN GONZALEZ VICTORIA,ALEMANIA,DEU,2,2,0.8402,2,9050.0,cohesion_baja;
CRI-000074,G076943,SAUCEDO ORTIZ MONICA MARIA / ADRIANA VENEGAS VENEGAS,COSTA RICA,CRI,3,2,0.8459,8,8932.119999999999,cohesion_baja;
DOM-001476,G044670,Incolpiezas SRL,REPUBLICA DOMINICANA,DOM,2,2,0.8448,2,8919.0,cohesion_baja;
ITA-000215,G017007,CM ITALIA DI MARIA BEATRICE ROSA,ITALIA,ITA,2,2,0.867,5,8886.93,cohesion_baja;
LCA-000025,G033006,FIRSTCARIBBEAN INTERNATIONAL BANK LIMITED ST LUCIA,SANTA LUCIA,LCA,3,3,0.8583,15,8797.96,cohesion_baja;
ECU-004960,G066879,PAKARINA FLOWERS & FRUITS CIA LTD,ECUADOR,ECU,3,3,0.8656,32,8782.4,cohesion_baja;
MEX-000841,G018074,COMERCIALIZADORA CRAMFF S.A. DE C.V.,MEXICO,MEX,5,3,0.8554,9,8590.0,cohesion_baja;
MEX-003364,G073278,RENATO CARDENAS SALINAS,MEXICO,MEX,5,4,0.8619,8,8588.34,cohesion_baja;
DOM-001054,G031445,FAGUAFLOWERS INT LLC //  JARDIN FLORES EXOTICAS DEL OR ULLOA,REPUBLICA DOMINICANA,DOM,3,3,0.8447,5,8504.18,cohesion_baja;
LBN-000046,G042309,HOME STYLE SARL,LIBANO,LBN,2,2,0.8673,21,8473.29,cohesion_baja;
ABW-000129,G013952,CARIBBEAN INFRASTRUCTURE COMPANY (CIC) N.V.,ARUBA,ABW,4,4,0.8477,8,8284.89,cohesion_baja;
RUS-000166,G033990,FLOWERS BV (BIFLORICA),RUSIA,RUS,2,2,0.8462,2,8197.75,cohesion_baja;
ECU-002417,G031238,FABIAN HERMEL HURTADO DELGADO,ECUADOR,ECU,3,3,0.8462,7,8188.65,cohesion_baja;
USA-016237,G077517,SECORE FLORAL EXPORT//AMERICAN FLORIST SUPPLY,ESTADOS UNIDOS,USA,9,9,0.8496,20,8121.04,cohesion_baja;
TTO-000103,G015803,CHALS EXOTICS ASOLUTIONS / KROHNE ORNAMENTAL LLC,TRINIDAD Y TOBAGO,TTO,2,2,0.8533,6,8114.459999999999,cohesion_baja;
USA-017535,G084520,THE FARM DIRECT COMPANY // VIVAX FLOWERS LLC,ESTADOS UNIDOS,USA,5,3,0.8441,8,8107.91,cohesion_baja;
ECU-002459,G031721,FARINANGO LAGUNAS KARLA VANESSA,ECUADOR,ECU,2,2,0.8522,2,8100.0,cohesion_baja;
NIC-000365,G045919,INNOVACION Y TECNOLOGIA S.A DE C.V,NICARAGUA,NIC,2,2,0.8454,4,8033.4,cohesion_baja;
ESP-000761,G018632,COMMERCIAL ZELECTA TRADING GROUP CORP -  ANTISANA FIORI S.L.,ESPANA,ESP,3,3,0.8621,9,7885.75,cohesion_baja;
ECU-000826,G012003,BRAVO  JUAN DIEGO,ECUADOR,ECU,2,2,0.8415,7,7871.76,cohesion_baja;
ESP-001702,G043514,IMAR SPAIN PACK S.L.,ESPANA,ESP,5,5,0.8421,14,7796.37,cohesion_baja;
USA-013088,G062354,MULTIFLORA CORP Y/O WALNUT RIDGE TRADING CORP,ESTADOS UNIDOS,USA,3,3,0.8412,9,7753.7,cohesion_baja;
CHN-000466,G042651,HUAN YU INTERNATIONAL CO LIMITED // BEIJING JING KE HONG XIA,CHINA,CHN,4,4,0.8564,12,7717.9,cohesion_baja;
ARG-001218,G089198,VICTOR ANDRES ESTRUGO,ARGENTINA,ARG,2,2,0.8671,2,7700.0,cohesion_baja;
DOM-001984,G060188,MIGUEL DE LOS SANTOS FERRERAS,REPUBLICA DOMINICANA,DOM,2,2,0.8494,2,7644.0,cohesion_baja;
USA-017798,G085388,TODD  RACHEL  SUE,ESTADOS UNIDOS,USA,2,2,0.8663,2,7633.92,cohesion_baja;
CHN-000462,G042652,HUAN YU INTERNATIONAL CO LIMITED / BEIJING YOU XIN BAI RONG,CHINA,CHN,2,2,0.8532,8,7612.3,cohesion_baja;
USA-019370,G091811,YOUR PET FISH,ESTADOS UNIDOS,USA,2,2,0.8573,3,7582.45,cohesion_baja;
ECU-002326,G030126,ESPECIALISTAS EN SUBESTACIONES EMS-TESTING CIA LTDA,ECUADOR,ECU,3,2,0.8476,3,7562.36,cohesion_baja;
ECU-002930,G039953,GUALOTO LUGUAÑA VICTOR ALFONSO,ECUADOR,ECU,2,2,0.858,5,7514.77,cohesion_baja;
ECU-002090,G027069,ECUATORIANA DE MATRICERIA,ECUADOR,ECU,2,2,0.8634,4,7471.53,cohesion_baja;
USA-000437,G001350,ADAMS APPLE FRUIT & VEGETABLE LLC,ESTADOS UNIDOS,USA,2,2,0.8696,3,7463.4,cohesion_baja;
NLD-000720,G030891,EXIM FLOWERS-FN FUSION,PAISES BAJOS,NLD,4,3,0.842,11,7437.5,cohesion_baja;
ESP-000245,G005956,ANTONIO PORTO OTERO,ESPANA,ESP,3,2,0.8686,34,7362.53,cohesion_baja;
PAN-002169,G039269,GRUPO ARGENTINO DE INVERSIONES SA (GARINSA),PANAMA,PAN,2,2,0.8476,6,7300.68,cohesion_baja;
USA-003950,G018831,COMMERCIAL ZELECTA TRADING GROUP CORP - LARSEN.S LEAVES LLC.,ESTADOS UNIDOS,USA,5,4,0.8637,22,7275.5,cohesion_baja;
HKG-000000,G030537,1064-EURO-FISH TRADING,HONG KONG,HKG,2,2,0.8697,2,7223.86,cohesion_baja;
HND-000222,G016332,CHT DE MEXICO S.A. DE C.V (HN),HONDURAS,HND,2,2,0.8424,4,7191.0,cohesion_baja;
RUS-000267,G034015,FLOWERS DON,RUSIA,RUS,3,2,0.8408,22,7188.5,cohesion_baja;
KWT-000195,G089540,VINTAGE WHOLESALES FLOWERS,KUWAIT,KWT,2,2,0.8516,4,7132.7,cohesion_baja;
ARE-000955,G088464,VARIJ FLOWERS AND CHOCOLATES SALES - SOLE PROPRIETORSHIP L.L,EMIRATOS ARABES UNIDOS,ARE,2,2,0.8496,4,7092.8,cohesion_baja;
ESP-001308,G081475,STORE FLORES DE VALENCIA,ESPANA,ESP,2,2,0.8403,6,7059.9,cohesion_baja;
PAN-000204,G003275,"ALCON CENTRO AMERICA, SA",PANAMA,PAN,2,2,0.8402,2,7037.87,cohesion_baja;
RUS-000112,G018768,COMMERCIAL ZELECTA TRADING GROUP CORP -  OOO FORMULA TSVETOV,RUSIA,RUS,4,3,0.8645,17,6933.0,cohesion_baja;
ARE-000713,G065700,ONCE FLOWERS TRADING,EMIRATOS ARABES UNIDOS,ARE,5,4,0.8661,76,6897.460000000001,cohesion_baja;
AZE-000034,G042819,HUSEYNOV SURAC QAHRAMAN OGLU INC,AZERBAIYAN,AZE,5,4,0.8619,8,6894.8,cohesion_baja;
SLV-000621,G045112,INDUSTRIAL LA PALMA S.A. DE C.V. R,EL SALVADOR,SLV,2,2,0.8512,2,6677.4,cohesion_baja;
PER-000589,G015436,CENTRO MEDICO ESPECIALIZADO RY,PERU,PER,2,2,0.8661,2,6553.46,cohesion_baja;
IND-000098,G011085,BLOOM VENTURE INDIA,INDIA,IND,3,2,0.8582,5,6540.4,cohesion_baja;
CRI-002080,G063162,NATHALY MONGE,COSTA RICA,CRI,2,2,0.8654,49,6463.48,cohesion_baja;
NLD-001363,G052060,KUEHNE + NAGEL PERISHABLES LOGISTICS,PAISES BAJOS,NLD,23,14,0.8417,158,6455.39,cohesion_baja;
KOR-000131,G018707,COMMERCIAL ZELECTA TRADING GROUP CORP -  ELIENA HOTEL CO.LTD,COREA DEL SUR,KOR,3,3,0.8642,7,6375.2,cohesion_baja;
GBR-000039,G002188,AGRIVER AGRICULTURE LTD,REINO UNIDO,GBR,5,3,0.842,23,6321.8,cohesion_baja;
USA-006196,G030859,EXECUTIVE AVIATION CORPORATION,ESTADOS UNIDOS,USA,2,2,0.8642,3,6314.280000000001,cohesion_baja;
CHN-000231,G028517,ELITE EXPORTS INC S A Y/O DIALINK LIMITED,CHINA,CHN,2,2,0.8569,13,6303.6,cohesion_baja;
GTM-001908,G069895,"PQ SWIM LLC // B & M, S. A",GUATEMALA,GTM,4,3,0.8462,178,6243.62,cohesion_baja;
CHL-002637,G002129,SOCIEDAD AGRICOLA TOLEDO ANDRADE,CHILE,CHL,2,2,0.8624,3,6176.07,cohesion_baja;
USA-017371,G083419,TECHFIT Digital Surgery,ESTADOS UNIDOS,USA,2,2,0.8478,2,5900.0,cohesion_baja;
ESP-002876,G072660,RAUL AZNAR VAN STEEN,ESPANA,ESP,2,2,0.8515,2,5895.0,cohesion_baja;
ESP-000109,G003127,ALAUDA CARGO SERVICES SL,ESPANA,ESP,5,5,0.8498,20,5841.7,cohesion_baja;
MEX-002447,G054882,"LOGISTICA DE COMERCIO INTERNACIONAL, S.A. DE C.V.",MEXICO,MEX,2,2,0.8497,3,5824.0,cohesion_baja;
USA-004812,G022745,DBA HANA FARMS INC,ESTADOS UNIDOS,USA,2,2,0.8536,2,5666.4,cohesion_baja;
CHN-000734,G066625,OZ BLOSSOM (PTY) LTD,CHINA,CHN,2,2,0.8495,2,5637.45,cohesion_baja;
CRI-001298,G037280,GIOVANNI CATALAN SALAS,COSTA RICA,CRI,3,2,0.8593,5,5587.610000000001,cohesion_baja;
HND-000310,G020587,"CORPORACION INDUSTRIAL DE SULA, S.A.",HONDURAS,HND,2,2,0.8468,2,5490.2,cohesion_baja;
CHL-000402,G014952,CB PARTS SPA / CERNA FLORES RODRIGO,CHILE,CHL,2,2,0.857,2,5474.0,cohesion_baja;
USA-004016,G018969,COMMERCIAL ZELECTA TRADING GROUP CORP - WILLY¨S FLOWERS WHOL,ESTADOS UNIDOS,USA,6,4,0.8647,29,5408.440000000001,cohesion_baja;
KAZ-000128,G011593,BONNAR A LLP / FTCALA AVI-02 / TRUCK BONNAR,KAZAJSTAN,KAZ,2,2,0.8412,7,5358.85,cohesion_baja;
USA-005599,G027047,ECUAMIA FLOWERS_HDB ROS Y/O WALNUT RIDGE TRADING CORP,ESTADOS UNIDOS,USA,4,2,0.8553,25,5357.4,cohesion_baja;
NOR-000041,G036638,GEIR KATTO STOKE,NORUEGA,NOR,3,3,0.8451,3,5335.98,cohesion_baja;
USA-007489,G036052,"GALO'S TRADING, INC C/O: JOYLENE BUDENSIEK",ESTADOS UNIDOS,USA,2,2,0.8514,2,5287.42,cohesion_baja;
ECU-002331,G055690,LUIS OSWALDO ESPINOZA VELASQUEZ,ECUADOR,ECU,2,2,0.8557,2,5281.8,cohesion_baja;
QAT-000061,G028225,ELITE EXPORT INC S.A. Y/O FLOWARD ALDOHA TRADING,QATAR,QAT,3,3,0.8457,30,5272.889999999999,cohesion_baja;
DOM-002536,G081417,STIVEN ANTONO NUÑEZ ESPINAL,REPUBLICA DOMINICANA,DOM,2,2,0.8637,2,5262.67,cohesion_baja;
USA-013372,G063224,NATIVE BOUQUET / BALTIMORE / MARYLAND,ESTADOS UNIDOS,USA,4,3,0.8517,7,5241.139999999999,cohesion_baja;
USA-011030,G084656,THE LESLIE-LOHMAN MUSEUM OF ART,ESTADOS UNIDOS,USA,2,2,0.8659,2,5200.0,cohesion_baja;
ITA-000141,G011420,Boheringer Ingelheim Animal Health Italia S.p.A.,ITALIA,ITA,3,3,0.8433,3,5195.990000000001,cohesion_baja;
USA-003166,G074383,ROA TOBAR CARLOS ANDRES,ESTADOS UNIDOS,USA,2,2,0.8494,2,5100.0,cohesion_baja;
RUS-000393,G047567,IP RUDNEV DENIS VLADIMIROVICH,RUSIA,RUS,2,2,0.859,16,5080.48,cohesion_baja;
USA-010181,G050355,JUAN PABLO QUINTERO,ESTADOS UNIDOS,USA,2,2,0.86,2,5050.0,cohesion_baja;
NOR-000007,G040092,GUERRERO AVENDAÑO ANDREA XIMENA,NORUEGA,NOR,2,2,0.8445,2,5040.0,cohesion_baja;
MEX-003309,G072301,RAFAEL RODRIGUEZ MARTIN,MEXICO,MEX,2,2,0.8652,2,5000.0,cohesion_baja;
ZAF-000164,G090954,WIRICK  HEATHER MARIE,SUDAFRICA,ZAF,2,2,0.8401,2,4900.0,cohesion_baja;
NIC-000367,G046064,INSTALACIONES TELEFONICAS DE NICARAGUA (INTERSAL),NICARAGUA,NIC,2,2,0.8698,2,4850.85,cohesion_baja;
CRI-000686,G019405,CONSOLIDADORA DEL CARIBE HBSF,COSTA RICA,CRI,3,3,0.8637,32,4830.0,cohesion_baja;
NLD-001015,G036970,GERALDINO GROUP CURACAO,PAISES BAJOS,NLD,2,2,0.8641,8,4721.7,cohesion_baja;
ESP-000814,G021334,CRISAL FLOR SL,ESPANA,ESP,2,2,0.8573,7,4664.6,cohesion_baja;
NLD-000448,G020250,CORPORACION BELEKO S.A. - FARM DIRECT NETHERLANDS B.V.,PAISES BAJOS,NLD,4,2,0.8566,15,4627.5,cohesion_baja;
USA-016552,G079589,Skypostal NETWORKS - Import Department,ESTADOS UNIDOS,USA,4,2,0.8609,13,4607.33,cohesion_baja;
USA-013243,G059051,Medtronic Surgical,ESTADOS UNIDOS,USA,2,2,0.8682,3,4603.65,cohesion_baja;
ECU-002855,G038297,GONZALEZ CEVALLOS ALFONSO MARCELO,ECUADOR,ECU,2,2,0.8664,2,4603.0,cohesion_baja;
USA-006009,G052220,L EQUINOCCIAL FLOWERS // ROYALTY WHOLESALE FLOWERS INC,ESTADOS UNIDOS,USA,3,3,0.8639,9,4577.37,cohesion_baja;
USA-015997,G076382,SANCHEZ FRUN KATHERINA MARIA,ESTADOS UNIDOS,USA,2,2,0.865,2,4539.0,cohesion_baja;
ARE-000377,G066466,OTANI TRADING PTE LTD / FLOWER GLOBAL TRADING LLC,EMIRATOS ARABES UNIDOS,ARE,3,3,0.8668,6,4518.38,cohesion_baja;
ESP-002485,G061983,MQE/RAUL HERNANDEZ FRAILE,ESPANA,ESP,2,2,0.8513,2,4445.0,cohesion_baja;
USA-014453,G068339,PETALS WEST INC,ESTADOS UNIDOS,USA,2,2,0.8588,3,4434.0,cohesion_baja;
CHN-000460,G042650,HUAN YU BEIJING JING KE HONG XIANG IMPORT & EXPORT TRADING C,CHINA,CHN,3,3,0.8454,7,4299.65,cohesion_baja;
RUS-000668,G082121,SUNTORY FLOWERS Y/O APRIL FLOWERS 000 RODNIE,RUSIA,RUS,3,2,0.8629,16,4233.5,cohesion_baja;
CAN-000610,G020406,CORPORACION BELEKO S.A. - THE FLORAL EXPRESS INC,CANADA,CAN,3,2,0.8542,19,4148.5,cohesion_baja;
HND-000243,G019293,Confecciones del Valle S de RL,HONDURAS,HND,2,2,0.8607,15,4102.67,cohesion_baja;
KAZ-000329,G033314,FLORA LAND,KAZAJSTAN,KAZ,3,3,0.8423,6,4099.400000000001,cohesion_baja;
PAN-004925,G091441,Yaco García Arte Latinoamericano,PANAMA,PAN,4,4,0.8668,8,4080.0,cohesion_baja;
ECU-003875,G051623,KLEBER OSWALDO QUEZADA,ECUADOR,ECU,2,2,0.8626,9,4057.97,cohesion_baja;
ZZF-000154,G079430,SISTEMAS DE INTEGRACIÓN EN ENSAMBLES S.A.S.,ZONA FRANCA (COLOMBIA),ZZF,4,2,0.845,11,3913.8,cohesion_baja;
BIH-000011,G090005,VRTLARIJA SARIC DOO Y/O DAOFLOWERS LIMITED,BOSNIA Y HERZEGOVINA,BIH,4,3,0.8465,20,3882.5,cohesion_baja;
ECU-006093,G081270,STEEL&TECH INGENIERIA E C S.A.,ECUADOR,ECU,2,2,0.8497,5,3881.64,cohesion_baja;
CUW-000245,G032970,FIRST CARIBBEAN INTERNATIONAL BANK LIMITED,CURAZAO,CUW,3,3,0.8534,29,3705.55,cohesion_baja;
ARG-000976,G073290,RENAULT SANTA ISABEL,ARGENTINA,ARG,2,2,0.8617,2,3683.19,cohesion_baja;
TTO-000174,G031161,EYE FOR DESIGN  TOBAGO,TRINIDAD Y TOBAGO,TTO,5,4,0.8649,19,3639.4,cohesion_baja;
USA-015270,G072974,RED MOUNTAIN,ESTADOS UNIDOS,USA,3,2,0.8475,28,3610.52,cohesion_baja;
BRA-001434,G055966,LXB Desenvolvimento TecnolÃ³gico Ltda,BRASIL,BRA,2,2,0.8519,3,3586.6,cohesion_baja;
SVK-000029,G081483,STORGE SK SOR,ESLOVAQUIA,SVK,2,2,0.8565,9,3578.0,cohesion_baja;
BRA-001416,G089554,VIOTTI ALBUQUERQUE LUCAS,BRASIL,BRA,2,2,0.8674,2,3550.0,cohesion_baja;
PRI-001079,G071524,PUMA ENERGY CARIBE LLC,PUERTO RICO,PRI,2,2,0.8423,2,3529.0,cohesion_baja;
NLD-002176,G089086,VHV FLOWERS AND GREEN,PAISES BAJOS,NLD,3,2,0.8608,4,3481.5,cohesion_baja;
PER-002487,G073708,RETANA TRANSAMERICA S.A / MATHIESEN PERU S.A.C,PERU,PER,2,2,0.843,2,3431.45,cohesion_baja;
NLD-002255,G092006,ZANDBERGEN FLOWERS BV/ TRACKING FLOWERS SERVICE,PAISES BAJOS,NLD,2,2,0.8417,7,3331.5,cohesion_baja;
USA-000412,G001307,ACUSHNET COMPANY / LINKS & KINGS // THE OLYMPIC CLUB,ESTADOS UNIDOS,USA,2,2,0.8609,3,3263.2,cohesion_baja;
USA-003012,G013214,CALZADILLA WALDMANN LUIS MANUEL,ESTADOS UNIDOS,USA,2,2,0.8623,2,3201.0,cohesion_baja;
IDN-000058,G070224,PRIME FLOWERS COMPANY LIMITED / PT PERSADA ASRI MANDIRI,INDONESIA,IDN,3,3,0.8543,11,3176.93,cohesion_baja;
USA-013393,G063273,Natural Bloom Flowers & Co,ESTADOS UNIDOS,USA,5,4,0.8649,40,3142.61,cohesion_baja;
CHE-000077,G013474,Candelaria Blumen GmbH,SUIZA,CHE,2,2,0.8526,2,3130.89,cohesion_baja;
MEX-000086,G001665,AERO TRANSPORTE DE CARGA UNION SA DE CV RFC: ATC980305LM1,MEXICO,MEX,3,2,0.856,6,3074.5,cohesion_baja;
USA-011896,G057669,MARKEN MIAMI,ESTADOS UNIDOS,USA,9,7,0.8426,14,3065.0,cohesion_baja;
USA-007194,G035017,FRESH FLOWERS MARKET INC,ESTADOS UNIDOS,USA,5,5,0.8675,16,2916.3,cohesion_baja;
IDN-000117,G071306,PT. APPAREL ONE INDO,INDONESIA,IDN,2,2,0.8558,5,2904.0,cohesion_baja;
CAN-001152,G042274,HOLLAND NURSERIES LIMITED,CANADA,CAN,3,3,0.8472,28,2884.44,cohesion_baja;
POL-000063,G018901,COMMERCIAL ZELECTA TRADING GROUP CORP - ROSE GARDEN,POLONIA,POL,2,2,0.8641,4,2836.4,cohesion_baja;
PAN-004371,G078192,SERVICIOS TECNICOS GSG,PANAMA,PAN,3,2,0.8482,3,2711.0,cohesion_baja;
AUT-000053,G051271,KERSTIN LAHERSTORFER,AUSTRIA,AUT,2,2,0.8428,3,2693.23,cohesion_baja;
USA-002233,G010123,BERNAL BURROWES KATALINA,ESTADOS UNIDOS,USA,4,2,0.847,11,2690.4,cohesion_baja;
USA-001043,G004959,AMERICANA FLOWERS BROKERS,ESTADOS UNIDOS,USA,4,3,0.8688,7,2661.5,cohesion_baja;
USA-003177,G014154,CARLOS ENRIQUE MURILLO SANCHEZ,ESTADOS UNIDOS,USA,2,2,0.8568,2,2650.0,cohesion_baja;
SLV-001153,G079472,SITES GUATEMALA S.A,EL SALVADOR,SLV,2,2,0.8497,2,2626.74,cohesion_baja;
USA-007581,G036382,GARDEN FLOWERS WHOLESALE,ESTADOS UNIDOS,USA,2,2,0.86,4,2622.6,cohesion_baja;
NLD-000806,G033298,FLORA BUSINESS HOLDING BV,PAISES BAJOS,NLD,2,2,0.8431,2,2601.2,cohesion_baja;
KGZ-000010,G011119,BLOOMSEA EXPORT SA INDIVIDUAL INTERPRENEUR TONKIKH ILYA,KIRGUISTAN,KGZ,2,2,0.8515,4,2594.8,cohesion_baja;
PAN-002867,G049929,JOSÉ MANUEL CELIX / SUPPLYGRAFIC,PANAMA,PAN,2,2,0.8528,7,2564.0,cohesion_baja;
USA-009849,G049035,JETTY GROUP CORP LTD 2911,ESTADOS UNIDOS,USA,6,6,0.8583,11,2559.76,cohesion_baja;
BLR-000041,G082211,SUNTORY FLOWERS Y/O IMPEX FLOWERS/GLOBAL FLOWERS,BELARUS,BLR,3,3,0.8421,13,2542.0,cohesion_baja;
PAN-003673,G066327,OSCAR DANIEL CASTAÑO LLORENTE,PANAMA,PAN,2,2,0.8656,4,2480.0,cohesion_baja;
UKR-000030,G033350,FLORA UKRANIE,UCRANIA,UKR,3,3,0.857,5,2464.7,cohesion_baja;
USA-010197,G050406,JUANITA VALDEZ,ESTADOS UNIDOS,USA,4,3,0.8444,21,2418.03,cohesion_baja;
USA-012130,G058565,MAYES WHOLESALE,ESTADOS UNIDOS,USA,2,2,0.8589,2,2413.0,cohesion_baja;
VNM-000152,G084643,"THE JORDON GARMENTS (VIETNAM) CO., LTD.",VIET NAM,VNM,4,4,0.8498,5,2407.69,cohesion_baja;
GBR-000898,G064147,NICOLE CORTES TOVAR,REINO UNIDO,GBR,2,2,0.865,2,2400.0,cohesion_baja;
CRI-000351,G010117,BERMUDEZ QUIJANO MIGUEL JESUS,COSTA RICA,CRI,2,2,0.8648,2,2365.34,cohesion_baja;
ITA-000489,G039857,GRUPPO BERTOLASO,ITALIA,ITA,3,3,0.8667,17,2346.19,cohesion_baja;
USA-009160,G044593,IN BLOOM FLORAL,ESTADOS UNIDOS,USA,10,8,0.8554,43,2303.01,cohesion_baja;
ECU-003856,G051155,KELVIN QUIROZ AGUAYO,ECUADOR,ECU,2,2,0.8593,2,2279.86,cohesion_baja;
SINNOMBRE-000000,SINNOMBRE-000000,'+,ESTADOS UNIDOS,USA,1,1,1.0,3,2222.51,sin_nombre_utilizable;
KAZ-000196,G047518,IP DENISENKO VLADIMIR NIKOLAEVICH,KAZAJSTAN,KAZ,3,2,0.8689,7,2211.7,cohesion_baja;
AUS-000157,G022421,DANISCO AUSTRALIA PTY LTD.,AUSTRALIA,AUS,3,2,0.8494,6,2198.5,cohesion_baja;
USA-019131,G090918,WINDOWS & DOORS DESING CENTER,ESTADOS UNIDOS,USA,4,3,0.8683,4,2080.99,cohesion_baja;
USA-019254,G091296,X PRESS SHAPEWEAR LL C/O PROFESSONAL PROFESSIONAL BEAUTY PRO,ESTADOS UNIDOS,USA,2,2,0.8644,10,2035.26,cohesion_baja;
USA-013307,G062833,NABU TRADING LLC,ESTADOS UNIDOS,USA,7,5,0.861,60,1972.2,cohesion_baja;
USA-000957,G004542,ALVARO GERMAN MUNOZ,ESTADOS UNIDOS,USA,2,2,0.8541,9,1923.66,cohesion_baja;
KAZ-000275,G028529,ELITE EXPORTS INC S.A Y/O FOREVER GARDA,KAZAJSTAN,KAZ,4,3,0.8508,10,1916.4,cohesion_baja;
RUS-000699,G082171,SUNTORY FLOWERS Y/O OOO FLOWER EXPRESS.,RUSIA,RUS,2,2,0.8698,8,1902.0,cohesion_baja;
USA-010358,G050997,KATALEA FLOWERS LLC LAX,ESTADOS UNIDOS,USA,2,2,0.858,10,1900.38,cohesion_baja;
TTO-000133,G022581,DAVE RAWLAL DESIGNS,TRINIDAD Y TOBAGO,TTO,4,3,0.8481,27,1838.43,cohesion_baja;
GBR-000251,G018627,COMMERCIAL ZELECTA TRADING GROUP CORP - ALL SEASONS FLOWERS,REINO UNIDO,GBR,5,3,0.8603,9,1767.5,cohesion_baja;
RUS-000682,G082194,SUNTORY FLOWERS Y/O IMPEX FLOWERS / ARIBN,RUSIA,RUS,2,2,0.8401,16,1763.0,cohesion_baja;
DEU-001398,G086587,TROPICS4U UG (HAFTUNGSBESCHRAENKT),ALEMANIA,DEU,3,2,0.8631,4,1703.54,cohesion_baja;
HND-000336,G016310,Christopher Kafie,HONDURAS,HND,3,3,0.8649,3,1700.0,cohesion_baja;
AUS-000212,G034502,FOUR SEASONS QUALITY B.V AUSTRALIA,AUSTRALIA,AUS,2,2,0.8589,4,1693.5,cohesion_baja;
USA-006117,G030308,ESTEVES  LUIS ALBERTO,ESTADOS UNIDOS,USA,2,2,0.8687,2,1660.0,cohesion_baja;
CRI-000454,G013145,CALIFORNIA TEXTIL CR SOCIEDAD,COSTA RICA,CRI,2,2,0.8587,3,1659.91,cohesion_baja;
BOL-000224,G020903,CORTES ROMERO VICTOR HUGO,BOLIVIA,BOL,2,2,0.8468,2,1650.0,cohesion_baja;
ARM-000024,G082209,SUNTORY FLOWERS Y/O IMPEX FLOWERS/ GAB,ARMENIA,ARM,3,3,0.8401,17,1647.0,cohesion_baja;
PAN-004405,G079230,SIMIM PANANA S.A,PANAMA,PAN,2,2,0.8428,6,1643.5,cohesion_baja;
RUS-000009,G000110,1277 FLORA GOST,RUSIA,RUS,2,2,0.8417,6,1593.5,cohesion_baja;
SUR-000148,G090049,VVS BUDDHAS AND MORE // ROOPCOM NV,SURINAME,SUR,4,4,0.8653,11,1556.5,cohesion_baja;
AUS-000115,G017183,COEUR SPORTS,AUSTRALIA,AUS,2,2,0.8507,4,1546.03,cohesion_baja;
CRI-000481,G014142,CARLOS EDUARDO GUZMAN NIÑO,COSTA RICA,CRI,2,2,0.8541,6,1515.57,cohesion_baja;
USA-006006,G029738,EQUINOCCIAL FLOWERS // DEL REAL WHOLESALE,ESTADOS UNIDOS,USA,2,2,0.8691,4,1509.25,cohesion_baja;
USA-011205,G054678,LIZ MIAS FLOWERS WHOLESALE,ESTADOS UNIDOS,USA,3,3,0.864,4,1498.11,cohesion_baja;
CRI-000553,G016146,CHINCHILLA ZUÑIGA JAVIER,COSTA RICA,CRI,2,2,0.8626,3,1480.0,cohesion_baja;
USA-005915,G029217,ENCLOS CORP-STANDARD PRODUCT,ESTADOS UNIDOS,USA,2,2,0.8533,2,1427.3,cohesion_baja;
KOR-000290,G031736,"FARM DIRECT COMPANY - WORLD FLORA CO.,LTD",COREA DEL SUR,KOR,2,2,0.8651,2,1412.0,cohesion_baja;
USA-011111,G054303,"LIHMIL KERNESVILLE, INC / CEANGLOBAL EXPORT LLC",ESTADOS UNIDOS,USA,2,2,0.8566,15,1407.5,cohesion_baja;
KAZ-000790,G082218,SUNTORY FLOWERS Y/O IMPEX FLOWERS / MEDIO-MIASS.,KAZAJSTAN,KAZ,5,3,0.8594,27,1298.0,cohesion_baja;
CAN-000851,G031661,FANTASY FARMS LLC // FANTASY FARMS LLC CANADA BC,CANADA,CAN,5,5,0.8671,5,1279.4,cohesion_baja;
NLD-000766,G084454,THE FARM DIRECT ¿ EFLOWERS B.V,PAISES BAJOS,NLD,3,3,0.8458,4,1122.4,cohesion_baja;
CAN-000683,G022638,DAVID OPPENHEIMER & ASSOCIATES,CANADA,CAN,2,2,0.8435,7,1024.32,cohesion_baja;
KAZ-000281,G028536,ELITE EXPORTS INC S.A Y/O IP EPIFANOVA,KAZAJSTAN,KAZ,3,2,0.8502,16,1022.75,cohesion_baja;
MEX-003501,G075748,"SAAN TREADING, S.A.C.V",MEXICO,MEX,2,2,0.8682,11,993.27,cohesion_baja;
USA-014239,G067356,PARAMOROSES MIAMI,ESTADOS UNIDOS,USA,3,3,0.8561,11,925.32,cohesion_baja;
USA-018608,G088533,"VCD FLOWERS ENTERPRISES,INC",ESTADOS UNIDOS,USA,5,5,0.8594,7,910.9200000000001,cohesion_baja;
DEU-000452,G029328,ENERGY COMPETENCE CENTRE GmbH,ALEMANIA,DEU,2,2,0.8424,2,892.5,cohesion_baja;
POL-000067,G018723,"COMMERCIAL ZELECTA TRADING GROUP, CORP - Fhu B-flowers Mariu",POLONIA,POL,2,2,0.8622,3,888.99,cohesion_baja;
PHL-000106,G086341,TRI GONZ FLOWER TRADING CORPORATION,FILIPINAS,PHL,3,2,0.8434,12,869.3,cohesion_baja;
USA-014637,G069510,"Police Service Dogs, Inc.",ESTADOS UNIDOS,USA,4,4,0.8416,7,860.0,cohesion_baja;
CHN-001084,G082998,"TAIZHOU HUANGYAN MORED PLASTIC MOULD CO., LTD",CHINA,CHN,2,2,0.8426,4,853.69,cohesion_baja;
CHE-000098,G018655,COMMERCIAL ZELECTA TRADING GROUP CORP - BLUMEN  GALLEI AG,SUIZA,CHE,4,2,0.858,4,830.75,cohesion_baja;
ESP-001230,G032339,FERNANDEZ MARTIN JOSE LUIS,ESPANA,ESP,2,2,0.8575,2,830.0,cohesion_baja;
KGZ-000091,G086517,TROPIC GROUP,KIRGUISTAN,KGZ,2,2,0.848,5,813.33,cohesion_baja;
PAN-002850,G049726,JORGE ENRIQUE BETHANCOURT MENDIETA,PANAMA,PAN,2,2,0.8427,3,750.0,cohesion_baja;
CAN-001622,G059774,MEX Y CAN EDMONTON SAFEWAY EDMONTON,CANADA,CAN,2,2,0.8425,3,732.8,cohesion_baja;
CAN-001554,G057082,MARCHE FLORAL-INTER-PROVICIONAL FLOWER MARKET,CANADA,CAN,4,3,0.8477,15,730.0,cohesion_baja;
RUS-000232,G033335,FLORA TRUCK,RUSIA,RUS,4,3,0.8511,5,723.9000000000001,cohesion_baja;
CAN-000693,G023069,"DECO TONE IMPORTS LLC / ARTITALIA , Inc",CANADA,CAN,4,2,0.8538,6,718.9000000000001,cohesion_baja;
HND-001054,G065990,ORBELINA ROSALES MARADIAGA,HONDURAS,HND,2,2,0.8594,18,711.6,cohesion_baja;
USA-002138,G009789,BELIA ISABEL GUMÁN GÓMEZ,ESTADOS UNIDOS,USA,2,2,0.8601,2,700.0,cohesion_baja;
USA-011753,G057118,MARCO PEÑA HERRERA PRIME / CEAN GLOBAL EXPORT LLC,ESTADOS UNIDOS,USA,2,2,0.8685,2,669.5,cohesion_baja;
HND-000344,G022483,DARE SHOP SOCIEDAD DE RESPONSABILIDAD LIMITADA DE,HONDURAS,HND,3,3,0.8567,15,638.5999999999999,cohesion_baja;
VNM-000066,G064057,NGUYEN TRONG HIEU,VIET NAM,VNM,2,2,0.8636,5,606.6,cohesion_baja;
VNM-000034,G022285,"DANG NGUYEN IMEX CO., LTD",VIET NAM,VNM,2,2,0.8551,2,591.5,cohesion_baja;
USA-010262,G080624,SOUTH FLOWERS LLC Y/O WALNUT RIDGE TRADING CORP,ESTADOS UNIDOS,USA,2,2,0.8444,2,566.1,cohesion_baja;
CAN-001874,G068684,PICKAFLOR,CANADA,CAN,2,2,0.8629,8,524.66,cohesion_baja;
NLD-000174,G008110,AVANGARD LIMITED - CORETA,PAISES BAJOS,NLD,3,3,0.8612,3,474.06,cohesion_baja;
PER-001468,G035453,FUERZA AEREA DEL PERU / SERVICIO DE MATERIAL,PERU,PER,2,2,0.84,2,473.5,cohesion_baja;
PAN-004290,G076422,SANCHEZ  RODRIGUEZ ADRIANA   LUCIA,PANAMA,PAN,3,3,0.8611,18,455.5,cohesion_baja;
USA-017544,G084495,THE FARM DIRECT- LARSEN´S LEAVES,ESTADOS UNIDOS,USA,2,2,0.8587,2,395.9,cohesion_baja;
SAU-000336,G075193,ROSES TEAM FARIQ AL-WOROUD TRD.EST,ARABIA SAUDITA,SAU,2,2,0.8606,11,364.6,cohesion_baja;
USA-011814,G057360,Maria Fernanda Angarita Cardona,ESTADOS UNIDOS,USA,2,2,0.8559,2,350.0,cohesion_baja;
CAN-001133,G041937,HINCAPIE SPORTSWEAR // DAVID,CANADA,CAN,2,2,0.8698,5,322.06,cohesion_baja;
VNM-000023,G018887,COMMERCIAL ZELECTA TRADING GROUP CORP- PRIME FLOWERS - DALAT,VIET NAM,VNM,2,2,0.8572,2,277.5,cohesion_baja;
USA-001618,G007487,ASOCOLFLORES - SAF 2024,ESTADOS UNIDOS,USA,3,3,0.8421,5,224.17,cohesion_baja;
USA-004187,G020120,COROLLA FARMS NATURAL BLOOMS / NB,ESTADOS UNIDOS,USA,2,2,0.8457,8,218.75,cohesion_baja;
ARE-000308,G028205,"ELITE EXPORT INC S.A. Y/O  BLACK TULIP FLOWERS, LLC",EMIRATOS ARABES UNIDOS,ARE,2,2,0.8412,2,218.0,cohesion_baja;
RUS-000688,G082217,SUNTORY FLOWERS Y/O IMPEX FLOWERS / MEDIO ELZA.,RUSIA,RUS,3,3,0.8594,5,209.0,cohesion_baja;
USA-007090,G034498,FOUR SEASONS GROWERS,ESTADOS UNIDOS,USA,2,2,0.8625,4,201.12,cohesion_baja;
USA-008683,G041587,HERNANDO FRANCO QUIMBAYO,ESTADOS UNIDOS,USA,2,2,0.8456,2,125.0,cohesion_baja;
USA-017919,G086024,TRADEWINDS INTLLC,ESTADOS UNIDOS,USA,2,2,0.8671,2,120.0,cohesion_baja;
RUS-000685,G082205,SUNTORY FLOWERS Y/O IMPEX FLOWERS / DV-RZB,RUSIA,RUS,2,2,0.8555,2,93.0,cohesion_baja;
JPN-000204,G040771,"HANSHIN TRADING CO., LTD",JAPON,JPN,4,4,0.8642,7,79.1,cohesion_baja;
USA-009426,G047471,INX International Ink Co,ESTADOS UNIDOS,USA,2,2,0.855,6,12.05,cohesion_baja;
SINNOMBRE-000056,SINNOMBRE-000056,SD& LTD,JAPON,JPN,1,1,1.0,2,0.6,sin_nombre_utilizable;
BLR-000007,G016337,CHTUP TSVET MARKET,BELARUS,BLR,2,2,0.8698,2,0.07,cohesion_baja;
